date,team1,conference1,team2,conference2,conference_match,sets_1,sets_2,final_score,sets_played,team1_set1,team2_set1,set1_winner,match_winner,comeback_win
2019-08-30,Northeastern,CAA,Green Bay,Horizon,Non-Conference,1,3,3-1,4,16,25,Green Bay,Green Bay,FALSE
2019-08-30,South Carolina St.,MEAC,Texas Southern,SWAC,Non-Conference,2,3,3-2,5,25,21,South Carolina St.,Texas Southern,TRUE
2019-08-30,UNLV,Mountain West,Weber St.,Big Sky,Non-Conference,1,3,3-1,4,22,25,Weber St.,Weber St.,FALSE
2019-08-30,SIUE,OVC,UC Riverside,Big West,Non-Conference,0,3,3-0,3,17,25,UC Riverside,UC Riverside,FALSE
2019-08-30,Temple,AAC,Fairfield,MAAC,Non-Conference,3,0,3-0,3,25,20,Temple,Temple,FALSE
2019-08-30,Washington St.,Pac-12,James Madison,CAA,Non-Conference,3,0,3-0,3,25,20,Washington St.,Washington St.,FALSE
2019-08-30,Niagara,MAAC,Stetson,ASUN,Non-Conference,0,3,3-0,3,17,25,Stetson,Stetson,FALSE
2019-08-30,Howard,MEAC,Hartford,America East,Non-Conference,3,0,3-0,3,25,23,Howard,Howard,FALSE
2019-08-30,South Carolina,SEC,Cincinnati,AAC,Non-Conference,1,3,3-1,4,21,25,Cincinnati,Cincinnati,FALSE
2019-08-30,William & Mary,CAA,Quinnipiac,MAAC,Non-Conference,3,2,3-2,5,25,15,William & Mary,William & Mary,FALSE
2019-08-30,Loyola Maryland,Patriot,Furman,SoCon,Non-Conference,3,2,3-2,5,22,25,Furman,Loyola Maryland,TRUE
2019-08-30,Gardner-Webb,Big South,Charlotte,C-USA,Non-Conference,0,3,3-0,3,8,25,Charlotte,Charlotte,FALSE
2019-08-30,Marist,MAAC,Alabama,SEC,Non-Conference,0,3,3-0,3,20,25,Alabama,Alabama,FALSE
2019-08-30,UT Martin,OVC,Marshall,C-USA,Non-Conference,0,3,3-0,3,19,25,Marshall,Marshall,FALSE
2019-08-30,UAB,C-USA,Ball St.,MAC,Non-Conference,0,3,3-0,3,29,31,Ball St.,Ball St.,FALSE
2019-08-30,Milwaukee,Horizon,Arkansas St.,Sun Belt,Non-Conference,3,2,3-2,5,25,15,Milwaukee,Milwaukee,FALSE
2019-08-30,Texas Tech,Big 12,VCU,Atlantic 10,Non-Conference,3,0,3-0,3,25,17,Texas Tech,Texas Tech,FALSE
2019-08-30,Illinois St.,MVC,North Texas,C-USA,Non-Conference,3,1,3-1,4,16,25,North Texas,Illinois St.,TRUE
2019-08-30,Akron,MAC,San Diego St.,Mountain West,Non-Conference,0,3,3-0,3,20,25,San Diego St.,San Diego St.,FALSE
2019-08-30,Oakland,Horizon,Michigan,Big Ten,Non-Conference,0,3,3-0,3,18,25,Michigan,Michigan,FALSE
2019-08-30,Western Mich.,MAC,South Alabama,Sun Belt,Non-Conference,3,0,3-0,3,25,11,Western Mich.,Western Mich.,FALSE
2019-08-30,Central Ark.,Southland,Rider,MAAC,Non-Conference,3,2,3-2,5,15,25,Rider,Central Ark.,TRUE
2019-08-30,Idaho St.,Big Sky,Albany (NY),America East,Non-Conference,3,1,3-1,4,25,22,Idaho St.,Idaho St.,FALSE
2019-08-30,DePaul,Big East,Jacksonville,ASUN,Non-Conference,3,1,3-1,4,25,15,DePaul,DePaul,FALSE
2019-08-30,UT Arlington,Sun Belt,A&M-Corpus Christi,Southland,Non-Conference,3,2,3-2,5,7,25,A&M-Corpus Christi,UT Arlington,TRUE
2019-08-30,UTRGV,WAC,Radford,Big South,Non-Conference,0,3,3-0,3,23,25,Radford,Radford,FALSE
2019-08-30,Lipscomb,ASUN,High Point,Big South,Non-Conference,0,3,3-0,3,21,25,High Point,High Point,FALSE
2019-08-30,UTSA,C-USA,SFA,Southland,Non-Conference,1,3,3-1,4,20,25,SFA,SFA,FALSE
2019-08-30,Virginia Tech,ACC,USC Upstate,Big South,Non-Conference,3,1,3-1,4,25,11,Virginia Tech,Virginia Tech,FALSE
2019-08-30,Troy,Sun Belt,Southeastern La.,Southland,Non-Conference,3,0,3-0,3,25,14,Troy,Troy,FALSE
2019-08-30,New Mexico St.,WAC,Butler,Big East,Non-Conference,3,0,3-0,3,25,14,New Mexico St.,New Mexico St.,FALSE
2019-08-30,Texas Southern,SWAC,Florida A&M,MEAC,Non-Conference,0,3,3-0,3,16,25,Florida A&M,Florida A&M,FALSE
2019-08-30,Manhattan,MAAC,Robert Morris,NEC,Non-Conference,0,3,3-0,3,15,25,Robert Morris,Robert Morris,FALSE
2019-08-30,North Dakota,Summit League,New Orleans,Southland,Non-Conference,1,3,3-1,4,25,27,New Orleans,New Orleans,FALSE
2019-08-30,Navy,Patriot,Air Force,Mountain West,Non-Conference,3,0,3-0,3,25,21,Navy,Navy,FALSE
2019-08-30,Utah Valley,WAC,Marquette,Big East,Non-Conference,0,3,3-0,3,14,25,Marquette,Marquette,FALSE
2019-08-30,Little Rock,Sun Belt,Montana St.,Big Sky,Non-Conference,0,3,3-0,3,11,25,Montana St.,Montana St.,FALSE
2019-08-30,Tulane,AAC,UTEP,C-USA,Non-Conference,3,0,3-0,3,25,11,Tulane,Tulane,FALSE
2019-08-30,American,Patriot,George Washington,Atlantic 10,Non-Conference,3,1,3-1,4,25,23,American,American,FALSE
2019-08-30,Nicholls St.,Southland,Mercer,SoCon,Non-Conference,3,1,3-1,4,17,25,Mercer,Nicholls St.,TRUE
2019-08-30,Lehigh,Patriot,Ohio St.,Big Ten,Non-Conference,0,3,3-0,3,17,25,Ohio St.,Ohio St.,FALSE
2019-08-30,Kent St.,MAC,Eastern Ky.,OVC,Non-Conference,3,0,3-0,3,25,23,Kent St.,Kent St.,FALSE
2019-08-30,Tulsa,AAC,Pepperdine,WCC,Non-Conference,3,2,3-2,5,26,24,Tulsa,Tulsa,FALSE
2019-08-30,FIU,C-USA,Indiana,Big Ten,Non-Conference,1,3,3-1,4,26,24,FIU,Indiana,TRUE
2019-08-30,North Florida,ASUN,Charleston So.,Big South,Non-Conference,3,0,3-0,3,25,18,North Florida,North Florida,FALSE
2019-08-30,Rutgers,Big Ten,New Mexico,Mountain West,Non-Conference,0,3,3-0,3,17,25,New Mexico,New Mexico,FALSE
2019-08-30,UConn,AAC,Gonzaga,WCC,Non-Conference,0,3,3-0,3,16,25,Gonzaga,Gonzaga,FALSE
2019-08-30,UMES,MEAC,Central Mich.,MAC,Non-Conference,1,3,3-1,4,15,25,Central Mich.,Central Mich.,FALSE
2019-08-30,Cleveland St.,Horizon,Pittsburgh,ACC,Non-Conference,0,3,3-0,3,14,25,Pittsburgh,Pittsburgh,FALSE
2019-08-30,Stony Brook,America East,Iowa,Big Ten,Non-Conference,1,3,3-1,4,14,25,Iowa,Iowa,FALSE
2019-08-30,Austin Peay,OVC,NC State,ACC,Non-Conference,0,3,3-0,3,14,25,NC State,NC State,FALSE
2019-08-30,Chattanooga,SoCon,Mississippi St.,SEC,Non-Conference,1,3,3-1,4,18,25,Mississippi St.,Mississippi St.,FALSE
2019-08-30,Tennessee Tech,OVC,Northern Ariz.,Big Sky,Non-Conference,0,3,3-0,3,21,25,Northern Ariz.,Northern Ariz.,FALSE
2019-08-30,Grambling,SWAC,Fla. Atlantic,C-USA,Non-Conference,0,3,3-0,3,6,25,Fla. Atlantic,Fla. Atlantic,FALSE
2019-08-30,Lafayette,Patriot,UMBC,America East,Non-Conference,1,3,3-1,4,18,25,UMBC,UMBC,FALSE
2019-08-30,CSUN,Big West,Portland,WCC,Non-Conference,1,3,3-1,4,25,21,CSUN,Portland,TRUE
2019-08-30,Montana,Big Sky,UC Davis,Big West,Non-Conference,0,3,3-0,3,13,25,UC Davis,UC Davis,FALSE
2019-08-30,Campbell,Big South,Ga. Southern,Sun Belt,Non-Conference,0,3,3-0,3,11,25,Ga. Southern,Ga. Southern,FALSE
2019-08-30,Drake,MVC,Memphis,AAC,Non-Conference,1,3,3-1,4,25,18,Drake,Memphis,TRUE
2019-08-30,Fairleigh Dickinson,NEC,Northern Ill.,MAC,Non-Conference,1,3,3-1,4,21,25,Northern Ill.,Northern Ill.,FALSE
2019-08-30,Seton Hall,Big East,Morgan St.,MEAC,Non-Conference,2,3,3-2,5,18,25,Morgan St.,Morgan St.,FALSE
2019-08-30,Appalachian St.,Sun Belt,Arizona,Pac-12,Non-Conference,0,3,3-0,3,12,25,Arizona,Arizona,FALSE
2019-08-30,Northwestern St.,Southland,Arkansas,SEC,Non-Conference,0,3,3-0,3,18,25,Arkansas,Arkansas,FALSE
2019-08-30,CSU Bakersfield,WAC,Nevada,Mountain West,Non-Conference,1,3,3-1,4,25,21,CSU Bakersfield,Nevada,TRUE
2019-08-30,Morehead St.,OVC,Winthrop,Big South,Non-Conference,2,3,3-2,5,25,16,Morehead St.,Winthrop,TRUE
2019-08-30,Chicago St.,WAC,Colorado St.,Mountain West,Non-Conference,0,3,3-0,3,7,25,Colorado St.,Colorado St.,FALSE
2019-08-30,Liberty,ASUN,Texas St.,Sun Belt,Non-Conference,1,3,3-1,4,13,25,Texas St.,Texas St.,FALSE
2019-08-30,Tennessee St.,OVC,Auburn,SEC,Non-Conference,3,2,3-2,5,25,21,Tennessee St.,Tennessee St.,FALSE
2019-08-30,Kentucky,SEC,Cal Poly,Big West,Non-Conference,3,0,3-0,3,25,21,Kentucky,Kentucky,FALSE
2019-08-30,ETSU,SoCon,Jacksonville St.,OVC,Non-Conference,3,1,3-1,4,25,23,ETSU,ETSU,FALSE
2019-08-30,Arizona St.,Pac-12,Houston,AAC,Non-Conference,3,1,3-1,4,25,23,Arizona St.,Arizona St.,FALSE
2019-08-30,Abilene Christian,Southland,Omaha,Summit League,Non-Conference,0,3,3-0,3,23,25,Omaha,Omaha,FALSE
2019-08-30,Bradley,MVC,SMU,AAC,Non-Conference,0,3,3-0,3,23,25,SMU,SMU,FALSE
2019-08-30,Bethune-Cookman,MEAC,Houston Baptist,Southland,Non-Conference,0,3,3-0,3,16,25,Houston Baptist,Houston Baptist,FALSE
2019-08-30,South Fla.,AAC,UAB,C-USA,Non-Conference,3,1,3-1,4,21,25,UAB,South Fla.,TRUE
2019-08-30,Saint Mary's (CA),WCC,Utah,Pac-12,Non-Conference,0,3,3-0,3,20,25,Utah,Utah,FALSE
2019-08-30,Oregon St.,Pac-12,UC Irvine,Big West,Non-Conference,3,0,3-0,3,25,12,Oregon St.,Oregon St.,FALSE
2019-08-30,Boise St.,Mountain West,BYU,WCC,Non-Conference,0,3,3-0,3,13,25,BYU,BYU,FALSE
2019-08-30,Eastern Mich.,MAC,Utah St.,Mountain West,Non-Conference,3,2,3-2,5,13,25,Utah St.,Eastern Mich.,TRUE
2019-08-30,South Carolina St.,MEAC,Alabama St.,SWAC,Non-Conference,0,3,3-0,3,16,25,Alabama St.,Alabama St.,FALSE
2019-08-30,Ark.-Pine Bluff,SWAC,La.-Monroe,Sun Belt,Non-Conference,0,3,3-0,3,21,25,La.-Monroe,La.-Monroe,FALSE
2019-08-30,Southern Utah,Big Sky,Xavier,Big East,Non-Conference,3,0,3-0,3,28,26,Southern Utah,Southern Utah,FALSE
2019-08-30,Saint Francis (PA),NEC,Youngstown St.,Horizon,Non-Conference,0,3,3-0,3,17,25,Youngstown St.,Youngstown St.,FALSE
2019-08-30,UIW,Southland,Louisiana,Sun Belt,Non-Conference,3,0,3-0,3,25,23,UIW,UIW,FALSE
2019-08-30,Western Ky.,C-USA,Loyola Chicago,MVC,Non-Conference,3,2,3-2,5,25,23,Western Ky.,Western Ky.,FALSE
2019-08-30,Southern Ill.,MVC,Portland St.,Big Sky,Non-Conference,0,3,3-0,3,19,25,Portland St.,Portland St.,FALSE
2019-08-30,FIU,C-USA,Santa Clara,WCC,Non-Conference,0,3,3-0,3,14,25,Santa Clara,Santa Clara,FALSE
2019-08-30,California,Pac-12,Oklahoma,Big 12,Non-Conference,3,0,3-0,3,25,12,California,California,FALSE
2019-08-30,Rider,MAAC,Georgetown,Big East,Non-Conference,0,3,3-0,3,17,25,Georgetown,Georgetown,FALSE
2019-08-30,Wofford,SoCon,Kennesaw St.,ASUN,Non-Conference,0,3,3-0,3,21,25,Kennesaw St.,Kennesaw St.,FALSE
2019-08-30,McNeese,Southland,Elon,CAA,Non-Conference,3,2,3-2,5,25,13,McNeese,McNeese,FALSE
2019-08-30,Canisius,MAAC,Sacramento St.,Big Sky,Non-Conference,0,3,3-0,3,11,25,Sacramento St.,Sacramento St.,FALSE
2019-08-30,NJIT,ASUN,St. Francis Brooklyn,NEC,Non-Conference,1,3,3-1,4,26,28,St. Francis Brooklyn,St. Francis Brooklyn,FALSE
2019-08-30,Loyola Maryland,Patriot,Coastal Carolina,Sun Belt,Non-Conference,0,3,3-0,3,30,32,Coastal Carolina,Coastal Carolina,FALSE
2019-08-30,Wisconsin,Big Ten,Florida St.,ACC,Non-Conference,3,0,3-0,3,25,15,Wisconsin,Wisconsin,FALSE
2019-08-30,Eastern Wash.,Big Sky,Cal St. Fullerton,Big West,Non-Conference,0,3,3-0,3,14,25,Cal St. Fullerton,Cal St. Fullerton,FALSE
2019-08-30,Western Ill.,Summit League,Mississippi Val.,SWAC,Non-Conference,3,0,3-0,3,25,14,Western Ill.,Western Ill.,FALSE
2019-08-30,San Jose St.,Mountain West,Pacific,WCC,Non-Conference,1,3,3-1,4,24,26,Pacific,Pacific,FALSE
2019-08-30,Temple,AAC,Lafayette,Patriot,Non-Conference,3,0,3-0,3,25,16,Temple,Temple,FALSE
2019-08-30,Quinnipiac,MAAC,Towson,CAA,Non-Conference,0,3,3-0,3,20,25,Towson,Towson,FALSE
2019-08-30,UNC Asheville,Big South,Southern U.,SWAC,Non-Conference,3,0,3-0,3,25,23,UNC Asheville,UNC Asheville,FALSE
2019-08-30,UC Riverside,Big West,Fairleigh Dickinson,NEC,Non-Conference,3,1,3-1,4,25,13,UC Riverside,UC Riverside,FALSE
2019-08-30,South Dakota St.,Summit League,Memphis,AAC,Non-Conference,1,3,3-1,4,17,25,Memphis,Memphis,FALSE
2019-08-30,Iowa St.,Big 12,UCF,AAC,Non-Conference,2,3,3-2,5,15,25,UCF,UCF,FALSE
2019-08-30,N.C. A&T,MEAC,Morehead St.,OVC,Non-Conference,0,3,3-0,3,17,25,Morehead St.,Morehead St.,FALSE
2019-08-30,Ohio,MAC,Fresno St.,Mountain West,Non-Conference,1,3,3-1,4,15,25,Fresno St.,Fresno St.,FALSE
2019-08-30,Gardner-Webb,Big South,Eastern Ky.,OVC,Non-Conference,1,3,3-1,4,25,23,Gardner-Webb,Eastern Ky.,TRUE
2019-08-30,Wright St.,Horizon,Bowling Green,MAC,Non-Conference,1,3,3-1,4,16,25,Bowling Green,Bowling Green,FALSE
2019-08-30,Lamar University,Southland,Fordham,Atlantic 10,Non-Conference,2,3,3-2,5,32,30,Lamar University,Fordham,TRUE
2019-08-30,The Citadel,SoCon,Bucknell,Patriot,Non-Conference,1,3,3-1,4,16,25,Bucknell,Bucknell,FALSE
2019-08-30,Murray St.,OVC,Valparaiso,MVC,Non-Conference,1,3,3-1,4,20,25,Valparaiso,Valparaiso,FALSE
2019-08-30,Coppin St.,MEAC,Binghamton,America East,Non-Conference,3,0,3-0,3,25,23,Coppin St.,Coppin St.,FALSE
2019-08-30,Oral Roberts,Summit League,Louisiana Tech,C-USA,Non-Conference,2,3,3-2,5,26,24,Oral Roberts,Louisiana Tech,TRUE
2019-08-30,Michigan St.,Big Ten,Duke,ACC,Non-Conference,3,1,3-1,4,25,20,Michigan St.,Michigan St.,FALSE
2019-08-30,Northern Ky.,Horizon,South Alabama,Sun Belt,Non-Conference,3,1,3-1,4,25,19,Northern Ky.,Northern Ky.,FALSE
2019-08-30,Duquesne,Atlantic 10,Charleston So.,Big South,Non-Conference,3,1,3-1,4,25,17,Duquesne,Duquesne,FALSE
2019-08-30,Grambling,SWAC,Niagara,MAAC,Non-Conference,0,3,3-0,3,19,25,Niagara,Niagara,FALSE
2019-08-30,Campbell,Big South,Nicholls St.,Southland,Non-Conference,2,3,3-2,5,25,22,Campbell,Nicholls St.,TRUE
2019-08-30,Texas A&M,SEC,Dayton,Atlantic 10,Non-Conference,3,2,3-2,5,25,23,Texas A&M,Texas A&M,FALSE
2019-08-30,Jackson St.,SWAC,Delaware St.,MEAC,Non-Conference,3,1,3-1,4,20,25,Delaware St.,Jackson St.,TRUE
2019-08-30,UC Santa Barbara,Big West,LIU,NEC,Non-Conference,3,0,3-0,3,25,17,UC Santa Barbara,UC Santa Barbara,FALSE
2019-08-30,Northwestern,Big Ten,USC Upstate,Big South,Non-Conference,3,0,3-0,3,25,12,Northwestern,Northwestern,FALSE
2019-08-30,Presbyterian,Big South,Wake Forest,ACC,Non-Conference,0,3,3-0,3,15,25,Wake Forest,Wake Forest,FALSE
2019-08-30,American,Patriot,Howard,MEAC,Non-Conference,3,1,3-1,4,25,16,American,American,FALSE
2019-08-30,Tennessee Tech,OVC,Oakland,Horizon,Non-Conference,0,3,3-0,3,21,25,Oakland,Oakland,FALSE
2019-08-30,Central Conn. St.,NEC,Central Ark.,Southland,Non-Conference,2,3,3-2,5,25,21,Central Conn. St.,Central Ark.,TRUE
2019-08-30,UIW,Southland,Tulane,AAC,Non-Conference,0,3,3-0,3,21,25,Tulane,Tulane,FALSE
2019-08-30,Villanova,Big East,Lipscomb,ASUN,Non-Conference,3,0,3-0,3,25,22,Villanova,Villanova,FALSE
2019-08-30,Indiana St.,MVC,Northeastern,CAA,Non-Conference,1,3,3-1,4,21,25,Northeastern,Northeastern,FALSE
2019-08-30,Holy Cross,Patriot,Wichita St.,AAC,Non-Conference,0,3,3-0,3,19,25,Wichita St.,Wichita St.,FALSE
2019-08-30,Southern Miss.,C-USA,Seattle U,WAC,Non-Conference,1,3,3-1,4,20,25,Seattle U,Seattle U,FALSE
2019-08-30,Tulsa,AAC,Illinois St.,MVC,Non-Conference,1,3,3-1,4,25,19,Tulsa,Illinois St.,TRUE
2019-08-30,Southeastern La.,Southland,ETSU,SoCon,Non-Conference,0,3,3-0,3,23,25,ETSU,ETSU,FALSE
2019-08-30,Santa Clara,WCC,UT Martin,OVC,Non-Conference,3,2,3-2,5,23,25,UT Martin,Santa Clara,TRUE
2019-08-30,UMES,MEAC,Saint Peter's,MAAC,Non-Conference,3,0,3-0,3,25,8,UMES,UMES,FALSE
2019-08-30,UTRGV,WAC,Bethune-Cookman,MEAC,Non-Conference,3,1,3-1,4,25,12,UTRGV,UTRGV,FALSE
2019-08-30,UCLA,Pac-12,Baylor,Big 12,Non-Conference,0,3,3-0,3,20,25,Baylor,Baylor,FALSE
2019-08-30,VCU,Atlantic 10,Lehigh,Patriot,Non-Conference,3,0,3-0,3,25,19,VCU,VCU,FALSE
2019-08-30,UT Arlington,Sun Belt,LSU,SEC,Non-Conference,0,3,3-0,3,19,25,LSU,LSU,FALSE
2019-08-30,Albany (NY),America East,Abilene Christian,Southland,Non-Conference,3,1,3-1,4,23,25,Abilene Christian,Albany (NY),TRUE
2019-08-30,DePaul,Big East,Southeast Mo. St.,OVC,Non-Conference,3,2,3-2,5,24,26,Southeast Mo. St.,DePaul,TRUE
2019-08-30,Tennessee St.,OVC,Butler,Big East,Non-Conference,0,3,3-0,3,22,25,Butler,Butler,FALSE
2019-08-30,Alabama,SEC,Buffalo,MAC,Non-Conference,3,0,3-0,3,25,20,Alabama,Alabama,FALSE
2019-08-30,Ark.-Pine Bluff,SWAC,North Dakota,Summit League,Non-Conference,1,3,3-1,4,25,23,Ark.-Pine Bluff,North Dakota,TRUE
2019-08-30,SFA,Southland,Bradley,MVC,Non-Conference,3,0,3-0,3,25,17,SFA,SFA,FALSE
2019-08-30,Chattanooga,SoCon,Western Ill.,Summit League,Non-Conference,3,0,3-0,3,25,20,Chattanooga,Chattanooga,FALSE
2019-08-30,Norfolk St.,MEAC,Hampton,Big South,Non-Conference,0,3,3-0,3,23,25,Hampton,Hampton,FALSE
2019-08-30,Kent St.,MAC,Charlotte,C-USA,Non-Conference,1,3,3-1,4,24,26,Charlotte,Charlotte,FALSE
2019-08-30,N.C. Central,MEAC,UNC Greensboro,SoCon,Non-Conference,1,3,3-1,4,17,25,UNC Greensboro,UNC Greensboro,FALSE
2019-08-30,Georgia,SEC,Clemson,ACC,Non-Conference,0,3,3-0,3,21,25,Clemson,Clemson,FALSE
2019-08-30,Samford,SoCon,Appalachian St.,Sun Belt,Non-Conference,2,3,3-2,5,22,25,Appalachian St.,Appalachian St.,FALSE
2019-08-30,Minnesota,Big Ten,North Carolina,ACC,Non-Conference,3,0,3-0,3,25,16,Minnesota,Minnesota,FALSE
2019-08-30,Furman,SoCon,Virginia,ACC,Non-Conference,1,3,3-1,4,13,25,Virginia,Virginia,FALSE
2019-08-30,New Mexico,Mountain West,Grand Canyon,WAC,Non-Conference,2,3,3-2,5,25,20,New Mexico,Grand Canyon,TRUE
2019-08-30,UConn,AAC,Air Force,Mountain West,Non-Conference,3,1,3-1,4,18,25,Air Force,UConn,TRUE
2019-08-30,South Dakota,Summit League,IUPUI,Horizon,Non-Conference,3,1,3-1,4,20,25,IUPUI,South Dakota,TRUE
2019-08-30,San Diego St.,Mountain West,Bryant,NEC,Non-Conference,3,0,3-0,3,25,22,San Diego St.,San Diego St.,FALSE
2019-08-30,South Dakota St.,Summit League,Eastern Ill.,OVC,Non-Conference,3,1,3-1,4,18,25,Eastern Ill.,South Dakota St.,TRUE
2019-08-30,Sacred Heart,NEC,Georgetown,Big East,Non-Conference,2,3,3-2,5,25,23,Sacred Heart,Georgetown,TRUE
2019-08-30,Hofstra,CAA,Penn St.,Big Ten,Non-Conference,0,3,3-0,3,13,25,Penn St.,Penn St.,FALSE
2019-08-30,Navy,Patriot,Gonzaga,WCC,Non-Conference,1,3,3-1,4,20,25,Gonzaga,Gonzaga,FALSE
2019-08-30,Akron,MAC,FGCU,ASUN,Non-Conference,1,3,3-1,4,18,25,FGCU,FGCU,FALSE
2019-08-30,Long Beach St.,Big West,Georgia Tech,ACC,Non-Conference,1,3,3-1,4,23,25,Georgia Tech,Georgia Tech,FALSE
2019-08-30,Cincinnati,AAC,Pittsburgh,ACC,Non-Conference,0,3,3-0,3,18,25,Pittsburgh,Pittsburgh,FALSE
2019-08-30,Florida,SEC,Louisville,ACC,Non-Conference,3,0,3-0,3,25,17,Florida,Florida,FALSE
2019-08-30,Missouri,SEC,Miami (FL),ACC,Non-Conference,3,1,3-1,4,13,25,Miami (FL),Missouri,TRUE
2019-08-30,Virginia Tech,ACC,Miami (OH),MAC,Non-Conference,1,3,3-1,4,21,25,Miami (OH),Miami (OH),FALSE
2019-08-30,Western Caro.,SoCon,Georgia St.,Sun Belt,Non-Conference,3,1,3-1,4,27,25,Western Caro.,Western Caro.,FALSE
2019-08-30,Stetson,ASUN,Fla. Atlantic,C-USA,Non-Conference,1,3,3-1,4,25,20,Stetson,Fla. Atlantic,TRUE
2019-08-30,Cal Poly,Big West,Saint Mary's (CA),WCC,Non-Conference,0,3,3-0,3,13,25,Saint Mary's (CA),Saint Mary's (CA),FALSE
2019-08-30,South Fla.,AAC,Ball St.,MAC,Non-Conference,3,2,3-2,5,25,19,South Fla.,South Fla.,FALSE
2019-08-30,Milwaukee,Horizon,Belmont,OVC,Non-Conference,3,0,3-0,3,25,19,Milwaukee,Milwaukee,FALSE
2019-08-30,Western Mich.,MAC,Purdue Fort Wayne,Summit League,Non-Conference,3,2,3-2,5,25,19,Western Mich.,Western Mich.,FALSE
2019-08-30,Davidson,Atlantic 10,Winthrop,Big South,Non-Conference,2,3,3-2,5,18,25,Winthrop,Winthrop,FALSE
2019-08-30,Rutgers,Big Ten,Northern Colo.,Big Sky,Non-Conference,1,3,3-1,4,19,25,Northern Colo.,Northern Colo.,FALSE
2019-08-30,Ga. Southern,Sun Belt,Mercer,SoCon,Non-Conference,0,3,3-0,3,21,25,Mercer,Mercer,FALSE
2019-08-30,Elon,CAA,Robert Morris,NEC,Non-Conference,2,3,3-2,5,17,25,Robert Morris,Robert Morris,FALSE
2019-08-30,Bucknell,Patriot,Youngstown St.,Horizon,Non-Conference,1,3,3-1,4,21,25,Youngstown St.,Youngstown St.,FALSE
2019-08-30,William & Mary,CAA,Morgan St.,MEAC,Non-Conference,2,3,3-2,5,22,25,Morgan St.,Morgan St.,FALSE
2019-08-30,West Virginia,Big 12,Delaware,CAA,Non-Conference,3,1,3-1,4,25,23,West Virginia,West Virginia,FALSE
2019-08-30,Fairfield,MAAC,UMBC,America East,Non-Conference,3,2,3-2,5,22,25,UMBC,Fairfield,TRUE
2019-08-30,Kansas St.,Big 12,NC State,ACC,Non-Conference,1,3,3-1,4,25,23,Kansas St.,NC State,TRUE
2019-08-30,Montana St.,Big Sky,Northwestern St.,Southland,Non-Conference,2,3,3-2,5,22,25,Northwestern St.,Northwestern St.,FALSE
2019-08-30,Hartford,America East,George Washington,Atlantic 10,Non-Conference,0,3,3-0,3,17,25,George Washington,George Washington,FALSE
2019-08-30,Middle Tenn.,C-USA,Saint Louis,Atlantic 10,Non-Conference,1,3,3-1,4,22,25,Saint Louis,Saint Louis,FALSE
2019-08-30,Rice,C-USA,Ole Miss,SEC,Non-Conference,3,0,3-0,3,25,21,Rice,Rice,FALSE
2019-08-30,Stony Brook,America East,James Madison,CAA,Non-Conference,0,3,3-0,3,23,25,James Madison,James Madison,FALSE
2019-08-30,La Salle,Atlantic 10,Notre Dame,ACC,Non-Conference,1,3,3-1,4,19,25,Notre Dame,Notre Dame,FALSE
2019-08-30,North Florida,ASUN,UNCW,CAA,Non-Conference,1,3,3-1,4,16,25,UNCW,UNCW,FALSE
2019-08-30,Stanford,Pac-12,Col. of Charleston,CAA,Non-Conference,3,0,3-0,3,25,9,Stanford,Stanford,FALSE
2019-08-30,Marquette,Big East,Boise St.,Mountain West,Non-Conference,3,0,3-0,3,25,22,Marquette,Marquette,FALSE
2019-08-30,UTEP,C-USA,Louisiana,Sun Belt,Non-Conference,3,0,3-0,3,25,20,UTEP,UTEP,FALSE
2019-08-30,Pepperdine,WCC,North Texas,C-USA,Non-Conference,2,3,3-2,5,20,25,North Texas,North Texas,FALSE
2019-08-30,Northern Ariz.,Big Sky,Michigan,Big Ten,Non-Conference,2,3,3-2,5,18,25,Michigan,Michigan,FALSE
2019-08-30,Radford,Big South,Houston Baptist,Southland,Non-Conference,1,3,3-1,4,25,22,Radford,Houston Baptist,TRUE
2019-08-30,UIC,Horizon,Cal St. Fullerton,Big West,Non-Conference,3,2,3-2,5,27,29,Cal St. Fullerton,UIC,TRUE
2019-08-30,Prairie View,SWAC,Sam Houston St.,Southland,Non-Conference,2,3,3-2,5,11,25,Sam Houston St.,Sam Houston St.,FALSE
2019-08-30,Kansas,Big 12,Kansas City,WAC,Non-Conference,3,2,3-2,5,13,25,Kansas City,Kansas,TRUE
2019-08-30,SIUE,OVC,Northern Ill.,MAC,Non-Conference,3,1,3-1,4,26,24,SIUE,SIUE,FALSE
2019-08-30,San Francisco,WCC,Denver,Summit League,Non-Conference,1,3,3-1,4,14,25,Denver,Denver,FALSE
2019-08-30,Troy,Sun Belt,Jacksonville St.,OVC,Non-Conference,3,1,3-1,4,23,25,Jacksonville St.,Troy,TRUE
2019-08-30,Texas Tech,Big 12,Ohio St.,Big Ten,Non-Conference,3,2,3-2,5,21,25,Ohio St.,Texas Tech,TRUE
2019-08-30,La.-Monroe,Sun Belt,New Orleans,Southland,Non-Conference,3,1,3-1,4,25,19,La.-Monroe,La.-Monroe,FALSE
2019-08-30,Canisius,MAAC,Nevada,Mountain West,Non-Conference,3,2,3-2,5,23,25,Nevada,Canisius,TRUE
2019-08-30,South Carolina St.,MEAC,Alabama A&M,SWAC,Non-Conference,0,3,3-0,3,12,25,Alabama A&M,Alabama A&M,FALSE
2019-08-30,A&M-Corpus Christi,Southland,Houston,AAC,Non-Conference,3,0,3-0,3,27,25,A&M-Corpus Christi,A&M-Corpus Christi,FALSE
2019-08-30,Wyoming,Mountain West,Colorado,Pac-12,Non-Conference,0,3,3-0,3,18,25,Colorado,Colorado,FALSE
2019-08-30,UNI,MVC,Texas,Big 12,Non-Conference,1,3,3-1,4,19,25,Texas,Texas,FALSE
2019-08-30,High Point,Big South,TCU,Big 12,Non-Conference,0,3,3-0,3,22,25,TCU,TCU,FALSE
2019-08-30,Illinois,Big Ten,Tennessee,SEC,Non-Conference,3,2,3-2,5,24,26,Tennessee,Illinois,TRUE
2019-08-30,Jacksonville,ASUN,Missouri St.,MVC,Non-Conference,1,3,3-1,4,24,26,Missouri St.,Missouri St.,FALSE
2019-08-30,Southern California,Pac-12,Texas St.,Sun Belt,Non-Conference,3,1,3-1,4,26,28,Texas St.,Southern California,TRUE
2019-08-30,Marshall,C-USA,Indiana,Big Ten,Non-Conference,1,3,3-1,4,13,25,Indiana,Indiana,FALSE
2019-08-30,Mississippi Val.,SWAC,Mississippi St.,SEC,Non-Conference,0,3,3-0,3,9,25,Mississippi St.,Mississippi St.,FALSE
2019-08-30,Ohio,MAC,Green Bay,Horizon,Non-Conference,1,3,3-1,4,18,25,Green Bay,Green Bay,FALSE
2019-08-30,Oregon St.,Pac-12,Boston College,ACC,Non-Conference,3,0,3-0,3,25,14,Oregon St.,Oregon St.,FALSE
2019-08-30,Florida A&M,MEAC,Alabama St.,SWAC,Non-Conference,1,3,3-1,4,17,25,Alabama St.,Alabama St.,FALSE
2019-08-30,Creighton,Big East,Nebraska,Big Ten,Non-Conference,1,3,3-1,4,19,25,Nebraska,Nebraska,FALSE
2019-08-30,Idaho St.,Big Sky,Omaha,Summit League,Non-Conference,0,3,3-0,3,16,25,Omaha,Omaha,FALSE
2019-08-30,Pacific,WCC,Montana,Big Sky,Non-Conference,3,0,3-0,3,25,8,Pacific,Pacific,FALSE
2019-08-30,North Dakota St.,Summit League,Toledo,MAC,Non-Conference,3,0,3-0,3,25,16,North Dakota St.,North Dakota St.,FALSE
2019-08-30,Little Rock,Sun Belt,Arkansas,SEC,Non-Conference,0,3,3-0,3,20,25,Arkansas,Arkansas,FALSE
2019-08-30,New Mexico St.,WAC,Auburn,SEC,Non-Conference,3,0,3-0,3,25,16,New Mexico St.,New Mexico St.,FALSE
2019-08-30,UTSA,C-USA,SMU,AAC,Non-Conference,0,3,3-0,3,13,25,SMU,SMU,FALSE
2019-08-30,Eastern Mich.,MAC,Southern Utah,Big Sky,Non-Conference,0,3,3-0,3,18,25,Southern Utah,Southern Utah,FALSE
2019-08-30,UNLV,Mountain West,CSUN,Big West,Non-Conference,3,2,3-2,5,25,20,UNLV,UNLV,FALSE
2019-08-30,Xavier,Big East,Utah St.,Mountain West,Non-Conference,3,1,3-1,4,25,21,Xavier,Xavier,FALSE
2019-08-30,Portland,WCC,Weber St.,Big Sky,Non-Conference,3,1,3-1,4,17,25,Weber St.,Portland,TRUE
2019-08-30,Utah Valley,WAC,BYU,WCC,Non-Conference,0,3,3-0,3,21,25,BYU,BYU,FALSE
2019-08-30,Kentucky,SEC,Utah,Pac-12,Non-Conference,0,3,3-0,3,19,25,Utah,Utah,FALSE
2019-08-30,UC Irvine,Big West,Oregon,Pac-12,Non-Conference,0,3,3-0,3,13,25,Oregon,Oregon,FALSE
2019-08-30,LMU (CA),WCC,Arizona,Pac-12,Non-Conference,0,3,3-0,3,18,25,Arizona,Arizona,FALSE
2019-08-30,CSU Bakersfield,WAC,Sacramento St.,Big Sky,Non-Conference,2,3,3-2,5,19,25,Sacramento St.,Sacramento St.,FALSE
2019-08-30,San Jose St.,Mountain West,UC Davis,Big West,Non-Conference,0,3,3-0,3,18,25,UC Davis,UC Davis,FALSE
2019-08-30,Washington,Pac-12,St. John's (NY),Big East,Non-Conference,3,0,3-0,3,25,22,Washington,Washington,FALSE
2019-08-31,San Diego,WCC,Hawaii,Big West,Non-Conference,2,3,3-2,5,19,25,Hawaii,Hawaii,FALSE
2019-08-31,Ohio,MAC,Northeastern,CAA,Non-Conference,3,0,3-0,3,25,18,Ohio,Ohio,FALSE
2019-08-31,Delaware St.,MEAC,Texas Southern,SWAC,Non-Conference,3,1,3-1,4,25,18,Delaware St.,Delaware St.,FALSE
2019-08-31,Central Mich.,MAC,Saint Peter's,MAAC,Non-Conference,3,0,3-0,3,25,14,Central Mich.,Central Mich.,FALSE
2019-08-31,Valparaiso,MVC,South Dakota,Summit League,Non-Conference,1,3,3-1,4,20,25,South Dakota,South Dakota,FALSE
2019-08-31,Loyola Maryland,Patriot,Virginia,ACC,Non-Conference,0,3,3-0,3,17,25,Virginia,Virginia,FALSE
2019-08-31,Gardner-Webb,Big South,Kent St.,MAC,Non-Conference,0,3,3-0,3,11,25,Kent St.,Kent St.,FALSE
2019-08-31,Holy Cross,Patriot,Penn St.,Big Ten,Non-Conference,0,3,3-0,3,5,25,Penn St.,Penn St.,FALSE
2019-08-31,Seton Hall,Big East,Quinnipiac,MAAC,Non-Conference,0,3,3-0,3,19,25,Quinnipiac,Quinnipiac,FALSE
2019-08-31,Grand Canyon,WAC,Rutgers,Big Ten,Non-Conference,3,2,3-2,5,25,19,Grand Canyon,Grand Canyon,FALSE
2019-08-31,Western Caro.,SoCon,Fordham,Atlantic 10,Non-Conference,1,3,3-1,4,21,25,Fordham,Fordham,FALSE
2019-08-31,Wofford,SoCon,Clemson,ACC,Non-Conference,0,3,3-0,3,12,25,Clemson,Clemson,FALSE
2019-08-31,Colgate,Patriot,Alabama,SEC,Non-Conference,2,3,3-2,5,21,25,Alabama,Alabama,FALSE
2019-08-31,UNC Asheville,Big South,Long Beach St.,Big West,Non-Conference,2,3,3-2,5,25,22,UNC Asheville,Long Beach St.,TRUE
2019-08-31,Bowling Green,MAC,La Salle,Atlantic 10,Non-Conference,2,3,3-2,5,25,27,La Salle,La Salle,FALSE
2019-08-31,UConn,AAC,Navy,Patriot,Non-Conference,0,3,3-0,3,21,25,Navy,Navy,FALSE
2019-08-31,Saint Francis (PA),NEC,The Citadel,SoCon,Non-Conference,1,3,3-1,4,19,25,The Citadel,The Citadel,FALSE
2019-08-31,Cleveland St.,Horizon,South Carolina,SEC,Non-Conference,2,3,3-2,5,19,25,South Carolina,South Carolina,FALSE
2019-08-31,UT Martin,OVC,Indiana,Big Ten,Non-Conference,0,3,3-0,3,18,25,Indiana,Indiana,FALSE
2019-08-31,North Dakota St.,Summit League,Loyola Chicago,MVC,Non-Conference,1,3,3-1,4,16,25,Loyola Chicago,Loyola Chicago,FALSE
2019-08-31,Prairie View,SWAC,Oral Roberts,Summit League,Non-Conference,0,3,3-0,3,16,25,Oral Roberts,Oral Roberts,FALSE
2019-08-31,UIW,Southland,UTEP,C-USA,Non-Conference,2,3,3-2,5,14,25,UTEP,UTEP,FALSE
2019-08-31,Portland St.,Big Sky,Middle Tenn.,C-USA,Non-Conference,3,1,3-1,4,25,22,Portland St.,Portland St.,FALSE
2019-08-31,Virginia Tech,ACC,Northwestern,Big Ten,Non-Conference,0,3,3-0,3,21,25,Northwestern,Northwestern,FALSE
2019-08-31,Central Conn. St.,NEC,Rider,MAAC,Non-Conference,3,0,3-0,3,25,15,Central Conn. St.,Central Conn. St.,FALSE
2019-08-31,Fairleigh Dickinson,NEC,SIUE,OVC,Non-Conference,0,3,3-0,3,18,25,SIUE,SIUE,FALSE
2019-08-31,Washington St.,Pac-12,Iowa,Big Ten,Non-Conference,0,3,3-0,3,19,25,Iowa,Iowa,FALSE
2019-08-31,West Virginia,Big 12,Coppin St.,MEAC,Non-Conference,3,0,3-0,3,25,14,West Virginia,West Virginia,FALSE
2019-08-31,LSU,SEC,Arizona St.,Pac-12,Non-Conference,2,3,3-2,5,27,25,LSU,Arizona St.,TRUE
2019-08-31,American,Patriot,Hartford,America East,Non-Conference,1,3,3-1,4,21,25,Hartford,Hartford,FALSE
2019-08-31,Rhode Island,Atlantic 10,New Hampshire,America East,Non-Conference,1,3,3-1,4,19,25,New Hampshire,New Hampshire,FALSE
2019-08-31,Delaware St.,MEAC,Alabama A&M,SWAC,Non-Conference,0,3,3-0,3,17,25,Alabama A&M,Alabama A&M,FALSE
2019-08-31,Delaware St.,MEAC,Alabama St.,SWAC,Non-Conference,1,3,3-1,4,25,18,Delaware St.,Alabama St.,TRUE
2019-08-31,Lafayette,Patriot,Fairfield,MAAC,Non-Conference,2,3,3-2,5,13,25,Fairfield,Fairfield,FALSE
2019-08-31,South Alabama,Sun Belt,Purdue Fort Wayne,Summit League,Non-Conference,1,3,3-1,4,19,25,Purdue Fort Wayne,Purdue Fort Wayne,FALSE
2019-08-31,South Carolina St.,MEAC,Jackson St.,SWAC,Non-Conference,0,3,3-0,3,11,25,Jackson St.,Jackson St.,FALSE
2019-08-31,Manhattan,MAAC,McNeese,Southland,Non-Conference,1,3,3-1,4,26,24,Manhattan,McNeese,TRUE
2019-08-31,N.C. Central,MEAC,Wake Forest,ACC,Non-Conference,0,3,3-0,3,18,25,Wake Forest,Wake Forest,FALSE
2019-08-31,Presbyterian,Big South,UNC Greensboro,SoCon,Non-Conference,0,3,3-0,3,20,25,UNC Greensboro,UNC Greensboro,FALSE
2019-08-31,Nicholls St.,Southland,Ga. Southern,Sun Belt,Non-Conference,3,1,3-1,4,22,25,Ga. Southern,Nicholls St.,TRUE
2019-08-31,Bryant,NEC,FGCU,ASUN,Non-Conference,0,3,3-0,3,14,25,FGCU,FGCU,FALSE
2019-08-31,Southeast Mo. St.,OVC,Jacksonville,ASUN,Non-Conference,3,1,3-1,4,24,26,Jacksonville,Southeast Mo. St.,TRUE
2019-08-31,UMES,MEAC,NJIT,ASUN,Non-Conference,3,1,3-1,4,25,23,UMES,UMES,FALSE
2019-08-31,Illinois St.,MVC,Pepperdine,WCC,Non-Conference,1,3,3-1,4,22,25,Pepperdine,Pepperdine,FALSE
2019-08-31,New Mexico St.,WAC,Tennessee St.,OVC,Non-Conference,3,0,3-0,3,25,22,New Mexico St.,New Mexico St.,FALSE
2019-08-31,San Francisco,WCC,Seattle U,WAC,Non-Conference,1,3,3-1,4,19,25,Seattle U,Seattle U,FALSE
2019-08-31,Memphis,AAC,Eastern Ill.,OVC,Non-Conference,3,0,3-0,3,25,16,Memphis,Memphis,FALSE
2019-08-31,LIU,NEC,Colorado,Pac-12,Non-Conference,0,3,3-0,3,21,25,Colorado,Colorado,FALSE
2019-08-31,Hofstra,CAA,Wichita St.,AAC,Non-Conference,2,3,3-2,5,23,25,Wichita St.,Wichita St.,FALSE
2019-08-31,UTSA,C-USA,Bradley,MVC,Non-Conference,3,1,3-1,4,17,25,Bradley,UTSA,TRUE
2019-08-31,Radford,Big South,Bethune-Cookman,MEAC,Non-Conference,3,0,3-0,3,25,19,Radford,Radford,FALSE
2019-08-31,Eastern Ky.,OVC,Charlotte,C-USA,Non-Conference,1,3,3-1,4,25,21,Eastern Ky.,Charlotte,TRUE
2019-08-31,Villanova,Big East,High Point,Big South,Non-Conference,3,2,3-2,5,25,17,Villanova,Villanova,FALSE
2019-08-31,LMU (CA),WCC,Appalachian St.,Sun Belt,Non-Conference,3,1,3-1,4,25,15,LMU (CA),LMU (CA),FALSE
2019-08-31,Charleston So.,Big South,UNCW,CAA,Non-Conference,0,3,3-0,3,20,25,UNCW,UNCW,FALSE
2019-08-31,Murray St.,OVC,IUPUI,Horizon,Non-Conference,2,3,3-2,5,23,25,IUPUI,IUPUI,FALSE
2019-08-31,Western Ky.,C-USA,Toledo,MAC,Non-Conference,3,0,3-0,3,25,13,Western Ky.,Western Ky.,FALSE
2019-08-31,Montana St.,Big Sky,Arkansas,SEC,Non-Conference,2,3,3-2,5,25,20,Montana St.,Arkansas,TRUE
2019-08-31,ETSU,SoCon,Troy,Sun Belt,Non-Conference,3,1,3-1,4,23,25,Troy,ETSU,TRUE
2019-08-31,Kennesaw St.,ASUN,Georgia,SEC,Non-Conference,2,3,3-2,5,25,20,Kennesaw St.,Georgia,TRUE
2019-08-31,Idaho St.,Big Sky,Abilene Christian,Southland,Non-Conference,3,1,3-1,4,25,15,Idaho St.,Idaho St.,FALSE
2019-08-31,Marshall,C-USA,Santa Clara,WCC,Non-Conference,1,3,3-1,4,20,25,Santa Clara,Santa Clara,FALSE
2019-08-31,Wright St.,Horizon,Notre Dame,ACC,Non-Conference,3,2,3-2,5,25,23,Wright St.,Wright St.,FALSE
2019-08-31,Bucknell,Patriot,Saint Francis (PA),NEC,Non-Conference,3,0,3-0,3,27,25,Bucknell,Bucknell,FALSE
2019-08-31,Coastal Carolina,Sun Belt,Furman,SoCon,Non-Conference,3,0,3-0,3,25,23,Coastal Carolina,Coastal Caro.,FALSE
2019-08-31,Liberty,ASUN,UNI,MVC,Non-Conference,1,3,3-1,4,23,25,UNI,UNI,FALSE
2019-08-31,N.C. A&T,MEAC,Winthrop,Big South,Non-Conference,0,3,3-0,3,19,25,Winthrop,Winthrop,FALSE
2019-08-31,Morehead St.,OVC,Davidson,Atlantic 10,Non-Conference,3,2,3-2,5,25,16,Morehead St.,Morehead St.,FALSE
2019-08-31,Austin Peay,OVC,Maryland,Big Ten,Non-Conference,0,3,3-0,3,20,25,Maryland,Maryland,FALSE
2019-08-31,Southern U.,SWAC,Georgia Tech,ACC,Non-Conference,0,3,3-0,3,10,25,Georgia Tech,Georgia Tech,FALSE
2019-08-31,Southern Ill.,MVC,Saint Louis,Atlantic 10,Non-Conference,1,3,3-1,4,16,25,Saint Louis,Saint Louis,FALSE
2019-08-31,Campbell,Big South,Mercer,SoCon,Non-Conference,1,3,3-1,4,13,25,Mercer,Mercer,FALSE
2019-08-31,Lamar University,Southland,Georgia St.,Sun Belt,Non-Conference,2,3,3-2,5,25,19,Lamar University,Georgia St.,TRUE
2019-08-31,North Dakota,Summit League,La.-Monroe,Sun Belt,Non-Conference,3,1,3-1,4,20,25,La.-Monroe,North Dakota,TRUE
2019-08-31,Portland,WCC,UNLV,Mountain West,Non-Conference,2,3,3-2,5,25,19,Portland,UNLV,TRUE
2019-08-31,USC Upstate,Big South,Miami (OH),MAC,Non-Conference,0,3,3-0,3,12,25,Miami (OH),Miami (OH),FALSE
2019-08-31,Central Ark.,Southland,Sacred Heart,NEC,Non-Conference,3,1,3-1,4,25,18,Central Ark.,Central Ark.,FALSE
2019-08-31,Chicago St.,WAC,Oklahoma,Big 12,Non-Conference,2,3,3-2,5,25,23,Chicago St.,Oklahoma,TRUE
2019-08-31,UIC,Horizon,Eastern Wash.,Big Sky,Non-Conference,3,1,3-1,4,25,27,Eastern Wash.,UIC,TRUE
2019-08-31,Hampton,Big South,Norfolk St.,MEAC,Non-Conference,3,0,3-0,3,25,18,Hampton,Hampton,FALSE
2019-08-31,Iowa St.,Big 12,Ole Miss,SEC,Non-Conference,3,1,3-1,4,25,14,Iowa St.,Iowa St.,FALSE
2019-08-31,Tulsa,AAC,North Texas,C-USA,Non-Conference,1,3,3-1,4,18,25,North Texas,North Texas,FALSE
2019-08-31,Tulane,AAC,Louisiana,Sun Belt,Non-Conference,3,0,3-0,3,25,18,Tulane,Tulane,FALSE
2019-08-31,Marist,MAAC,Colgate,Patriot,Non-Conference,2,3,3-2,5,20,25,Colgate,Colgate,FALSE
2019-08-31,Binghamton,America East,Delaware,CAA,Non-Conference,0,3,3-0,3,17,25,Delaware,Delaware,FALSE
2019-08-31,UT Arlington,Sun Belt,Houston,AAC,Non-Conference,3,2,3-2,5,18,25,Houston,UT Arlington,TRUE
2019-08-31,Western Mich.,MAC,Northern Ky.,Horizon,Non-Conference,3,2,3-2,5,25,22,Western Mich.,Western Mich.,FALSE
2019-08-31,Louisiana Tech,C-USA,Sam Houston St.,Southland,Non-Conference,3,2,3-2,5,26,24,Louisiana Tech,Louisiana Tech,FALSE
2019-08-31,Southern Miss.,C-USA,Denver,Summit League,Non-Conference,0,3,3-0,3,15,25,Denver,Denver,FALSE
2019-08-31,Boise St.,Mountain West,Utah Valley,WAC,Non-Conference,3,1,3-1,4,25,21,Boise St.,Boise St.,FALSE
2019-08-31,Seton Hall,Big East,Towson,CAA,Non-Conference,0,3,3-0,3,15,25,Towson,Towson,FALSE
2019-08-31,UCF,AAC,Rice,C-USA,Non-Conference,0,3,3-0,3,23,25,Rice,Rice,FALSE
2019-08-31,Little Rock,Sun Belt,Northwestern St.,Southland,Non-Conference,0,3,3-0,3,20,25,Northwestern St.,Northwestern St.,FALSE
2019-08-31,Tennessee Tech,OVC,Michigan,Big Ten,Non-Conference,0,3,3-0,3,21,25,Michigan,Michigan,FALSE
2019-08-31,Temple,AAC,UMBC,America East,Non-Conference,3,0,3-0,3,25,17,Temple,Temple,FALSE
2019-08-31,New Mexico,Mountain West,Northern Colo.,Big Sky,Non-Conference,2,3,3-2,5,23,25,Northern Colo.,Northern Colo.,FALSE
2019-08-31,Howard,MEAC,George Washington,Atlantic 10,Non-Conference,0,3,3-0,3,13,25,George Washington,George Washington,FALSE
2019-08-31,Wyoming,Mountain West,UC Santa Barbara,Big West,Non-Conference,2,3,3-2,5,21,25,UC Santa Barbara,UC Santa Barbara,FALSE
2019-08-31,Butler,Big East,Auburn,SEC,Non-Conference,2,3,3-2,5,31,29,Butler,Auburn,TRUE
2019-08-31,Saint Peter's,MAAC,St. Francis Brooklyn,NEC,Non-Conference,2,3,3-2,5,15,25,St. Francis Brooklyn,St. Francis Brooklyn,FALSE
2019-08-31,UC Riverside,Big West,Northern Ill.,MAC,Non-Conference,2,3,3-2,5,25,27,Northern Ill.,Northern Ill.,FALSE
2019-08-31,UT Martin,OVC,FIU,C-USA,Non-Conference,3,1,3-1,4,25,17,UT Martin,UT Martin,FALSE
2019-08-31,DePaul,Big East,Missouri St.,MVC,Non-Conference,3,2,3-2,5,20,25,Missouri St.,DePaul,TRUE
2019-08-31,Canisius,MAAC,CSU Bakersfield,WAC,Non-Conference,3,2,3-2,5,25,19,Canisius,Canisius,FALSE
2019-08-31,Fresno St.,Mountain West,Indiana St.,MVC,Non-Conference,3,0,3-0,3,25,14,Fresno St.,Fresno St.,FALSE
2019-08-31,UC Irvine,Big West,Boston College,ACC,Non-Conference,0,3,3-0,3,18,25,Boston College,Boston College,FALSE
2019-08-31,Southeastern La.,Southland,Jacksonville St.,OVC,Non-Conference,0,3,3-0,3,19,25,Jacksonville St.,Jacksonville St.,FALSE
2019-08-31,Gonzaga,WCC,Air Force,Mountain West,Non-Conference,3,0,3-0,3,25,16,Gonzaga,Gonzaga,FALSE
2019-08-31,Elon,CAA,Manhattan,MAAC,Non-Conference,3,2,3-2,5,23,25,Manhattan,Elon,TRUE
2019-08-31,North Florida,ASUN,Duquesne,Atlantic 10,Non-Conference,0,3,3-0,3,16,25,Duquesne,Duquesne,FALSE
2019-08-31,Central Conn. St.,NEC,Georgetown,Big East,Non-Conference,0,3,3-0,3,22,25,Georgetown,Georgetown,FALSE
2019-08-31,SFA,Southland,SMU,AAC,Non-Conference,3,2,3-2,5,26,24,SFA,SFA,FALSE
2019-08-31,Lipscomb,ASUN,TCU,Big 12,Non-Conference,0,3,3-0,3,16,25,TCU,TCU,FALSE
2019-08-31,Western Ill.,Summit League,Mississippi St.,SEC,Non-Conference,2,3,3-2,5,25,15,Western Ill.,Mississippi St.,TRUE
2019-08-31,Ark.-Pine Bluff,SWAC,New Orleans,Southland,Non-Conference,0,3,3-0,3,11,25,New Orleans,New Orleans,FALSE
2019-08-31,South Dakota St.,Summit League,Drake,MVC,Non-Conference,1,3,3-1,4,14,25,Drake,Drake,FALSE
2019-08-31,The Citadel,SoCon,Youngstown St.,Horizon,Non-Conference,1,3,3-1,4,25,20,The Citadel,Youngstown St.,TRUE
2019-08-31,Albany (NY),America East,Omaha,Summit League,Non-Conference,2,3,3-2,5,25,23,Albany (NY),Omaha,TRUE
2019-08-31,Arkansas St.,Sun Belt,Belmont,OVC,Non-Conference,3,0,3-0,3,25,19,Arkansas St.,Arkansas St.,FALSE
2019-08-31,CSUN,Big West,Weber St.,Big Sky,Non-Conference,0,3,3-0,3,21,25,Weber St.,Weber St.,FALSE
2019-08-31,Iona,MAAC,Rhode Island,Atlantic 10,Non-Conference,0,3,3-0,3,21,25,Rhode Island,Rhode Island,FALSE
2019-08-31,San Jose St.,Mountain West,Montana,Big Sky,Non-Conference,3,0,3-0,3,25,21,San Jose St.,San Jose St.,FALSE
2019-08-31,California,Pac-12,Colorado St.,Mountain West,Non-Conference,3,1,3-1,4,25,19,California,California,FALSE
2019-08-31,Samford,SoCon,Arizona,Pac-12,Non-Conference,3,2,3-2,5,25,22,Samford,Samford,FALSE
2019-08-31,Chattanooga,SoCon,Mississippi Val.,SWAC,Non-Conference,3,0,3-0,3,25,12,Chattanooga,Chattanooga,FALSE
2019-08-31,Cal St. Fullerton,Big West,Idaho,Big Sky,Non-Conference,3,1,3-1,4,27,25,Cal St. Fullerton,Cal St. Fullerton,FALSE
2019-08-31,Minnesota,Big Ten,Florida St.,ACC,Non-Conference,0,3,3-0,3,17,25,Florida St.,Florida St.,FALSE
2019-08-31,UTRGV,WAC,Houston Baptist,Southland,Non-Conference,3,0,3-0,3,25,21,UTRGV,UTRGV,FALSE
2019-08-31,Kansas St.,Big 12,Austin Peay,OVC,Non-Conference,3,1,3-1,4,25,17,Kansas St.,Kansas St.,FALSE
2019-08-31,Davidson,Atlantic 10,N.C. A&T,MEAC,Non-Conference,3,0,3-0,3,25,22,Davidson,Davidson,FALSE
2019-08-31,Eastern Mich.,MAC,Xavier,Big East,Non-Conference,1,3,3-1,4,12,25,Xavier,Xavier,FALSE
2019-08-31,Southern U.,SWAC,Long Beach St.,Big West,Non-Conference,0,3,3-0,3,14,25,Long Beach St.,Long Beach St.,FALSE
2019-08-31,Cincinnati,AAC,Cleveland St.,Horizon,Non-Conference,3,0,3-0,3,26,24,Cincinnati,Cincinnati,FALSE
2019-08-31,Northern Ariz.,Big Sky,Oakland,Horizon,Non-Conference,1,3,3-1,4,17,25,Oakland,Oakland,FALSE
2019-08-31,Bryant,NEC,Akron,MAC,Non-Conference,1,3,3-1,4,25,16,Bryant,Akron,TRUE
2019-08-31,Southern Utah,Big Sky,Utah St.,Mountain West,Non-Conference,3,2,3-2,5,25,13,Southern Utah,Southern Utah,FALSE
2019-08-31,NJIT,ASUN,Central Mich.,MAC,Non-Conference,0,3,3-0,3,12,25,Central Mich.,Central Mich.,FALSE
2019-08-31,Duke,ACC,Stanford,Pac-12,Non-Conference,0,3,3-0,3,19,25,Stanford,Stanford,FALSE
2019-08-31,Western Ky.,C-USA,North Dakota St.,Summit League,Non-Conference,3,0,3-0,3,25,12,Western Ky.,Western Ky.,FALSE
2019-08-31,La Salle,Atlantic 10,Wright St.,Horizon,Non-Conference,1,3,3-1,4,25,22,La Salle,Wright St.,TRUE
2019-08-31,Prairie View,SWAC,Louisiana Tech,C-USA,Non-Conference,1,3,3-1,4,20,25,Louisiana Tech,Louisiana Tech,FALSE
2019-08-31,South Dakota,Summit League,Murray St.,OVC,Non-Conference,3,0,3-0,3,25,19,South Dakota,South Dakota,FALSE
2019-08-31,Dayton,Atlantic 10,Florida,SEC,Non-Conference,2,3,3-2,5,25,21,Dayton,Florida,TRUE
2019-08-31,West Virginia,Big 12,Binghamton,America East,Non-Conference,3,0,3-0,3,25,17,West Virginia,West Virginia,FALSE
2019-08-31,Nevada,Mountain West,Sacramento St.,Big Sky,Non-Conference,3,1,3-1,4,22,25,Sacramento St.,Nevada,TRUE
2019-08-31,Saint Mary's (CA),WCC,Kentucky,SEC,Non-Conference,0,3,3-0,3,14,25,Kentucky,Kentucky,FALSE
2019-08-31,Georgia,SEC,Wofford,SoCon,Non-Conference,3,0,3-0,3,25,23,Georgia,Georgia,FALSE
2019-08-31,Stony Brook,America East,Washington St.,Pac-12,Non-Conference,0,3,3-0,3,12,25,Washington St.,Washington St.,FALSE
2019-08-31,Holy Cross,Patriot,Hofstra,CAA,Non-Conference,0,3,3-0,3,21,25,Hofstra,Hofstra,FALSE
2019-08-31,Western Caro.,SoCon,Lamar University,Southland,Non-Conference,0,3,3-0,3,22,25,Lamar University,Lamar University,FALSE
2019-08-31,Lehigh,Patriot,Texas Tech,Big 12,Non-Conference,1,3,3-1,4,17,25,Texas Tech,Texas Tech,FALSE
2019-08-31,McNeese,Southland,Robert Morris,NEC,Non-Conference,1,3,3-1,4,23,25,Robert Morris,Robert Morris,FALSE
2019-08-31,Sacred Heart,NEC,Rider,MAAC,Non-Conference,3,1,3-1,4,25,20,Sacred Heart,Sacred Heart,FALSE
2019-08-31,Jackson St.,SWAC,Florida A&M,MEAC,Non-Conference,3,2,3-2,5,25,19,Jackson St.,Jackson St.,FALSE
2019-08-31,A&M-Corpus Christi,Southland,Arizona St.,Pac-12,Non-Conference,1,3,3-1,4,25,22,A&M-Corpus Christi,Arizona St.,TRUE
2019-08-31,Baylor,Big 12,Creighton,Big East,Non-Conference,3,0,3-0,3,25,20,Baylor,Baylor,FALSE
2019-08-31,N.C. Central,MEAC,Presbyterian,Big South,Non-Conference,1,3,3-1,4,14,25,Presbyterian,Presbyterian,FALSE
2019-08-31,Towson,CAA,Morgan St.,MEAC,Non-Conference,3,0,3-0,3,25,22,Towson,Towson,FALSE
2019-08-31,Middle Tenn.,C-USA,Southern Ill.,MVC,Non-Conference,1,3,3-1,4,23,25,Southern Ill.,Southern Ill.,FALSE
2019-08-31,New Hampshire,America East,Army West Point,Patriot,Non-Conference,0,3,3-0,3,11,25,Army West Point,Army West Point,FALSE
2019-08-31,Coastal Carolina,Sun Belt,Virginia,ACC,Non-Conference,3,0,3-0,3,25,18,Coastal Carolina,Coastal Caro.,FALSE
2019-08-31,Wisconsin,Big Ten,North Carolina,ACC,Non-Conference,3,0,3-0,3,25,20,Wisconsin,Wisconsin,FALSE
2019-08-31,Marist,MAAC,Buffalo,MAC,Non-Conference,0,3,3-0,3,19,25,Buffalo,Buffalo,FALSE
2019-08-31,Northern Ky.,Horizon,Purdue Fort Wayne,Summit League,Non-Conference,3,0,3-0,3,25,15,Northern Ky.,Northern Ky.,FALSE
2019-08-31,Valparaiso,MVC,IUPUI,Horizon,Non-Conference,3,1,3-1,4,25,22,Valparaiso,Valparaiso,FALSE
2019-08-31,Northwestern,Big Ten,Miami (OH),MAC,Non-Conference,3,1,3-1,4,24,26,Miami (OH),Northwestern,TRUE
2019-08-31,Santa Clara,WCC,Indiana,Big Ten,Non-Conference,3,0,3-0,3,25,22,Santa Clara,Santa Clara,FALSE
2019-08-31,Southern Miss.,C-USA,San Francisco,WCC,Non-Conference,0,3,3-0,3,20,25,San Francisco,San Francisco,FALSE
2019-08-31,Chicago St.,WAC,California,Pac-12,Non-Conference,1,3,3-1,4,25,22,Chicago St.,California,TRUE
2019-08-31,Loyola Chicago,MVC,Toledo,MAC,Non-Conference,2,3,3-2,5,25,15,Loyola Chicago,Toledo,TRUE
2019-08-31,Central Ark.,Southland,Georgetown,Big East,Non-Conference,3,0,3-0,3,25,16,Central Ark.,Central Ark.,FALSE
2019-08-31,VCU,Atlantic 10,Ohio St.,Big Ten,Non-Conference,1,3,3-1,4,19,25,Ohio St.,Ohio St.,FALSE
2019-08-31,Kennesaw St.,ASUN,Clemson,ACC,Non-Conference,1,3,3-1,4,17,25,Clemson,Clemson,FALSE
2019-08-31,Coppin St.,MEAC,Delaware,CAA,Non-Conference,0,3,3-0,3,16,25,Delaware,Delaware,FALSE
2019-08-31,UMES,MEAC,St. Francis Brooklyn,NEC,Non-Conference,1,3,3-1,4,18,25,St. Francis Brooklyn,St. Francis Brooklyn,FALSE
2019-08-31,Iowa,Big Ten,James Madison,CAA,Non-Conference,3,0,3-0,3,25,21,Iowa,Iowa,FALSE
2019-08-31,Fordham,Atlantic 10,Georgia St.,Sun Belt,Non-Conference,1,3,3-1,4,18,25,Georgia St.,Georgia St.,FALSE
2019-08-31,Bowling Green,MAC,Notre Dame,ACC,Non-Conference,1,3,3-1,4,19,25,Notre Dame,Notre Dame,FALSE
2019-08-31,Texas A&M,SEC,Louisville,ACC,Non-Conference,2,3,3-2,5,25,19,Texas A&M,Louisville,TRUE
2019-08-31,San Diego St.,Mountain West,FGCU,ASUN,Non-Conference,2,3,3-2,5,25,22,San Diego St.,FGCU,TRUE
2019-08-31,Drake,MVC,Eastern Ill.,OVC,Non-Conference,3,1,3-1,4,19,25,Eastern Ill.,Drake,TRUE
2019-08-31,Duquesne,Atlantic 10,UNCW,CAA,Non-Conference,0,3,3-0,3,18,25,UNCW,UNCW,FALSE
2019-08-31,Cal Poly,Big West,Utah,Pac-12,Non-Conference,2,3,3-2,5,24,26,Utah,Utah,FALSE
2019-08-31,UNC Asheville,Big South,Georgia Tech,ACC,Non-Conference,0,3,3-0,3,17,25,Georgia Tech,Georgia Tech,FALSE
2019-08-31,South Carolina,SEC,Pittsburgh,ACC,Non-Conference,0,3,3-0,3,21,25,Pittsburgh,Pittsburgh,FALSE
2019-08-31,Wichita St.,AAC,Penn St.,Big Ten,Non-Conference,0,3,3-0,3,14,25,Penn St.,Penn St.,FALSE
2019-08-31,Michigan St.,Big Ten,Col. of Charleston,CAA,Non-Conference,3,0,3-0,3,25,15,Michigan St.,Michigan St.,FALSE
2019-08-31,Wake Forest,ACC,UNC Greensboro,SoCon,Non-Conference,3,0,3-0,3,25,20,Wake Forest,Wake Forest,FALSE
2019-08-31,Oral Roberts,Summit League,Sam Houston St.,Southland,Non-Conference,3,1,3-1,4,25,21,Oral Roberts,Oral Roberts,FALSE
2019-08-31,San Diego,WCC,Washington,Pac-12,Non-Conference,1,3,3-1,4,20,25,Washington,Washington,FALSE
2019-08-31,UCLA,Pac-12,Nebraska,Big Ten,Non-Conference,0,3,3-0,3,12,25,Nebraska,Nebraska,FALSE
2019-08-31,Portland St.,Big Sky,Saint Louis,Atlantic 10,Non-Conference,1,3,3-1,4,15,25,Saint Louis,Saint Louis,FALSE
2019-08-31,Maryland,Big Ten,Kansas St.,Big 12,Non-Conference,3,2,3-2,5,20,25,Kansas St.,Maryland,TRUE
2019-08-31,Pacific,WCC,UC Davis,Big West,Non-Conference,0,3,3-0,3,23,25,UC Davis,UC Davis,FALSE
2019-08-31,Boston College,ACC,Oregon,Pac-12,Non-Conference,0,3,3-0,3,21,25,Oregon,Oregon,FALSE
2019-08-31,UNI,MVC,Texas St.,Sun Belt,Non-Conference,3,0,3-0,3,25,23,UNI,UNI,FALSE
2019-08-31,Southeast Mo. St.,OVC,Missouri St.,MVC,Non-Conference,1,3,3-1,4,23,25,Missouri St.,Missouri St.,FALSE
2019-08-31,LSU,SEC,Houston,AAC,Non-Conference,3,1,3-1,4,23,25,Houston,LSU,TRUE
2019-08-31,UC Santa Barbara,Big West,Colorado,Pac-12,Non-Conference,1,3,3-1,4,16,25,Colorado,Colorado,FALSE
2019-08-31,Seattle U,WAC,Denver,Summit League,Non-Conference,0,3,3-0,3,20,25,Denver,Denver,FALSE
2019-08-31,Grand Canyon,WAC,Northern Colo.,Big Sky,Non-Conference,3,1,3-1,4,25,23,Grand Canyon,Grand Canyon,FALSE
2019-08-31,Fresno St.,Mountain West,Green Bay,Horizon,Non-Conference,0,3,3-0,3,11,25,Green Bay,Green Bay,FALSE
2019-08-31,Marquette,Big East,BYU,WCC,Non-Conference,3,1,3-1,4,22,25,BYU,Marquette,TRUE
2019-08-31,Oklahoma,Big 12,Colorado St.,Mountain West,Non-Conference,0,3,3-0,3,13,25,Colorado St.,Colorado St.,FALSE
2019-08-31,UIC,Horizon,Idaho,Big Sky,Non-Conference,3,2,3-2,5,25,20,UIC,UIC,FALSE
2019-09-01,St. John's (NY),Big East,Hawaii,Big West,Non-Conference,2,3,3-2,5,28,26,St. John's (NY),Hawaii,TRUE
2019-09-01,UCF,AAC,Ole Miss,SEC,Non-Conference,3,2,3-2,5,24,26,Ole Miss,UCF,TRUE
2019-09-01,Colgate,Patriot,Buffalo,MAC,Non-Conference,3,2,3-2,5,23,25,Buffalo,Colgate,TRUE
2019-09-01,East Carolina,AAC,George Mason,Atlantic 10,Non-Conference,3,0,3-0,3,26,24,East Carolina,East Carolina,FALSE
2019-09-01,Rhode Island,Atlantic 10,Army West Point,Patriot,Non-Conference,1,3,3-1,4,20,25,Army West Point,Army West Point,FALSE
2019-09-01,Dayton,Atlantic 10,Louisville,ACC,Non-Conference,0,3,3-0,3,17,25,Louisville,Louisville,FALSE
2019-09-01,Iona,MAAC,New Hampshire,America East,Non-Conference,1,3,3-1,4,16,25,New Hampshire,New Hampshire,FALSE
2019-09-01,Southern California,Pac-12,Texas,Big 12,Non-Conference,1,3,3-1,4,25,23,Southern California,Texas,TRUE
2019-09-01,Ohio,MAC,Purdue,Big Ten,Non-Conference,1,3,3-1,4,25,22,Ohio,Purdue,TRUE
2019-09-01,Villanova,Big East,TCU,Big 12,Non-Conference,1,3,3-1,4,23,25,TCU,TCU,FALSE
2019-09-01,Indiana St.,MVC,Green Bay,Horizon,Non-Conference,2,3,3-2,5,25,20,Indiana St.,Green Bay,TRUE
2019-09-01,Tennessee,SEC,Illinois,Big Ten,Non-Conference,2,3,3-2,5,22,25,Illinois,Illinois,FALSE
2019-09-01,East Carolina,AAC,Providence,Big East,Non-Conference,3,2,3-2,5,25,21,East Carolina,East Carolina,FALSE
2019-09-01,North Dakota,Summit League,Mississippi Val.,SWAC,Non-Conference,3,0,3-0,3,25,18,North Dakota,North Dakota,FALSE
2019-09-01,Providence,Big East,George Mason,Atlantic 10,Non-Conference,3,0,3-0,3,25,22,Providence,Providence,FALSE
2019-09-01,Siena,MAAC,Coppin St.,MEAC,Non-Conference,2,3,3-2,5,25,22,Siena,Coppin St.,TRUE
2019-09-01,Iona,MAAC,Army West Point,Patriot,Non-Conference,0,3,3-0,3,9,25,Army West Point,Army West Point,FALSE
2019-09-01,St. John's (NY),Big East,San Diego,WCC,Non-Conference,0,3,3-0,3,17,25,San Diego,San Diego,FALSE
2019-09-01,Washington,Pac-12,Hawaii,Big West,Non-Conference,1,3,3-1,4,20,25,Hawaii,Hawaii,FALSE
2019-09-02,Howard,MEAC,Maryland,Big Ten,Non-Conference,2,3,3-2,5,23,25,Maryland,Maryland,FALSE
2019-09-02,La.-Monroe,Sun Belt,Grambling,SWAC,Non-Conference,3,0,3-0,3,25,15,La.-Monroe,La.-Monroe,FALSE
2019-09-02,LIU,NEC,Wyoming,Mountain West,Non-Conference,0,3,3-0,3,16,25,Wyoming,Wyoming,FALSE
2019-09-03,Siena,MAAC,Morgan St.,MEAC,Non-Conference,0,3,3-0,3,17,25,Morgan St.,Morgan St.,FALSE
2019-09-03,Mercer,SoCon,Florida A&M,MEAC,Non-Conference,3,0,3-0,3,25,9,Mercer,Mercer,FALSE
2019-09-03,High Point,Big South,VCU,Atlantic 10,Non-Conference,0,3,3-0,3,18,25,VCU,VCU,FALSE
2019-09-03,Charlotte,C-USA,Duke,ACC,Non-Conference,0,3,3-0,3,27,29,Duke,Duke,FALSE
2019-09-03,Bryant,NEC,New Hampshire,America East,Non-Conference,0,3,3-0,3,19,25,New Hampshire,New Hampshire,FALSE
2019-09-03,Rice,C-USA,Texas St.,Sun Belt,Non-Conference,3,0,3-0,3,25,13,Rice,Rice,FALSE
2019-09-03,Ball St.,MAC,Purdue,Big Ten,Non-Conference,0,3,3-0,3,12,25,Purdue,Purdue,FALSE
2019-09-03,Hofstra,CAA,Stony Brook,America East,Non-Conference,3,1,3-1,4,23,25,Stony Brook,Hofstra,TRUE
2019-09-03,Chattanooga,SoCon,Tennessee St.,OVC,Non-Conference,1,3,3-1,4,16,25,Tennessee St.,Tennessee St.,FALSE
2019-09-03,Northern Ill.,MAC,Chicago St.,WAC,Non-Conference,1,3,3-1,4,25,19,Northern Ill.,Chicago St.,TRUE
2019-09-03,UNCW,CAA,Campbell,Big South,Non-Conference,3,2,3-2,5,25,18,UNCW,UNCW,FALSE
2019-09-03,Missouri St.,MVC,Oral Roberts,Summit League,Non-Conference,2,3,3-2,5,25,19,Missouri St.,Oral Roberts,TRUE
2019-09-03,Georgia Tech,ACC,Kennesaw St.,ASUN,Non-Conference,1,3,3-1,4,25,23,Georgia Tech,Kennesaw St.,TRUE
2019-09-03,Dayton,Atlantic 10,Miami (OH),MAC,Non-Conference,3,0,3-0,3,25,14,Dayton,Dayton,FALSE
2019-09-03,St. John's (NY),Big East,NJIT,ASUN,Non-Conference,3,0,3-0,3,25,21,St. John's (NY),St. John's (NY),FALSE
2019-09-03,Alabama A&M,SWAC,Belmont,OVC,Non-Conference,0,3,3-0,3,20,25,Belmont,Belmont,FALSE
2019-09-03,South Dakota,Summit League,Iowa St.,Big 12,Non-Conference,0,3,3-0,3,19,25,Iowa St.,Iowa St.,FALSE
2019-09-03,Houston,AAC,McNeese,Southland,Non-Conference,3,1,3-1,4,25,19,Houston,Houston,FALSE
2019-09-03,Kansas,Big 12,Omaha,Summit League,Non-Conference,3,0,3-0,3,25,11,Kansas,Kansas,FALSE
2019-09-03,Northwestern St.,Southland,Jackson St.,SWAC,Non-Conference,3,0,3-0,3,25,15,Northwestern St.,Northwestern St.,FALSE
2019-09-03,Houston Baptist,Southland,Prairie View,SWAC,Non-Conference,3,0,3-0,3,25,17,Houston Baptist,Houston Baptist,FALSE
2019-09-03,Southeastern La.,Southland,Tulane,AAC,Non-Conference,3,2,3-2,5,21,25,Tulane,Southeastern La.,TRUE
2019-09-03,Utah,Pac-12,Utah St.,Mountain West,Non-Conference,3,0,3-0,3,25,22,Utah,Utah,FALSE
2019-09-03,Utah Valley,WAC,Idaho St.,Big Sky,Non-Conference,1,3,3-1,4,21,25,Idaho St.,Idaho St.,FALSE
2019-09-03,Alabama St.,SWAC,UAB,C-USA,Non-Conference,0,3,3-0,3,21,25,UAB,UAB,FALSE
2019-09-03,Sacramento St.,Big Sky,UC Davis,Big West,Non-Conference,1,3,3-1,4,25,20,Sacramento St.,UC Davis,TRUE
2019-09-04,Valparaiso,MVC,Notre Dame,ACC,Non-Conference,0,3,3-0,3,23,25,Notre Dame,Notre Dame,FALSE
2019-09-04,UTRGV,WAC,A&M-Corpus Christi,Southland,Non-Conference,3,2,3-2,5,18,25,A&M-Corpus Christi,UTRGV,TRUE
2019-09-04,Minnesota,Big Ten,Texas,Big 12,Non-Conference,0,3,3-0,3,22,25,Texas,Texas,FALSE
2019-09-04,Stanford,Pac-12,Florida,SEC,Non-Conference,3,0,3-0,3,25,22,Stanford,Stanford,FALSE
2019-09-05,NC State,ACC,VCU,Atlantic 10,Non-Conference,0,3,3-0,3,12,25,VCU,VCU,FALSE
2019-09-05,Bethune-Cookman,MEAC,Texas Southern,SWAC,Non-Conference,3,1,3-1,4,26,28,Texas Southern,Bethune-Cookman,TRUE
2019-09-05,Omaha,Summit League,Central Ark.,Southland,Non-Conference,3,1,3-1,4,17,25,Central Ark.,Omaha,TRUE
2019-09-05,Syracuse,ACC,Baylor,Big 12,Non-Conference,0,3,3-0,3,15,25,Baylor,Baylor,FALSE
2019-09-05,Oklahoma,Big 12,Oregon St.,Pac-12,Non-Conference,3,2,3-2,5,22,25,Oregon St.,Oklahoma,TRUE
2019-09-05,Weber St.,Big Sky,Sam Houston St.,Southland,Non-Conference,3,0,3-0,3,25,21,Weber St.,Weber St.,FALSE
2019-09-05,SFA,Southland,Loyola Chicago,MVC,Non-Conference,3,1,3-1,4,20,25,Loyola Chicago,SFA,TRUE
2019-09-05,Iona,MAAC,UConn,AAC,Non-Conference,0,3,3-0,3,23,25,UConn,UConn,FALSE
2019-09-05,Seattle U,WAC,New Hampshire,America East,Non-Conference,3,1,3-1,4,20,25,New Hampshire,Seattle U,TRUE
2019-09-05,Clemson,ACC,Kansas St.,Big 12,Non-Conference,2,3,3-2,5,25,16,Clemson,Kansas St.,TRUE
2019-09-05,Lipscomb,ASUN,Georgia Tech,ACC,Non-Conference,1,3,3-1,4,18,25,Georgia Tech,Georgia Tech,FALSE
2019-09-05,CSU Bakersfield,WAC,Fresno St.,Mountain West,Non-Conference,3,1,3-1,4,17,25,Fresno St.,CSU Bakersfield,TRUE
2019-09-05,Marquette,Big East,Wisconsin,Big Ten,Non-Conference,3,2,3-2,5,22,25,Wisconsin,Marquette,TRUE
2019-09-05,Cal St. Fullerton,Big West,Chicago St.,WAC,Non-Conference,3,2,3-2,5,20,25,Chicago St.,Cal St. Fullerton,TRUE
2019-09-05,West Virginia,Big 12,Arkansas,SEC,Non-Conference,3,0,3-0,3,25,17,West Virginia,West Virginia,FALSE
2019-09-05,North Texas,C-USA,Cal Poly,Big West,Non-Conference,0,3,3-0,3,15,25,Cal Poly,Cal Poly,FALSE
2019-09-05,SMU,AAC,Oral Roberts,Summit League,Non-Conference,3,2,3-2,5,26,24,SMU,SMU,FALSE
2019-09-05,Saint Mary's (CA),WCC,Southern Utah,Big Sky,Non-Conference,2,3,3-2,5,26,28,Southern Utah,Southern Utah,FALSE
2019-09-05,LIU,NEC,BYU,WCC,Non-Conference,0,3,3-0,3,14,25,BYU,BYU,FALSE
2019-09-05,Georgia,SEC,UCLA,Pac-12,Non-Conference,0,3,3-0,3,26,28,UCLA,UCLA,FALSE
2019-09-05,Wichita St.,AAC,San Jose St.,Mountain West,Non-Conference,1,3,3-1,4,16,25,San Jose St.,San Jose St.,FALSE
2019-09-05,CSUN,Big West,Santa Clara,WCC,Non-Conference,1,3,3-1,4,12,25,Santa Clara,Santa Clara,FALSE
2019-09-05,Texas St.,Sun Belt,Long Beach St.,Big West,Non-Conference,3,2,3-2,5,25,17,Texas St.,Texas St.,FALSE
2019-09-06,Army West Point,Patriot,Hawaii,Big West,Non-Conference,1,3,3-1,4,25,22,Army West Point,Hawaii,TRUE
2019-09-06,Denver,Summit League,Sacramento St.,Big Sky,Non-Conference,3,0,3-0,3,25,16,Denver,Denver,FALSE
2019-09-06,Delaware St.,MEAC,Lafayette,Patriot,Non-Conference,1,3,3-1,4,15,25,Lafayette,Lafayette,FALSE
2019-09-06,UNC Greensboro,SoCon,Southern U.,SWAC,Non-Conference,3,0,3-0,3,25,21,UNC Greensboro,UNC Greensboro,FALSE
2019-09-06,William & Mary,CAA,Akron,MAC,Non-Conference,3,0,3-0,3,25,16,William & Mary,William & Mary,FALSE
2019-09-06,Jacksonville St.,OVC,UAB,C-USA,Non-Conference,1,3,3-1,4,19,25,UAB,UAB,FALSE
2019-09-06,Butler,Big East,Cleveland St.,Horizon,Non-Conference,2,3,3-2,5,25,23,Butler,Cleveland St.,TRUE
2019-09-06,Oregon St.,Pac-12,Indiana,Big Ten,Non-Conference,0,3,3-0,3,15,25,Indiana,Indiana,FALSE
2019-09-06,UNCW,CAA,Appalachian St.,Sun Belt,Non-Conference,3,2,3-2,5,25,20,UNCW,UNCW,FALSE
2019-09-06,George Mason,Atlantic 10,Delaware,CAA,Non-Conference,0,3,3-0,3,17,25,Delaware,Delaware,FALSE
2019-09-06,East Carolina,AAC,North Florida,ASUN,Non-Conference,3,1,3-1,4,25,17,East Carolina,East Carolina,FALSE
2019-09-06,South Carolina St.,MEAC,Coastal Carolina,Sun Belt,Non-Conference,0,3,3-0,3,10,25,Coastal Carolina,Coastal Carolina,FALSE
2019-09-06,Norfolk St.,MEAC,Fordham,Atlantic 10,Non-Conference,0,3,3-0,3,12,25,Fordham,Fordham,FALSE
2019-09-06,Missouri,SEC,Michigan,Big Ten,Non-Conference,3,0,3-0,3,25,12,Missouri,Missouri,FALSE
2019-09-06,Ohio,MAC,Temple,AAC,Non-Conference,2,3,3-2,5,22,25,Temple,Temple,FALSE
2019-09-06,Cincinnati,AAC,Tennessee,SEC,Non-Conference,3,0,3-0,3,25,18,Cincinnati,Cincinnati,FALSE
2019-09-06,Towson,CAA,Rutgers,Big Ten,Non-Conference,1,3,3-1,4,25,14,Towson,Rutgers,TRUE
2019-09-06,South Fla.,AAC,FGCU,ASUN,Non-Conference,0,3,3-0,3,13,25,FGCU,FGCU,FALSE
2019-09-06,Presbyterian,Big South,Morehead St.,OVC,Non-Conference,0,3,3-0,3,25,27,Morehead St.,Morehead St.,FALSE
2019-09-06,Little Rock,Sun Belt,Illinois St.,MVC,Non-Conference,0,3,3-0,3,13,25,Illinois St.,Illinois St.,FALSE
2019-09-06,Navy,Patriot,Alabama,SEC,Non-Conference,0,3,3-0,3,21,25,Alabama,Alabama,FALSE
2019-09-06,Omaha,Summit League,Clemson,ACC,Non-Conference,3,0,3-0,3,25,23,Omaha,Omaha,FALSE
2019-09-06,Montana St.,Big Sky,Western Mich.,MAC,Non-Conference,1,3,3-1,4,25,23,Montana St.,Western Mich.,TRUE
2019-09-06,Gardner-Webb,Big South,Memphis,AAC,Non-Conference,0,3,3-0,3,18,25,Memphis,Memphis,FALSE
2019-09-06,Southeastern La.,Southland,SIUE,OVC,Non-Conference,2,3,3-2,5,16,25,SIUE,SIUE,FALSE
2019-09-06,South Dakota St.,Summit League,La.-Monroe,Sun Belt,Non-Conference,3,2,3-2,5,25,21,South Dakota St.,South Dakota St.,FALSE
2019-09-06,IUPUI,Horizon,Lipscomb,ASUN,Non-Conference,2,3,3-2,5,21,25,Lipscomb,Lipscomb,FALSE
2019-09-06,Northern Ariz.,Big Sky,Seton Hall,Big East,Non-Conference,3,0,3-0,3,25,12,Northern Ariz.,Northern Ariz.,FALSE
2019-09-06,Central Conn. St.,NEC,Boston College,ACC,Non-Conference,1,3,3-1,4,14,25,Boston College,Boston College,FALSE
2019-09-06,Evansville,MVC,Western Ill.,Summit League,Non-Conference,2,3,3-2,5,25,20,Evansville,Western Ill.,TRUE
2019-09-06,Oakland,Horizon,DePaul,Big East,Non-Conference,3,1,3-1,4,25,23,Oakland,Oakland,FALSE
2019-09-06,UIC,Horizon,North Dakota St.,Summit League,Non-Conference,2,3,3-2,5,25,23,UIC,North Dakota St.,TRUE
2019-09-06,Austin Peay,OVC,Northwestern,Big Ten,Non-Conference,1,3,3-1,4,17,25,Northwestern,Northwestern,FALSE
2019-09-06,Middle Tenn.,C-USA,Boise St.,Mountain West,Non-Conference,1,3,3-1,4,15,25,Boise St.,Boise St.,FALSE
2019-09-06,Tulsa,AAC,South Dakota,Summit League,Non-Conference,0,3,3-0,3,18,25,South Dakota,South Dakota,FALSE
2019-09-06,Kentucky,SEC,Creighton,Big East,Non-Conference,1,3,3-1,4,23,25,Creighton,Creighton,FALSE
2019-09-06,Hampton,Big South,Saint Peter's,MAAC,Non-Conference,2,3,3-2,5,25,18,Hampton,Saint Peter's,TRUE
2019-09-06,Yale,Ivy League,Oklahoma,Big 12,Non-Conference,2,3,3-2,5,24,26,Oklahoma,Oklahoma,FALSE
2019-09-06,Canisius,MAAC,St. John's (NY),Big East,Non-Conference,0,3,3-0,3,20,25,St. John's (NY),St. John's (NY),FALSE
2019-09-06,Youngstown St.,Horizon,Niagara,MAAC,Non-Conference,3,1,3-1,4,25,16,Youngstown St.,Youngstown St.,FALSE
2019-09-06,Charlotte,C-USA,Bowling Green,MAC,Non-Conference,0,3,3-0,3,15,25,Bowling Green,Bowling Green,FALSE
2019-09-06,Col. of Charleston,CAA,Northern Colo.,Big Sky,Non-Conference,2,3,3-2,5,15,25,Northern Colo.,Northern Colo.,FALSE
2019-09-06,Coppin St.,MEAC,UTEP,C-USA,Non-Conference,0,3,3-0,3,21,25,UTEP,UTEP,FALSE
2019-09-06,ETSU,SoCon,Charleston So.,Big South,Non-Conference,3,0,3-0,3,25,18,ETSU,ETSU,FALSE
2019-09-06,Southern U.,SWAC,UIW,Southland,Non-Conference,0,3,3-0,3,17,25,UIW,UIW,FALSE
2019-09-06,Utah,Pac-12,UC Davis,Big West,Non-Conference,3,0,3-0,3,25,17,Utah,Utah,FALSE
2019-09-06,Wofford,SoCon,Duke,ACC,Non-Conference,1,3,3-1,4,24,26,Duke,Duke,FALSE
2019-09-06,Columbia,Ivy League,Howard,MEAC,Non-Conference,3,2,3-2,5,25,20,Columbia,Columbia,FALSE
2019-09-06,Eastern Ill.,OVC,Central Mich.,MAC,Non-Conference,0,3,3-0,3,20,25,Central Mich.,Central Mich.,FALSE
2019-09-06,Winthrop,Big South,American,Patriot,Non-Conference,2,3,3-2,5,25,22,Winthrop,American,TRUE
2019-09-06,Indiana St.,MVC,Michigan St.,Big Ten,Non-Conference,0,3,3-0,3,9,25,Michigan St.,Michigan St.,FALSE
2019-09-06,Tennessee Tech,OVC,Louisville,ACC,Non-Conference,0,3,3-0,3,14,25,Louisville,Louisville,FALSE
2019-09-06,Northern Ill.,MAC,Dayton,Atlantic 10,Non-Conference,0,3,3-0,3,19,25,Dayton,Dayton,FALSE
2019-09-06,Rider,MAAC,Toledo,MAC,Non-Conference,1,3,3-1,4,20,25,Toledo,Toledo,FALSE
2019-09-06,Northwestern St.,Southland,Mississippi Val.,SWAC,Non-Conference,3,0,3-0,3,25,7,Northwestern St.,Northwestern St.,FALSE
2019-09-06,Cal St. Fullerton,Big West,Western Caro.,SoCon,Non-Conference,3,0,3-0,3,26,24,Cal St. Fullerton,Cal St. Fullerton,FALSE
2019-09-06,Wake Forest,ACC,Mercer,SoCon,Non-Conference,3,0,3-0,3,25,18,Wake Forest,Wake Forest,FALSE
2019-09-06,Stetson,ASUN,FIU,C-USA,Non-Conference,1,3,3-1,4,25,16,Stetson,FIU,TRUE
2019-09-06,Ball St.,MAC,Grand Canyon,WAC,Non-Conference,3,2,3-2,5,16,25,Grand Canyon,Ball St.,TRUE
2019-09-06,Virginia,ACC,Princeton,Ivy League,Non-Conference,3,1,3-1,4,25,23,Virginia,Virginia,FALSE
2019-09-06,Saint Francis (PA),NEC,UMBC,America East,Non-Conference,0,3,3-0,3,19,25,UMBC,UMBC,FALSE
2019-09-06,UMES,MEAC,Penn,Ivy League,Non-Conference,2,3,3-2,5,26,24,UMES,Penn,TRUE
2019-09-06,Florida A&M,MEAC,Eastern Mich.,MAC,Non-Conference,1,3,3-1,4,15,25,Eastern Mich.,Eastern Mich.,FALSE
2019-09-06,Houston,AAC,UTSA,C-USA,Non-Conference,3,1,3-1,4,19,25,UTSA,Houston,TRUE
2019-09-06,Georgia St.,Sun Belt,Providence,Big East,Non-Conference,3,1,3-1,4,25,23,Georgia St.,Georgia St.,FALSE
2019-09-06,Chattanooga,SoCon,Murray St.,OVC,Non-Conference,1,3,3-1,4,25,21,Chattanooga,Murray St.,TRUE
2019-09-06,Milwaukee,Horizon,Eastern Wash.,Big Sky,Non-Conference,2,3,3-2,5,25,14,Milwaukee,Eastern Wash.,TRUE
2019-09-06,CSUN,Big West,Fresno St.,Mountain West,Non-Conference,0,3,3-0,3,20,25,Fresno St.,Fresno St.,FALSE
2019-09-06,Loyola Maryland,Patriot,Loyola Chicago,MVC,Non-Conference,2,3,3-2,5,25,17,Loyola Maryland,Loyola Chicago,TRUE
2019-09-06,A&M-Corpus Christi,Southland,New Mexico,Mountain West,Non-Conference,3,0,3-0,3,25,18,A&M-Corpus Christi,A&M-Corpus Christi,FALSE
2019-09-06,Delaware St.,MEAC,Manhattan,MAAC,Non-Conference,0,3,3-0,3,10,25,Manhattan,Manhattan,FALSE
2019-09-06,LMU (CA),WCC,Rice,C-USA,Non-Conference,1,3,3-1,4,25,21,LMU (CA),Rice,TRUE
2019-09-06,Prairie View,SWAC,Lamar University,Southland,Non-Conference,0,3,3-0,3,14,25,Lamar University,Lamar University,FALSE
2019-09-06,Fla. Atlantic,C-USA,Colorado St.,Mountain West,Non-Conference,0,3,3-0,3,19,25,Colorado St.,Colorado St.,FALSE
2019-09-06,Washington St.,Pac-12,Utah St.,Mountain West,Non-Conference,3,1,3-1,4,25,8,Washington St.,Washington St.,FALSE
2019-09-06,La Salle,Atlantic 10,Binghamton,America East,Non-Conference,3,0,3-0,3,25,14,La Salle,La Salle,FALSE
2019-09-06,Buffalo,MAC,Wyoming,Mountain West,Non-Conference,0,3,3-0,3,11,25,Wyoming,Wyoming,FALSE
2019-09-06,Alabama A&M,SWAC,Southern Ill.,MVC,Non-Conference,1,3,3-1,4,25,17,Alabama A&M,Southern Ill.,TRUE
2019-09-06,UT Martin,OVC,Ark.-Pine Bluff,SWAC,Non-Conference,3,1,3-1,4,25,12,UT Martin,UT Martin,FALSE
2019-09-06,Jackson St.,SWAC,Southeast Mo. St.,OVC,Non-Conference,0,3,3-0,3,10,25,Southeast Mo. St.,Southeast Mo. St.,FALSE
2019-09-06,Belmont,OVC,Bradley,MVC,Non-Conference,0,3,3-0,3,11,25,Bradley,Bradley,FALSE
2019-09-06,Louisiana Tech,C-USA,Kansas City,WAC,Non-Conference,1,3,3-1,4,29,27,Louisiana Tech,Kansas City,TRUE
2019-09-06,North Dakota,Summit League,Villanova,Big East,Non-Conference,0,3,3-0,3,22,25,Villanova,Villanova,FALSE
2019-09-06,UNLV,Mountain West,UC Irvine,Big West,Non-Conference,1,3,3-1,4,21,25,UC Irvine,UC Irvine,FALSE
2019-09-06,Texas Tech,Big 12,SFA,Southland,Non-Conference,0,3,3-0,3,22,25,SFA,SFA,FALSE
2019-09-06,Siena,MAAC,St. Francis Brooklyn,NEC,Non-Conference,3,0,3-0,3,25,21,Siena,Siena,FALSE
2019-09-06,Portland St.,Big Sky,Utah Valley,WAC,Non-Conference,2,3,3-2,5,25,20,Portland St.,Utah Valley,TRUE
2019-09-06,UC Santa Barbara,Big West,NC State,ACC,Non-Conference,3,1,3-1,4,25,17,UC Santa Barbara,UC Santa Barbara,FALSE
2019-09-06,McNeese,Southland,Louisiana,Sun Belt,Non-Conference,2,3,3-2,5,25,23,McNeese,Louisiana,TRUE
2019-09-06,Tennessee St.,OVC,South Alabama,Sun Belt,Non-Conference,2,3,3-2,5,14,25,South Alabama,South Alabama,FALSE
2019-09-06,North Carolina,ACC,California,Pac-12,Non-Conference,0,3,3-0,3,15,25,California,California,FALSE
2019-09-06,Fordham,Atlantic 10,Rider,MAAC,Non-Conference,3,1,3-1,4,25,18,Fordham,Fordham,FALSE
2019-09-06,Quinnipiac,MAAC,NJIT,ASUN,Non-Conference,3,2,3-2,5,25,16,Quinnipiac,Quinnipiac,FALSE
2019-09-06,Idaho,Big Sky,Portland,WCC,Non-Conference,0,3,3-0,3,14,25,Portland,Portland,FALSE
2019-09-06,Northern Ky.,Horizon,Stony Brook,America East,Non-Conference,3,0,3-0,3,29,27,Northern Ky.,Northern Ky.,FALSE
2019-09-06,Western Caro.,SoCon,Alabama St.,SWAC,Non-Conference,3,0,3-0,3,25,16,Western Caro.,Western Caro.,FALSE
2019-09-06,Santa Clara,WCC,CSU Bakersfield,WAC,Non-Conference,3,0,3-0,3,25,22,Santa Clara,Santa Clara,FALSE
2019-09-06,UC Riverside,Big West,San Francisco,WCC,Non-Conference,2,3,3-2,5,32,30,UC Riverside,San Francisco,TRUE
2019-09-06,Saint Francis (PA),NEC,Delaware,CAA,Non-Conference,0,3,3-0,3,11,25,Delaware,Delaware,FALSE
2019-09-06,Colgate,Patriot,Rhode Island,Atlantic 10,Non-Conference,3,0,3-0,3,25,20,Colgate,Colgate,FALSE
2019-09-06,Purdue Fort Wayne,Summit League,Nevada,Mountain West,Non-Conference,0,3,3-0,3,21,25,Nevada,Nevada,FALSE
2019-09-06,Houston Baptist,Southland,Ole Miss,SEC,Non-Conference,0,3,3-0,3,22,25,Ole Miss,Ole Miss,FALSE
2019-09-06,Mississippi St.,SEC,New Orleans,Southland,Non-Conference,3,1,3-1,4,18,25,New Orleans,Mississippi St.,TRUE
2019-09-06,James Madison,CAA,Kennesaw St.,ASUN,Non-Conference,2,3,3-2,5,25,19,James Madison,Kennesaw St.,TRUE
2019-09-06,N.C. A&T,MEAC,Dartmouth,Ivy League,Non-Conference,0,3,3-0,3,18,25,Dartmouth,Dartmouth,FALSE
2019-09-06,Penn,Ivy League,Lehigh,Patriot,Non-Conference,1,3,3-1,4,15,25,Lehigh,Lehigh,FALSE
2019-09-06,Iona,MAAC,Central Conn. St.,NEC,Non-Conference,0,3,3-0,3,13,25,Central Conn. St.,Central Conn. St.,FALSE
2019-09-06,Wright St.,Horizon,William & Mary,CAA,Non-Conference,3,0,3-0,3,25,20,Wright St.,Wright St.,FALSE
2019-09-06,Mercer,SoCon,East Carolina,AAC,Non-Conference,1,3,3-1,4,25,20,Mercer,East Carolina,TRUE
2019-09-06,UT Martin,OVC,Gardner-Webb,Big South,Non-Conference,3,1,3-1,4,25,11,UT Martin,UT Martin,FALSE
2019-09-06,Temple,AAC,Winthrop,Big South,Non-Conference,3,0,3-0,3,25,18,Temple,Temple,FALSE
2019-09-06,Seattle U,WAC,Brown,Ivy League,Non-Conference,2,3,3-2,5,25,13,Seattle U,Brown,TRUE
2019-09-06,Princeton,Ivy League,Rutgers,Big Ten,Non-Conference,1,3,3-1,4,18,25,Rutgers,Rutgers,FALSE
2019-09-06,Providence,Big East,Presbyterian,Big South,Non-Conference,3,0,3-0,3,25,20,Providence,Providence,FALSE
2019-09-06,Northeastern,CAA,Northern Ariz.,Big Sky,Non-Conference,3,2,3-2,5,25,21,Northeastern,Northeastern,FALSE
2019-09-06,Jacksonville,ASUN,Murray St.,OVC,Non-Conference,2,3,3-2,5,29,27,Jacksonville,Murray St.,TRUE
2019-09-06,Robert Morris,NEC,Idaho St.,Big Sky,Non-Conference,3,0,3-0,3,25,22,Robert Morris,Robert Morris,FALSE
2019-09-06,N.C. Central,MEAC,Campbell,Big South,Non-Conference,0,3,3-0,3,14,25,Campbell,Campbell,FALSE
2019-09-06,Oregon St.,Pac-12,Yale,Ivy League,Non-Conference,3,1,3-1,4,25,22,Oregon St.,Oregon St.,FALSE
2019-09-06,South Carolina St.,MEAC,ETSU,SoCon,Non-Conference,0,3,3-0,3,16,25,ETSU,ETSU,FALSE
2019-09-06,Charlotte,C-USA,Cleveland St.,Horizon,Non-Conference,0,3,3-0,3,23,25,Cleveland St.,Cleveland St.,FALSE
2019-09-06,Columbia,Ivy League,St. John's (NY),Big East,Non-Conference,0,3,3-0,3,13,25,St. John's (NY),St. John's (NY),FALSE
2019-09-06,Wofford,SoCon,Appalachian St.,Sun Belt,Non-Conference,0,3,3-0,3,23,25,Appalachian St.,Appalachian St.,FALSE
2019-09-06,Marshall,C-USA,Georgetown,Big East,Non-Conference,3,2,3-2,5,25,16,Marshall,Marshall,FALSE
2019-09-06,McNeese,Southland,Florida A&M,MEAC,Non-Conference,3,1,3-1,4,17,25,Florida A&M,McNeese,TRUE
2019-09-06,Kansas,Big 12,Albany (NY),America East,Non-Conference,3,0,3-0,3,25,16,Kansas,Kansas,FALSE
2019-09-06,Washington,Pac-12,Illinois,Big Ten,Non-Conference,3,2,3-2,5,25,22,Washington,Washington,FALSE
2019-09-06,Northern Ill.,MAC,Michigan,Big Ten,Non-Conference,0,3,3-0,3,19,25,Michigan,Michigan,FALSE
2019-09-06,Niagara,MAAC,Hartford,America East,Non-Conference,0,3,3-0,3,20,25,Hartford,Hartford,FALSE
2019-09-06,UIC,Horizon,Eastern Ill.,OVC,Non-Conference,3,0,3-0,3,25,22,UIC,UIC,FALSE
2019-09-06,Fla. Atlantic,C-USA,Florida St.,ACC,Non-Conference,2,3,3-2,5,25,23,Fla. Atlantic,Florida St.,TRUE
2019-09-06,FGCU,ASUN,Auburn,SEC,Non-Conference,3,0,3-0,3,25,22,FGCU,FGCU,FALSE
2019-09-06,Howard,MEAC,Canisius,MAAC,Non-Conference,3,0,3-0,3,25,19,Howard,Howard,FALSE
2019-09-06,Maryland,Big Ten,UTRGV,WAC,Non-Conference,2,3,3-2,5,25,17,Maryland,UTRGV,TRUE
2019-09-06,Prairie View,SWAC,La.-Monroe,Sun Belt,Non-Conference,2,3,3-2,5,29,27,Prairie View,La.-Monroe,TRUE
2019-09-06,Saint Louis,Atlantic 10,Milwaukee,Horizon,Non-Conference,1,3,3-1,4,24,26,Milwaukee,Milwaukee,FALSE
2019-09-06,Tennessee,SEC,Miami (OH),MAC,Non-Conference,3,0,3-0,3,25,20,Tennessee,Tennessee,FALSE
2019-09-06,Saint Peter's,MAAC,Bucknell,Patriot,Non-Conference,0,3,3-0,3,16,25,Bucknell,Bucknell,FALSE
2019-09-06,Tulsa,AAC,Louisiana Tech,C-USA,Non-Conference,3,1,3-1,4,27,25,Tulsa,Tulsa,FALSE
2019-09-06,Jackson St.,SWAC,Evansville,MVC,Non-Conference,0,3,3-0,3,18,25,Evansville,Evansville,FALSE
2019-09-06,Green Bay,Horizon,Duquesne,Atlantic 10,Non-Conference,3,2,3-2,5,25,22,Green Bay,Green Bay,FALSE
2019-09-06,Mississippi Val.,SWAC,Tennessee St.,OVC,Non-Conference,0,3,3-0,3,18,25,Tennessee St.,Tennessee St.,FALSE
2019-09-06,DePaul,Big East,Belmont,OVC,Non-Conference,3,1,3-1,4,27,25,DePaul,DePaul,FALSE
2019-09-06,Tennessee Tech,OVC,Arizona St.,Pac-12,Non-Conference,0,3,3-0,3,22,25,Arizona St.,Arizona St.,FALSE
2019-09-06,Morgan St.,MEAC,Fairleigh Dickinson,NEC,Non-Conference,3,0,3-0,3,25,18,Morgan St.,Morgan St.,FALSE
2019-09-06,Southeastern La.,Southland,Alabama A&M,SWAC,Non-Conference,3,0,3-0,3,25,8,Southeastern La.,Southeastern La.,FALSE
2019-09-06,Hofstra,CAA,FIU,C-USA,Non-Conference,0,3,3-0,3,17,25,FIU,FIU,FALSE
2019-09-06,SFA,Southland,Austin Peay,OVC,Non-Conference,3,0,3-0,3,25,19,SFA,SFA,FALSE
2019-09-06,North Dakota,Summit League,Bryant,NEC,Non-Conference,0,3,3-0,3,21,25,Bryant,Bryant,FALSE
2019-09-06,Virginia Tech,ACC,Elon,CAA,Non-Conference,3,1,3-1,4,25,19,Virginia Tech,Virginia Tech,FALSE
2019-09-06,Boise St.,Mountain West,Saint Mary's (CA),WCC,Non-Conference,3,2,3-2,5,21,25,Saint Mary's (CA),Boise St.,TRUE
2019-09-06,Central Ark.,Southland,Clemson,ACC,Non-Conference,0,3,3-0,3,23,25,Clemson,Clemson,FALSE
2019-09-06,Toledo,MAC,Radford,Big South,Non-Conference,3,2,3-2,5,20,25,Radford,Toledo,TRUE
2019-09-06,Alabama,SEC,VCU,Atlantic 10,Non-Conference,2,3,3-2,5,17,25,VCU,VCU,FALSE
2019-09-06,Western Mich.,MAC,Loyola Maryland,Patriot,Non-Conference,3,2,3-2,5,25,18,Western Mich.,Western Mich.,FALSE
2019-09-06,LIU,NEC,Weber St.,Big Sky,Non-Conference,0,3,3-0,3,25,27,Weber St.,Weber St.,FALSE
2019-09-06,Bethune-Cookman,MEAC,Texas Southern,SWAC,Non-Conference,3,2,3-2,5,20,25,Texas Southern,Bethune-Cookman,TRUE
2019-09-06,Eastern Ky.,OVC,UNC Asheville,Big South,Non-Conference,0,3,3-0,3,21,25,UNC Asheville,UNC Asheville,FALSE
2019-09-06,Holy Cross,Patriot,New Hampshire,America East,Non-Conference,0,3,3-0,3,21,25,New Hampshire,New Hampshire,FALSE
2019-09-06,San Jose St.,Mountain West,North Texas,C-USA,Non-Conference,3,2,3-2,5,16,25,North Texas,San Jose St.,TRUE
2019-09-06,UMES,MEAC,Lehigh,Patriot,Non-Conference,1,3,3-1,4,25,22,UMES,Lehigh,TRUE
2019-09-06,St. Francis Brooklyn,NEC,Hampton,Big South,Non-Conference,2,3,3-2,5,25,17,St. Francis Brooklyn,Hampton,TRUE
2019-09-06,Boston College,ACC,UConn,AAC,Non-Conference,3,2,3-2,5,19,25,UConn,Boston College,TRUE
2019-09-06,Akron,MAC,Xavier,Big East,Non-Conference,3,2,3-2,5,23,25,Xavier,Akron,TRUE
2019-09-06,Manhattan,MAAC,Lafayette,Patriot,Non-Conference,3,1,3-1,4,25,23,Manhattan,Manhattan,FALSE
2019-09-06,Arkansas St.,Sun Belt,Southern Miss.,C-USA,Non-Conference,3,0,3-0,3,25,19,Arkansas St.,Arkansas St.,FALSE
2019-09-06,South Carolina,SEC,UCF,AAC,Non-Conference,0,3,3-0,3,21,25,UCF,UCF,FALSE
2019-09-06,La Salle,Atlantic 10,Seton Hall,Big East,Non-Conference,3,0,3-0,3,25,17,La Salle,La Salle,FALSE
2019-09-06,Oklahoma,Big 12,Indiana,Big Ten,Non-Conference,3,2,3-2,5,25,23,Oklahoma,Oklahoma,FALSE
2019-09-06,Sacred Heart,NEC,Harvard,Ivy League,Non-Conference,2,3,3-2,5,21,25,Harvard,Harvard,FALSE
2019-09-06,Montana,Big Sky,Ball St.,MAC,Non-Conference,0,3,3-0,3,9,25,Ball St.,Ball St.,FALSE
2019-09-06,Missouri St.,MVC,Tulane,AAC,Non-Conference,0,3,3-0,3,17,25,Tulane,Tulane,FALSE
2019-09-06,IUPUI,Horizon,Georgia Tech,ACC,Non-Conference,0,3,3-0,3,14,25,Georgia Tech,Georgia Tech,FALSE
2019-09-06,Buffalo,MAC,Northern Colo.,Big Sky,Non-Conference,0,3,3-0,3,10,25,Northern Colo.,Northern Colo.,FALSE
2019-09-06,North Carolina,ACC,UC Irvine,Big West,Non-Conference,3,1,3-1,4,25,19,North Carolina,North Carolina,FALSE
2019-09-06,Portland St.,Big Sky,Utah,Pac-12,Non-Conference,0,3,3-0,3,13,25,Utah,Utah,FALSE
2019-09-06,Butler,Big East,Bowling Green,MAC,Non-Conference,1,3,3-1,4,25,17,Butler,Bowling Green,TRUE
2019-09-06,Youngstown St.,Horizon,Cornell,Ivy League,Non-Conference,0,3,3-0,3,16,25,Cornell,Cornell,FALSE
2019-09-06,George Mason,Atlantic 10,UMBC,America East,Non-Conference,3,2,3-2,5,25,19,George Mason,George Mason,FALSE
2019-09-06,Towson,CAA,Virginia,ACC,Non-Conference,3,1,3-1,4,25,11,Towson,Towson,FALSE
2019-09-06,Arizona,Pac-12,Nebraska,Big Ten,Non-Conference,1,3,3-1,4,17,25,Nebraska,Nebraska,FALSE
2019-09-06,Georgia St.,Sun Belt,Morehead St.,OVC,Non-Conference,0,3,3-0,3,14,25,Morehead St.,Morehead St.,FALSE
2019-09-06,Wake Forest,ACC,North Florida,ASUN,Non-Conference,3,1,3-1,4,19,25,North Florida,Wake Forest,TRUE
2019-09-06,Ohio,MAC,American,Patriot,Non-Conference,3,2,3-2,5,19,25,American,Ohio,TRUE
2019-09-06,Little Rock,Sun Belt,Air Force,Mountain West,Non-Conference,0,3,3-0,3,23,25,Air Force,Air Force,FALSE
2019-09-06,Charleston So.,Big South,Coastal Carolina,Sun Belt,Non-Conference,0,3,3-0,3,19,25,Coastal Carolina,Coastal Carolina,FALSE
2019-09-06,Utah St.,Mountain West,Idaho,Big Sky,Non-Conference,0,3,3-0,3,18,25,Idaho,Idaho,FALSE
2019-09-06,Colorado St.,Mountain West,TCU,Big 12,Non-Conference,3,0,3-0,3,25,19,Colorado St.,Colorado St.,FALSE
2019-09-06,Valparaiso,MVC,Kent St.,MAC,Non-Conference,2,3,3-2,5,25,22,Valparaiso,Kent St.,TRUE
2019-09-06,Purdue,Big Ten,Notre Dame,ACC,Non-Conference,2,3,3-2,5,25,16,Purdue,Notre Dame,TRUE
2019-09-06,UNCW,CAA,Duke,ACC,Non-Conference,1,3,3-1,4,25,21,UNCW,Duke,TRUE
2019-09-06,Chattanooga,SoCon,Troy,Sun Belt,Non-Conference,0,3,3-0,3,15,25,Troy,Troy,FALSE
2019-09-06,Penn St.,Big Ten,Iowa St.,Big 12,Non-Conference,3,0,3-0,3,25,22,Penn St.,Penn St.,FALSE
2019-09-06,CSU Bakersfield,WAC,CSUN,Big West,Non-Conference,0,3,3-0,3,20,25,CSUN,CSUN,FALSE
2019-09-06,Missouri,SEC,Dayton,Atlantic 10,Non-Conference,3,1,3-1,4,25,21,Missouri,Missouri,FALSE
2019-09-06,Western Ky.,C-USA,Louisville,ACC,Non-Conference,1,3,3-1,4,18,25,Louisville,Louisville,FALSE
2019-09-06,Nevada,Mountain West,UC Riverside,Big West,Non-Conference,0,3,3-0,3,23,25,UC Riverside,UC Riverside,FALSE
2019-09-06,George Washington,Atlantic 10,Miami (FL),ACC,Non-Conference,2,3,3-2,5,19,25,Miami (FL),Miami (FL),FALSE
2019-09-06,Cincinnati,AAC,Michigan St.,Big Ten,Non-Conference,1,3,3-1,4,12,25,Michigan St.,Michigan St.,FALSE
2019-09-06,UIW,Southland,UT Arlington,Sun Belt,Non-Conference,0,3,3-0,3,11,25,UT Arlington,UT Arlington,FALSE
2019-09-06,Eastern Mich.,MAC,Louisiana,Sun Belt,Non-Conference,0,3,3-0,3,16,25,Louisiana,Louisiana,FALSE
2019-09-06,Ark.-Pine Bluff,SWAC,Memphis,AAC,Non-Conference,0,3,3-0,3,19,25,Memphis,Memphis,FALSE
2019-09-06,Alabama St.,SWAC,Chicago St.,WAC,Non-Conference,0,3,3-0,3,17,25,Chicago St.,Chicago St.,FALSE
2019-09-06,Villanova,Big East,Marist,MAAC,Non-Conference,3,0,3-0,3,25,23,Villanova,Villanova,FALSE
2019-09-06,Pacific,WCC,New Mexico St.,WAC,Non-Conference,0,3,3-0,3,22,25,New Mexico St.,New Mexico St.,FALSE
2019-09-06,Montana St.,Big Sky,Loyola Chicago,MVC,Non-Conference,0,3,3-0,3,26,28,Loyola Chicago,Loyola Chicago,FALSE
2019-09-06,Colorado,Pac-12,Iowa,Big Ten,Non-Conference,3,0,3-0,3,25,22,Colorado,Colorado,FALSE
2019-09-06,Oakland,Horizon,Bradley,MVC,Non-Conference,1,3,3-1,4,24,26,Bradley,Bradley,FALSE
2019-09-06,Ohio St.,Big Ten,Pittsburgh,ACC,Non-Conference,0,3,3-0,3,21,25,Pittsburgh,Pittsburgh,FALSE
2019-09-06,Northwestern St.,Southland,South Alabama,Sun Belt,Non-Conference,1,3,3-1,4,18,25,South Alabama,South Alabama,FALSE
2019-09-06,Eastern Wash.,Big Sky,Drake,MVC,Non-Conference,0,3,3-0,3,15,25,Drake,Drake,FALSE
2019-09-06,Alcorn,SWAC,Nicholls St.,Southland,Non-Conference,0,3,3-0,3,12,25,Nicholls St.,Nicholls St.,FALSE
2019-09-06,Southern California,Pac-12,Kentucky,SEC,Non-Conference,1,3,3-1,4,18,25,Kentucky,Kentucky,FALSE
2019-09-06,Western Ill.,Summit League,Southeast Mo. St.,OVC,Non-Conference,0,3,3-0,3,19,25,Southeast Mo. St.,Southeast Mo. St.,FALSE
2019-09-06,South Dakota St.,Summit League,Lamar University,Southland,Non-Conference,0,3,3-0,3,14,25,Lamar University,Lamar University,FALSE
2019-09-06,Baylor,Big 12,Wisconsin,Big Ten,Non-Conference,3,1,3-1,4,21,25,Wisconsin,Baylor,TRUE
2019-09-06,Texas St.,Sun Belt,UCLA,Pac-12,Non-Conference,0,3,3-0,3,24,26,UCLA,UCLA,FALSE
2019-09-06,South Dakota,Summit League,Kansas City,WAC,Non-Conference,3,0,3-0,3,25,14,South Dakota,South Dakota,FALSE
2019-09-06,Middle Tenn.,C-USA,Southern Utah,Big Sky,Non-Conference,0,3,3-0,3,18,25,Southern Utah,Southern Utah,FALSE
2019-09-06,Omaha,Summit League,Kansas St.,Big 12,Non-Conference,2,3,3-2,5,21,25,Kansas St.,Kansas St.,FALSE
2019-09-06,SIUE,OVC,Southern Ill.,MVC,Non-Conference,3,1,3-1,4,25,23,SIUE,SIUE,FALSE
2019-09-06,Texas Tech,Big 12,Northwestern,Big Ten,Non-Conference,2,3,3-2,5,25,21,Texas Tech,Northwestern,TRUE
2019-09-06,Illinois St.,MVC,Oral Roberts,Summit League,Non-Conference,3,0,3-0,3,25,18,Illinois St.,Illinois St.,FALSE
2019-09-06,North Dakota St.,Summit League,Central Mich.,MAC,Non-Conference,2,3,3-2,5,22,25,Central Mich.,Central Mich.,FALSE
2019-09-06,Creighton,Big East,UNI,MVC,Non-Conference,3,2,3-2,5,19,25,UNI,Creighton,TRUE
2019-09-06,UC Davis,Big West,Utah Valley,WAC,Non-Conference,0,3,3-0,3,10,25,Utah Valley,Utah Valley,FALSE
2019-09-06,Fairfield,MAAC,Pepperdine,WCC,Non-Conference,1,3,3-1,4,25,20,Fairfield,Pepperdine,TRUE
2019-09-06,A&M-Corpus Christi,Southland,UTEP,C-USA,Non-Conference,2,3,3-2,5,25,18,A&M-Corpus Christi,UTEP,TRUE
2019-09-06,Col. of Charleston,CAA,Wyoming,Mountain West,Non-Conference,0,3,3-0,3,13,25,Wyoming,Wyoming,FALSE
2019-09-06,Sam Houston St.,Southland,BYU,WCC,Non-Conference,1,3,3-1,4,26,24,Sam Houston St.,BYU,TRUE
2019-09-06,West Virginia,Big 12,San Diego St.,Mountain West,Non-Conference,2,3,3-2,5,25,21,West Virginia,San Diego St.,TRUE
2019-09-06,Grand Canyon,WAC,Gonzaga,WCC,Non-Conference,3,1,3-1,4,18,25,Gonzaga,Grand Canyon,TRUE
2019-09-06,Arkansas,SEC,San Diego,WCC,Non-Conference,0,3,3-0,3,13,25,San Diego,San Diego,FALSE
2019-09-06,Wichita St.,AAC,Cal Poly,Big West,Non-Conference,2,3,3-2,5,21,25,Cal Poly,Cal Poly,FALSE
2019-09-06,Abilene Christian,Southland,LMU (CA),WCC,Non-Conference,0,3,3-0,3,13,25,LMU (CA),LMU (CA),FALSE
2019-09-06,Washington St.,Pac-12,Portland,WCC,Non-Conference,3,0,3-0,3,25,17,Washington St.,Washington St.,FALSE
2019-09-06,Purdue Fort Wayne,Summit League,San Francisco,WCC,Non-Conference,0,3,3-0,3,18,25,San Francisco,San Francisco,FALSE
2019-09-06,Santa Clara,WCC,Fresno St.,Mountain West,Non-Conference,2,3,3-2,5,25,20,Santa Clara,Fresno St.,TRUE
2019-09-06,Georgia,SEC,Long Beach St.,Big West,Non-Conference,3,1,3-1,4,20,25,Long Beach St.,Georgia,TRUE
2019-09-06,Western Ky.,C-USA,Arizona St.,Pac-12,Non-Conference,3,1,3-1,4,21,25,Arizona St.,Western Ky.,TRUE
2019-09-06,Army West Point,Patriot,Denver,Summit League,Non-Conference,0,3,3-0,3,20,25,Denver,Denver,FALSE
2019-09-07,Valparaiso,MVC,Idaho St.,Big Sky,Non-Conference,3,0,3-0,3,25,19,Valparaiso,Valparaiso,FALSE
2019-09-07,Sacramento St.,Big Sky,Hawaii,Big West,Non-Conference,0,3,3-0,3,19,25,Hawaii,Hawaii,FALSE
2019-09-07,Binghamton,America East,Northeastern,CAA,Non-Conference,0,3,3-0,3,15,25,Northeastern,Northeastern,FALSE
2019-09-07,Jacksonville St.,OVC,Samford,SoCon,Non-Conference,0,3,3-0,3,22,25,Samford,Samford,FALSE
2019-09-07,Norfolk St.,MEAC,Rider,MAAC,Non-Conference,0,3,3-0,3,12,25,Rider,Rider,FALSE
2019-09-07,Stetson,ASUN,Hofstra,CAA,Non-Conference,2,3,3-2,5,25,22,Stetson,Hofstra,TRUE
2019-09-07,Siena,MAAC,Hampton,Big South,Non-Conference,3,2,3-2,5,25,18,Siena,Siena,FALSE
2019-09-07,Elon,CAA,Liberty,ASUN,Non-Conference,0,3,3-0,3,12,25,Liberty,Liberty,FALSE
2019-09-07,Gardner-Webb,Big South,Ark.-Pine Bluff,SWAC,Non-Conference,3,0,3-0,3,25,17,Gardner-Webb,Gardner-Webb,FALSE
2019-09-07,North Dakota,Summit League,Marist,MAAC,Non-Conference,3,2,3-2,5,23,25,Marist,North Dakota,TRUE
2019-09-07,NJIT,ASUN,Morgan St.,MEAC,Non-Conference,0,3,3-0,3,17,25,Morgan St.,Morgan St.,FALSE
2019-09-07,Sacred Heart,NEC,Rhode Island,Atlantic 10,Non-Conference,3,2,3-2,5,19,25,Rhode Island,Sacred Heart,TRUE
2019-09-07,Holy Cross,Patriot,Seattle U,WAC,Non-Conference,2,3,3-2,5,19,25,Seattle U,Seattle U,FALSE
2019-09-07,Dartmouth,Ivy League,Eastern Ky.,OVC,Non-Conference,0,3,3-0,3,22,25,Eastern Ky.,Eastern Ky.,FALSE
2019-09-07,Niagara,MAAC,Cornell,Ivy League,Non-Conference,0,3,3-0,3,15,25,Cornell,Cornell,FALSE
2019-09-07,Idaho St.,Big Sky,Kent St.,MAC,Non-Conference,1,3,3-1,4,16,25,Kent St.,Kent St.,FALSE
2019-09-07,Stony Brook,America East,Marshall,C-USA,Non-Conference,0,3,3-0,3,23,25,Marshall,Marshall,FALSE
2019-09-07,Navy,Patriot,UC Santa Barbara,Big West,Non-Conference,1,3,3-1,4,15,25,UC Santa Barbara,UC Santa Barbara,FALSE
2019-09-07,Arkansas St.,Sun Belt,Mississippi St.,SEC,Non-Conference,2,3,3-2,5,22,25,Mississippi St.,Mississippi St.,FALSE
2019-09-07,Furman,SoCon,James Madison,CAA,Non-Conference,0,3,3-0,3,21,25,James Madison,James Madison,FALSE
2019-09-07,Boston College,ACC,Iona,MAAC,Non-Conference,3,0,3-0,3,25,21,Boston College,Boston College,FALSE
2019-09-07,Ohio St.,Big Ten,Duquesne,Atlantic 10,Non-Conference,3,0,3-0,3,25,9,Ohio St.,Ohio St.,FALSE
2019-09-07,Princeton,Ivy League,Towson,CAA,Non-Conference,0,3,3-0,3,21,25,Towson,Towson,FALSE
2019-09-07,Binghamton,America East,Seton Hall,Big East,Non-Conference,1,3,3-1,4,19,25,Seton Hall,Seton Hall,FALSE
2019-09-07,South Fla.,AAC,Auburn,SEC,Non-Conference,2,3,3-2,5,25,20,South Fla.,Auburn,TRUE
2019-09-07,William & Mary,CAA,Xavier,Big East,Non-Conference,1,3,3-1,4,10,25,Xavier,Xavier,FALSE
2019-09-07,McNeese,Southland,Eastern Mich.,MAC,Non-Conference,0,3,3-0,3,11,25,Eastern Mich.,Eastern Mich.,FALSE
2019-09-07,George Mason,Atlantic 10,Saint Francis (PA),NEC,Non-Conference,3,1,3-1,4,25,22,George Mason,George Mason,FALSE
2019-09-07,Prairie View,SWAC,South Dakota St.,Summit League,Non-Conference,0,3,3-0,3,17,25,South Dakota St.,South Dakota St.,FALSE
2019-09-07,UTRGV,WAC,UTSA,C-USA,Non-Conference,0,3,3-0,3,22,25,UTSA,UTSA,FALSE
2019-09-07,Winthrop,Big South,Ohio,MAC,Non-Conference,2,3,3-2,5,25,21,Winthrop,Ohio,TRUE
2019-09-07,Wake Forest,ACC,East Carolina,AAC,Non-Conference,3,0,3-0,3,25,19,Wake Forest,Wake Forest,FALSE
2019-09-07,South Carolina St.,MEAC,Charleston So.,Big South,Non-Conference,0,3,3-0,3,14,25,Charleston So.,Charleston So.,FALSE
2019-09-07,Fordham,Atlantic 10,Radford,Big South,Non-Conference,1,3,3-1,4,27,25,Fordham,Radford,TRUE
2019-09-07,Belmont,OVC,Oakland,Horizon,Non-Conference,2,3,3-2,5,25,22,Belmont,Oakland,TRUE
2019-09-07,Villanova,Big East,Bryant,NEC,Non-Conference,3,0,3-0,3,25,21,Villanova,Villanova,FALSE
2019-09-07,Providence,Big East,Morehead St.,OVC,Non-Conference,0,3,3-0,3,19,25,Morehead St.,Morehead St.,FALSE
2019-09-07,Alcorn,SWAC,Nicholls St.,Southland,Non-Conference,0,3,3-0,3,12,25,Nicholls St.,Nicholls St.,FALSE
2019-09-07,Miami (OH),MAC,Indiana St.,MVC,Non-Conference,3,0,3-0,3,25,18,Miami (OH),Miami (OH),FALSE
2019-09-07,Penn,Ivy League,Lafayette,Patriot,Non-Conference,3,1,3-1,4,27,29,Lafayette,Penn,TRUE
2019-09-07,Alabama A&M,SWAC,SIUE,OVC,Non-Conference,0,3,3-0,3,18,25,SIUE,SIUE,FALSE
2019-09-07,Jackson St.,SWAC,Western Ill.,Summit League,Non-Conference,0,3,3-0,3,22,25,Western Ill.,Western Ill.,FALSE
2019-09-07,Buffalo,MAC,Col. of Charleston,CAA,Non-Conference,3,2,3-2,5,25,19,Buffalo,Buffalo,FALSE
2019-09-07,Cal St. Fullerton,Big West,Alabama St.,SWAC,Non-Conference,3,0,3-0,3,25,18,Cal St. Fullerton,Cal St. Fullerton,FALSE
2019-09-07,Campbell,Big South,N.C. Central,MEAC,Non-Conference,3,0,3-0,3,25,23,Campbell,Campbell,FALSE
2019-09-07,Delaware St.,MEAC,Lehigh,Patriot,Non-Conference,0,3,3-0,3,22,25,Lehigh,Lehigh,FALSE
2019-09-07,New Mexico,Mountain West,Pacific,WCC,Non-Conference,3,0,3-0,3,25,21,New Mexico,New Mexico,FALSE
2019-09-07,Wofford,SoCon,UNCW,CAA,Non-Conference,2,3,3-2,5,25,17,Wofford,UNCW,TRUE
2019-09-07,Little Rock,Sun Belt,Oral Roberts,Summit League,Non-Conference,0,3,3-0,3,23,25,Oral Roberts,Oral Roberts,FALSE
2019-09-07,Canisius,MAAC,Columbia,Ivy League,Non-Conference,0,3,3-0,3,22,25,Columbia,Columbia,FALSE
2019-09-07,Howard,MEAC,St. John's (NY),Big East,Non-Conference,0,3,3-0,3,23,25,St. John's (NY),St. John's (NY),FALSE
2019-09-07,North Dakota St.,Summit League,Eastern Ill.,OVC,Non-Conference,3,2,3-2,5,21,25,Eastern Ill.,North Dakota St.,TRUE
2019-09-07,Murray St.,OVC,Troy,Sun Belt,Non-Conference,0,3,3-0,3,13,25,Troy,Troy,FALSE
2019-09-07,Milwaukee,Horizon,Drake,MVC,Non-Conference,3,2,3-2,5,19,25,Drake,Milwaukee,TRUE
2019-09-07,UIW,Southland,UNC Greensboro,SoCon,Non-Conference,1,3,3-1,4,21,25,UNC Greensboro,UNC Greensboro,FALSE
2019-09-07,Butler,Big East,Charlotte,C-USA,Non-Conference,1,3,3-1,4,20,25,Charlotte,Charlotte,FALSE
2019-09-07,South Dakota,Summit League,Louisiana Tech,C-USA,Non-Conference,3,0,3-0,3,25,19,South Dakota,South Dakota,FALSE
2019-09-07,Ole Miss,SEC,Missouri St.,MVC,Non-Conference,3,0,3-0,3,25,14,Ole Miss,Ole Miss,FALSE
2019-09-07,Missouri,SEC,Northern Ill.,MAC,Non-Conference,3,1,3-1,4,25,12,Missouri,Missouri,FALSE
2019-09-07,Brown,Ivy League,New Hampshire,America East,Non-Conference,1,3,3-1,4,25,22,Brown,New Hampshire,TRUE
2019-09-07,Quinnipiac,MAAC,Fairleigh Dickinson,NEC,Non-Conference,3,0,3-0,3,25,21,Quinnipiac,Quinnipiac,FALSE
2019-09-07,Siena,MAAC,Bucknell,Patriot,Non-Conference,0,3,3-0,3,17,25,Bucknell,Bucknell,FALSE
2019-09-07,Tennessee St.,OVC,Northwestern St.,Southland,Non-Conference,0,3,3-0,3,22,25,Northwestern St.,Northwestern St.,FALSE
2019-09-07,N.C. A&T,MEAC,UNC Asheville,Big South,Non-Conference,1,3,3-1,4,13,25,UNC Asheville,UNC Asheville,FALSE
2019-09-07,Colgate,Patriot,Harvard,Ivy League,Non-Conference,3,1,3-1,4,25,21,Colgate,Colgate,FALSE
2019-09-07,Green Bay,Horizon,Pittsburgh,ACC,Non-Conference,0,3,3-0,3,17,25,Pittsburgh,Pittsburgh,FALSE
2019-09-07,LMU (CA),WCC,Rice,C-USA,Non-Conference,1,3,3-1,4,25,22,LMU (CA),Rice,TRUE
2019-09-07,LIU,NEC,Sam Houston St.,Southland,Non-Conference,0,3,3-0,3,18,25,Sam Houston St.,Sam Houston St.,FALSE
2019-09-07,UNLV,Mountain West,California,Pac-12,Non-Conference,0,3,3-0,3,14,25,California,California,FALSE
2019-09-07,Valparaiso,MVC,Robert Morris,NEC,Non-Conference,1,3,3-1,4,25,20,Valparaiso,Robert Morris,TRUE
2019-09-07,Montana,Big Sky,Grand Canyon,WAC,Non-Conference,0,3,3-0,3,19,25,Grand Canyon,Grand Canyon,FALSE
2019-09-07,Youngstown St.,Horizon,Hartford,America East,Non-Conference,0,3,3-0,3,14,25,Hartford,Hartford,FALSE
2019-09-07,Arkansas,SEC,San Diego St.,Mountain West,Non-Conference,2,3,3-2,5,24,26,San Diego St.,San Diego St.,FALSE
2019-09-07,Northern Ky.,Horizon,Georgetown,Big East,Non-Conference,3,1,3-1,4,24,26,Georgetown,Northern Ky.,TRUE
2019-09-07,Western Caro.,SoCon,Chicago St.,WAC,Non-Conference,1,3,3-1,4,19,25,Chicago St.,Chicago St.,FALSE
2019-09-07,Davidson,Atlantic 10,Virginia Tech,ACC,Non-Conference,1,3,3-1,4,25,21,Davidson,Virginia Tech,TRUE
2019-09-07,La.-Monroe,Sun Belt,Lamar University,Southland,Non-Conference,0,3,3-0,3,18,25,Lamar University,Lamar University,FALSE
2019-09-07,New Orleans,Southland,Southern Miss.,C-USA,Non-Conference,3,0,3-0,3,25,20,New Orleans,New Orleans,FALSE
2019-09-07,Houston,AAC,Maryland,Big Ten,Non-Conference,3,2,3-2,5,23,25,Maryland,Houston,TRUE
2019-09-07,Idaho,Big Sky,Washington St.,Pac-12,Non-Conference,0,3,3-0,3,25,27,Washington St.,Washington St.,FALSE
2019-09-07,Tennessee,SEC,Michigan St.,Big Ten,Non-Conference,3,2,3-2,5,16,25,Michigan St.,Tennessee,TRUE
2019-09-07,Southern California,Pac-12,UNI,MVC,Non-Conference,3,1,3-1,4,23,25,UNI,Southern California,TRUE
2019-09-07,Western Ky.,C-USA,Tennessee Tech,OVC,Non-Conference,3,0,3-0,3,25,12,Western Ky.,Western Ky.,FALSE
2019-09-07,Florida A&M,MEAC,Louisiana,Sun Belt,Non-Conference,1,3,3-1,4,19,25,Louisiana,Louisiana,FALSE
2019-09-07,Syracuse,ACC,Marquette,Big East,Non-Conference,0,3,3-0,3,12,25,Marquette,Marquette,FALSE
2019-09-07,ETSU,SoCon,Coastal Carolina,Sun Belt,Non-Conference,2,3,3-2,5,18,25,Coastal Carolina,Coastal Carolina,FALSE
2019-09-07,Ball St.,MAC,Gonzaga,WCC,Non-Conference,0,3,3-0,3,19,25,Gonzaga,Gonzaga,FALSE
2019-09-07,UC Davis,Big West,Portland St.,Big Sky,Non-Conference,3,0,3-0,3,27,25,UC Davis,UC Davis,FALSE
2019-09-07,Akron,MAC,Wright St.,Horizon,Non-Conference,0,3,3-0,3,18,25,Wright St.,Wright St.,FALSE
2019-09-07,Temple,AAC,American,Patriot,Non-Conference,3,0,3-0,3,25,19,Temple,Temple,FALSE
2019-09-07,Cleveland St.,Horizon,Bowling Green,MAC,Non-Conference,1,3,3-1,4,21,25,Bowling Green,Bowling Green,FALSE
2019-09-07,Delaware,CAA,UMBC,America East,Non-Conference,3,1,3-1,4,18,25,UMBC,Delaware,TRUE
2019-09-07,Houston Baptist,Southland,Tulane,AAC,Non-Conference,0,3,3-0,3,4,25,Tulane,Tulane,FALSE
2019-09-07,UT Martin,OVC,Memphis,AAC,Non-Conference,1,3,3-1,4,17,25,Memphis,Memphis,FALSE
2019-09-07,Loyola Maryland,Patriot,Montana St.,Big Sky,Non-Conference,1,3,3-1,4,19,25,Montana St.,Montana St.,FALSE
2019-09-07,Saint Mary's (CA),WCC,Middle Tenn.,C-USA,Non-Conference,3,1,3-1,4,25,17,Saint Mary's (CA),Saint Mary's (CA),FALSE
2019-09-07,Texas Tech,Big 12,Austin Peay,OVC,Non-Conference,1,3,3-1,4,23,25,Austin Peay,Austin Peay,FALSE
2019-09-07,Virginia,ACC,Rutgers,Big Ten,Non-Conference,1,3,3-1,4,26,24,Virginia,Rutgers,TRUE
2019-09-07,Georgia St.,Sun Belt,Presbyterian,Big South,Non-Conference,0,3,3-0,3,23,25,Presbyterian,Presbyterian,FALSE
2019-09-07,Mercer,SoCon,North Florida,ASUN,Non-Conference,0,3,3-0,3,18,25,North Florida,North Florida,FALSE
2019-09-07,Colorado St.,Mountain West,Florida St.,ACC,Non-Conference,3,0,3-0,3,25,23,Colorado St.,Colorado St.,FALSE
2019-09-07,NC State,ACC,Alabama,SEC,Non-Conference,1,3,3-1,4,26,24,NC State,Alabama,TRUE
2019-09-07,Texas A&M,SEC,Fairfield,MAAC,Non-Conference,3,0,3-0,3,25,16,Texas A&M,Texas A&M,FALSE
2019-09-07,Central Conn. St.,NEC,UConn,AAC,Non-Conference,1,3,3-1,4,12,25,UConn,UConn,FALSE
2019-09-07,Appalachian St.,Sun Belt,Duke,ACC,Non-Conference,0,3,3-0,3,22,25,Duke,Duke,FALSE
2019-09-07,Southeastern La.,Southland,Southern Ill.,MVC,Non-Conference,1,3,3-1,4,23,25,Southern Ill.,Southern Ill.,FALSE
2019-09-07,FGCU,ASUN,George Washington,Atlantic 10,Non-Conference,3,0,3-0,3,25,20,FGCU,FGCU,FALSE
2019-09-07,Tulsa,AAC,Kansas City,WAC,Non-Conference,3,1,3-1,4,25,22,Tulsa,Tulsa,FALSE
2019-09-07,Southern U.,SWAC,UT Arlington,Sun Belt,Non-Conference,0,3,3-0,3,16,25,UT Arlington,UT Arlington,FALSE
2019-09-07,Brown,Ivy League,Holy Cross,Patriot,Non-Conference,3,2,3-2,5,22,25,Holy Cross,Brown,TRUE
2019-09-07,Jacksonville,ASUN,Chattanooga,SoCon,Non-Conference,3,1,3-1,4,25,21,Jacksonville,Jacksonville,FALSE
2019-09-07,Toledo,MAC,Norfolk St.,MEAC,Non-Conference,3,0,3-0,3,25,17,Toledo,Toledo,FALSE
2019-09-07,North Texas,C-USA,Wichita St.,AAC,Non-Conference,1,3,3-1,4,19,25,Wichita St.,Wichita St.,FALSE
2019-09-07,Evansville,MVC,Southeast Mo. St.,OVC,Non-Conference,0,3,3-0,3,17,25,Southeast Mo. St.,Southeast Mo. St.,FALSE
2019-09-07,Purdue Fort Wayne,Summit League,UC Riverside,Big West,Non-Conference,3,2,3-2,5,7,25,UC Riverside,Purdue Fort Wayne,TRUE
2019-09-07,Mississippi Val.,SWAC,South Alabama,Sun Belt,Non-Conference,0,3,3-0,3,9,25,South Alabama,South Alabama,FALSE
2019-09-07,Saint Louis,Atlantic 10,Eastern Wash.,Big Sky,Non-Conference,3,1,3-1,4,25,20,Saint Louis,Saint Louis,FALSE
2019-09-07,Morgan St.,MEAC,Quinnipiac,MAAC,Non-Conference,0,3,3-0,3,25,27,Quinnipiac,Quinnipiac,FALSE
2019-09-07,Western Mich.,MAC,Loyola Chicago,MVC,Non-Conference,3,1,3-1,4,25,21,Western Mich.,Western Mich.,FALSE
2019-09-07,DePaul,Big East,Bradley,MVC,Non-Conference,3,1,3-1,4,25,23,DePaul,DePaul,FALSE
2019-09-07,Coppin St.,MEAC,A&M-Corpus Christi,Southland,Non-Conference,1,3,3-1,4,25,23,Coppin St.,A&M-Corpus Christi,TRUE
2019-09-07,Boise St.,Mountain West,Southern Utah,Big Sky,Non-Conference,3,0,3-0,3,25,20,Boise St.,Boise St.,FALSE
2019-09-07,LSU,SEC,Penn St.,Big Ten,Non-Conference,0,3,3-0,3,16,25,Penn St.,Penn St.,FALSE
2019-09-07,UIC,Horizon,Central Mich.,MAC,Non-Conference,3,0,3-0,3,27,25,UIC,UIC,FALSE
2019-09-07,Illinois St.,MVC,Air Force,Mountain West,Non-Conference,3,2,3-2,5,23,25,Air Force,Illinois St.,TRUE
2019-09-07,Manhattan,MAAC,Lehigh,Patriot,Non-Conference,0,3,3-0,3,14,25,Lehigh,Lehigh,FALSE
2019-09-07,Indiana St.,MVC,Cincinnati,AAC,Non-Conference,0,3,3-0,3,19,25,Cincinnati,Cincinnati,FALSE
2019-09-07,UMES,MEAC,Lafayette,Patriot,Non-Conference,1,3,3-1,4,15,25,Lafayette,Lafayette,FALSE
2019-09-07,Arizona St.,Pac-12,Louisville,ACC,Non-Conference,1,3,3-1,4,25,21,Arizona St.,Louisville,TRUE
2019-09-07,Ga. Southern,Sun Belt,USC Upstate,Big South,Non-Conference,3,0,3-0,3,25,19,Ga. Southern,Ga. Southern,FALSE
2019-09-07,Eastern Ky.,OVC,N.C. A&T,MEAC,Non-Conference,3,0,3-0,3,25,17,Eastern Ky.,Eastern Ky.,FALSE
2019-09-07,UNLV,Mountain West,North Carolina,ACC,Non-Conference,3,2,3-2,5,20,25,North Carolina,UNLV,TRUE
2019-09-07,Colgate,Patriot,Sacred Heart,NEC,Non-Conference,3,2,3-2,5,16,25,Sacred Heart,Colgate,TRUE
2019-09-07,Kansas,Big 12,South Carolina,SEC,Non-Conference,1,3,3-1,4,27,25,Kansas,South Carolina,TRUE
2019-09-07,Marist,MAAC,Bryant,NEC,Non-Conference,0,3,3-0,3,21,25,Bryant,Bryant,FALSE
2019-09-07,Utah St.,Mountain West,Portland,WCC,Non-Conference,2,3,3-2,5,14,25,Portland,Portland,FALSE
2019-09-07,Elon,CAA,Davidson,Atlantic 10,Non-Conference,2,3,3-2,5,25,21,Elon,Davidson,TRUE
2019-09-07,Fla. Atlantic,C-USA,TCU,Big 12,Non-Conference,3,2,3-2,5,25,23,Fla. Atlantic,Fla. Atlantic,FALSE
2019-09-07,Kennesaw St.,ASUN,Furman,SoCon,Non-Conference,3,2,3-2,5,25,23,Kennesaw St.,Kennesaw St.,FALSE
2019-09-07,Northern Ariz.,Big Sky,La Salle,Atlantic 10,Non-Conference,3,1,3-1,4,20,25,La Salle,Northern Ariz.,TRUE
2019-09-07,SFA,Southland,Northwestern,Big Ten,Non-Conference,3,1,3-1,4,25,18,SFA,SFA,FALSE
2019-09-07,West Virginia,Big 12,Arizona,Pac-12,Non-Conference,1,3,3-1,4,32,30,West Virginia,Arizona,TRUE
2019-09-07,Colorado,Pac-12,Illinois,Big Ten,Non-Conference,3,0,3-0,3,30,28,Colorado,Colorado,FALSE
2019-09-07,Wofford,SoCon,N.C. Central,MEAC,Non-Conference,3,0,3-0,3,25,16,Wofford,Wofford,FALSE
2019-09-07,Northern Ky.,Horizon,Marshall,C-USA,Non-Conference,0,3,3-0,3,14,25,Marshall,Marshall,FALSE
2019-09-07,UIW,Southland,SMU,AAC,Non-Conference,0,3,3-0,3,19,25,SMU,SMU,FALSE
2019-09-07,St. Francis Brooklyn,NEC,Bucknell,Patriot,Non-Conference,1,3,3-1,4,19,25,Bucknell,Bucknell,FALSE
2019-09-07,Rider,MAAC,Radford,Big South,Non-Conference,3,0,3-0,3,25,23,Rider,Rider,FALSE
2019-09-07,South Fla.,AAC,Miami (FL),ACC,Non-Conference,0,3,3-0,3,21,25,Miami (FL),Miami (FL),FALSE
2019-09-07,NJIT,ASUN,Fairleigh Dickinson,NEC,Non-Conference,3,2,3-2,5,21,25,Fairleigh Dickinson,NJIT,TRUE
2019-09-07,Robert Morris,NEC,Kent St.,MAC,Non-Conference,3,1,3-1,4,25,17,Robert Morris,Robert Morris,FALSE
2019-09-07,UTRGV,WAC,Houston,AAC,Non-Conference,0,3,3-0,3,23,25,Houston,Houston,FALSE
2019-09-07,UTEP,C-USA,Pacific,WCC,Non-Conference,2,3,3-2,5,13,25,Pacific,Pacific,FALSE
2019-09-07,Hartford,America East,Cornell,Ivy League,Non-Conference,3,2,3-2,5,21,25,Cornell,Hartford,TRUE
2019-09-07,Jacksonville,ASUN,Troy,Sun Belt,Non-Conference,0,3,3-0,3,18,25,Troy,Troy,FALSE
2019-09-07,Ohio St.,Big Ten,Green Bay,Horizon,Non-Conference,1,3,3-1,4,25,13,Ohio St.,Green Bay,TRUE
2019-09-07,Central Ark.,Southland,Kansas St.,Big 12,Non-Conference,1,3,3-1,4,25,23,Central Ark.,Kansas St.,TRUE
2019-09-07,Saint Louis,Atlantic 10,Drake,MVC,Non-Conference,1,3,3-1,4,25,19,Saint Louis,Drake,TRUE
2019-09-07,Arkansas St.,Sun Belt,New Orleans,Southland,Non-Conference,3,1,3-1,4,22,25,New Orleans,Arkansas St.,TRUE
2019-09-07,Nevada,Mountain West,San Francisco,WCC,Non-Conference,3,1,3-1,4,21,25,San Francisco,Nevada,TRUE
2019-09-07,Dartmouth,Ivy League,UNC Asheville,Big South,Non-Conference,3,0,3-0,3,25,22,Dartmouth,Dartmouth,FALSE
2019-09-07,Wright St.,Horizon,Xavier,Big East,Non-Conference,3,0,3-0,3,25,21,Wright St.,Wright St.,FALSE
2019-09-07,Stony Brook,America East,Georgetown,Big East,Non-Conference,3,2,3-2,5,21,25,Georgetown,Stony Brook,TRUE
2019-09-07,Virginia Tech,ACC,Liberty,ASUN,Non-Conference,1,3,3-1,4,25,23,Virginia Tech,Liberty,TRUE
2019-09-07,James Madison,CAA,High Point,Big South,Non-Conference,3,0,3-0,3,25,23,James Madison,James Madison,FALSE
2019-09-07,Utah,Pac-12,Utah Valley,WAC,Non-Conference,3,0,3-0,3,25,21,Utah,Utah,FALSE
2019-09-07,Rhode Island,Atlantic 10,Harvard,Ivy League,Non-Conference,1,3,3-1,4,25,23,Rhode Island,Harvard,TRUE
2019-09-07,Northeastern,CAA,Seton Hall,Big East,Non-Conference,3,1,3-1,4,25,17,Northeastern,Northeastern,FALSE
2019-09-07,Albany (NY),America East,UCF,AAC,Non-Conference,0,3,3-0,3,21,25,UCF,UCF,FALSE
2019-09-07,Michigan,Big Ten,Dayton,Atlantic 10,Non-Conference,2,3,3-2,5,26,28,Dayton,Dayton,FALSE
2019-09-07,UNC Greensboro,SoCon,UT Arlington,Sun Belt,Non-Conference,3,2,3-2,5,25,22,UNC Greensboro,UNC Greensboro,FALSE
2019-09-07,Georgia,SEC,Texas St.,Sun Belt,Non-Conference,0,3,3-0,3,24,26,Texas St.,Texas St.,FALSE
2019-09-07,Duquesne,Atlantic 10,Pittsburgh,ACC,Non-Conference,0,3,3-0,3,12,25,Pittsburgh,Pittsburgh,FALSE
2019-09-07,Washington,Pac-12,Iowa,Big Ten,Non-Conference,3,1,3-1,4,33,31,Washington,Washington,FALSE
2019-09-07,Abilene Christian,Southland,Rice,C-USA,Non-Conference,0,3,3-0,3,12,25,Rice,Rice,FALSE
2019-09-07,Northern Colo.,Big Sky,Wyoming,Mountain West,Non-Conference,2,3,3-2,5,25,22,Northern Colo.,Wyoming,TRUE
2019-09-07,Southern California,Pac-12,Creighton,Big East,Non-Conference,1,3,3-1,4,25,23,Southern California,Creighton,TRUE
2019-09-07,Florida,SEC,Minnesota,Big Ten,Non-Conference,0,3,3-0,3,20,25,Minnesota,Minnesota,FALSE
2019-09-07,Missouri St.,MVC,Houston Baptist,Southland,Non-Conference,0,3,3-0,3,13,25,Houston Baptist,Houston Baptist,FALSE
2019-09-07,Maryland,Big Ten,UTSA,C-USA,Non-Conference,3,1,3-1,4,19,25,UTSA,Maryland,TRUE
2019-09-07,Mississippi St.,SEC,Southern Miss.,C-USA,Non-Conference,3,0,3-0,3,25,17,Mississippi St.,Mississippi St.,FALSE
2019-09-07,UAB,C-USA,Samford,SoCon,Non-Conference,1,3,3-1,4,14,25,Samford,Samford,FALSE
2019-09-07,Kentucky,SEC,UNI,MVC,Non-Conference,3,0,3-0,3,25,18,Kentucky,Kentucky,FALSE
2019-09-07,Air Force,Mountain West,Oral Roberts,Summit League,Non-Conference,3,2,3-2,5,25,22,Air Force,Air Force,FALSE
2019-09-07,UC Santa Barbara,Big West,VCU,Atlantic 10,Non-Conference,3,2,3-2,5,25,23,UC Santa Barbara,UC Santa Barbara,FALSE
2019-09-07,New Mexico,Mountain West,New Mexico St.,WAC,Non-Conference,0,3,3-0,3,15,25,New Mexico St.,New Mexico St.,FALSE
2019-09-07,San Jose St.,Mountain West,Cal Poly,Big West,Non-Conference,0,3,3-0,3,18,25,Cal Poly,Cal Poly,FALSE
2019-09-07,Montana,Big Sky,Gonzaga,WCC,Non-Conference,0,3,3-0,3,14,25,Gonzaga,Gonzaga,FALSE
2019-09-07,Texas A&M,SEC,Pepperdine,WCC,Non-Conference,3,1,3-1,4,25,17,Texas A&M,Texas A&M,FALSE
2019-09-07,Weber St.,Big Sky,BYU,WCC,Non-Conference,0,3,3-0,3,22,25,BYU,BYU,FALSE
2019-09-07,California,Pac-12,UC Irvine,Big West,Non-Conference,3,0,3-0,3,25,17,California,California,FALSE
2019-09-07,Nebraska,Big Ten,San Diego,WCC,Non-Conference,3,2,3-2,5,22,25,San Diego,Nebraska,TRUE
2019-09-07,UCLA,Pac-12,Long Beach St.,Big West,Non-Conference,3,0,3-0,3,31,29,UCLA,UCLA,FALSE
2019-09-07,Arizona,Pac-12,San Diego St.,Mountain West,Non-Conference,3,0,3-0,3,25,10,Arizona,Arizona,FALSE
2019-09-07,Sacramento St.,Big Sky,Army West Point,Patriot,Non-Conference,3,2,3-2,5,28,30,Army West Point,Sacramento St.,TRUE
2019-09-08,George Washington,Atlantic 10,Auburn,SEC,Non-Conference,1,3,3-1,4,25,21,George Washington,Auburn,TRUE
2019-09-08,North Dakota,Summit League,Brown,Ivy League,Non-Conference,1,3,3-1,4,19,25,Brown,Brown,FALSE
2019-09-08,Kennesaw St.,ASUN,High Point,Big South,Non-Conference,3,0,3-0,3,25,23,Kennesaw St.,Kennesaw St.,FALSE
2019-09-08,Florida St.,ACC,TCU,Big 12,Non-Conference,3,0,3-0,3,25,20,Florida St.,Florida St.,FALSE
2019-09-08,Davidson,Atlantic 10,Liberty,ASUN,Non-Conference,0,3,3-0,3,13,25,Liberty,Liberty,FALSE
2019-09-08,LSU,SEC,Iowa St.,Big 12,Non-Conference,3,2,3-2,5,25,17,LSU,LSU,FALSE
2019-09-08,Yale,Ivy League,Indiana,Big Ten,Non-Conference,1,3,3-1,4,25,23,Yale,Indiana,TRUE
2019-09-08,Albany (NY),America East,South Carolina,SEC,Non-Conference,0,3,3-0,3,15,25,South Carolina,South Carolina,FALSE
2019-09-08,Baylor,Big 12,Marquette,Big East,Non-Conference,3,0,3-0,3,25,14,Baylor,Baylor,FALSE
2019-09-08,Ole Miss,SEC,Tulane,AAC,Non-Conference,3,2,3-2,5,17,25,Tulane,Ole Miss,TRUE
2019-09-08,Texas,Big 12,Stanford,Pac-12,Non-Conference,2,3,3-2,5,25,17,Texas,Stanford,TRUE
2019-09-08,Abilene Christian,Southland,Prairie View,SWAC,Non-Conference,3,1,3-1,4,22,25,Prairie View,Abilene Christian,TRUE
2019-09-08,Kansas,Big 12,UCF,AAC,Non-Conference,0,3,3-0,3,15,25,UCF,UCF,FALSE
2019-09-08,UTEP,C-USA,New Mexico St.,WAC,Non-Conference,2,3,3-2,5,25,20,UTEP,New Mexico St.,TRUE
2019-09-08,Furman,SoCon,High Point,Big South,Non-Conference,0,3,3-0,3,17,25,High Point,High Point,FALSE
2019-09-08,Denver,Summit League,Hawaii,Big West,Non-Conference,1,3,3-1,4,16,25,Hawaii,Hawaii,FALSE
2019-09-09,Texas Tech,Big 12,Northern Ill.,MAC,Non-Conference,3,1,3-1,4,25,18,Texas Tech,Texas Tech,FALSE
2019-09-10,Grambling,SWAC,Northwestern St.,Southland,Non-Conference,0,3,3-0,3,19,25,Northwestern St.,Northwestern St.,FALSE
2019-09-10,South Carolina St.,MEAC,UNC Asheville,Big South,Non-Conference,0,3,3-0,3,18,25,UNC Asheville,UNC Asheville,FALSE
2019-09-10,N.C. A&T,MEAC,Charleston So.,Big South,Non-Conference,0,3,3-0,3,14,25,Charleston So.,Charleston So.,FALSE
2019-09-10,Kent St.,MAC,Youngstown St.,Horizon,Non-Conference,3,2,3-2,5,20,25,Youngstown St.,Kent St.,TRUE
2019-09-10,Virginia Tech,ACC,VCU,Atlantic 10,Non-Conference,1,3,3-1,4,25,21,Virginia Tech,VCU,TRUE
2019-09-10,North Florida,ASUN,South Fla.,AAC,Non-Conference,1,3,3-1,4,23,25,South Fla.,South Fla.,FALSE
2019-09-10,Bowling Green,MAC,Oakland,Horizon,Non-Conference,3,2,3-2,5,25,22,Bowling Green,Bowling Green,FALSE
2019-09-10,Loyola Maryland,Patriot,Howard,MEAC,Non-Conference,3,2,3-2,5,25,17,Loyola Maryland,Loyola Maryland,FALSE
2019-09-10,Liberty,ASUN,Virginia,ACC,Non-Conference,3,0,3-0,3,25,23,Liberty,Liberty,FALSE
2019-09-10,Navy,Patriot,George Mason,Atlantic 10,Non-Conference,3,1,3-1,4,25,18,Navy,Navy,FALSE
2019-09-10,East Carolina,AAC,NC State,ACC,Non-Conference,3,2,3-2,5,19,25,NC State,East Carolina,TRUE
2019-09-10,Duquesne,Atlantic 10,Robert Morris,NEC,Non-Conference,0,3,3-0,3,21,25,Robert Morris,Robert Morris,FALSE
2019-09-10,St. John's (NY),Big East,Hofstra,CAA,Non-Conference,2,3,3-2,5,25,18,St. John's (NY),Hofstra,TRUE
2019-09-10,Southeast Mo. St.,OVC,Southern Ill.,MVC,Non-Conference,2,3,3-2,5,25,20,Southeast Mo. St.,Southern Ill.,TRUE
2019-09-10,New Hampshire,America East,Northeastern,CAA,Non-Conference,3,2,3-2,5,25,22,New Hampshire,New Hampshire,FALSE
2019-09-10,Appalachian St.,Sun Belt,Clemson,ACC,Non-Conference,0,3,3-0,3,22,25,Clemson,Clemson,FALSE
2019-09-10,Providence,Big East,Bryant,NEC,Non-Conference,1,3,3-1,4,13,25,Bryant,Bryant,FALSE
2019-09-10,Rice,C-USA,Houston Baptist,Southland,Non-Conference,3,0,3-0,3,25,12,Rice,Rice,FALSE
2019-09-10,Lipscomb,ASUN,Belmont,OVC,Non-Conference,3,1,3-1,4,21,25,Belmont,Lipscomb,TRUE
2019-09-10,Charlotte,C-USA,South Carolina,SEC,Non-Conference,0,3,3-0,3,16,25,South Carolina,South Carolina,FALSE
2019-09-10,NJIT,ASUN,Lehigh,Patriot,Non-Conference,2,3,3-2,5,25,19,NJIT,Lehigh,TRUE
2019-09-10,Eastern Ky.,OVC,Western Ky.,C-USA,Non-Conference,0,3,3-0,3,13,25,Western Ky.,Western Ky.,FALSE
2019-09-10,Drake,MVC,Western Ill.,Summit League,Non-Conference,3,1,3-1,4,20,25,Western Ill.,Drake,TRUE
2019-09-10,Ark.-Pine Bluff,SWAC,Arkansas,SEC,Non-Conference,1,3,3-1,4,13,25,Arkansas,Arkansas,FALSE
2019-09-10,Evansville,MVC,Tennessee St.,OVC,Non-Conference,3,0,3-0,3,25,23,Evansville,Evansville,FALSE
2019-09-10,IUPUI,Horizon,Purdue Fort Wayne,Summit League,Non-Conference,3,1,3-1,4,25,20,IUPUI,IUPUI,FALSE
2019-09-10,N.C. Central,MEAC,Elon,CAA,Non-Conference,0,3,3-0,3,18,25,Elon,Elon,FALSE
2019-09-10,Southern Miss.,C-USA,Louisiana,Sun Belt,Non-Conference,0,3,3-0,3,17,25,Louisiana,Louisiana,FALSE
2019-09-10,Louisiana Tech,C-USA,Jackson St.,SWAC,Non-Conference,3,0,3-0,3,25,13,Louisiana Tech,Louisiana Tech,FALSE
2019-09-10,Texas Southern,SWAC,McNeese,Southland,Non-Conference,0,3,3-0,3,14,25,McNeese,McNeese,FALSE
2019-09-10,UNI,MVC,Iowa St.,Big 12,Non-Conference,1,3,3-1,4,18,25,Iowa St.,Iowa St.,FALSE
2019-09-10,Alcorn,SWAC,South Alabama,Sun Belt,Non-Conference,0,3,3-0,3,8,25,South Alabama,South Alabama,FALSE
2019-09-10,Tulane,AAC,New Orleans,Southland,Non-Conference,3,1,3-1,4,25,19,Tulane,Tulane,FALSE
2019-09-10,Houston,AAC,Lamar University,Southland,Non-Conference,3,1,3-1,4,25,21,Houston,Houston,FALSE
2019-09-10,Eastern Wash.,Big Sky,Seattle U,WAC,Non-Conference,0,3,3-0,3,17,25,Seattle U,Seattle U,FALSE
2019-09-11,American,Patriot,Norfolk St.,MEAC,Non-Conference,3,0,3-0,3,25,18,American,American,FALSE
2019-09-11,Delaware St.,MEAC,Saint Peter's,MAAC,Non-Conference,2,3,3-2,5,21,25,Saint Peter's,Saint Peter's,FALSE
2019-09-11,Presbyterian,Big South,Wofford,SoCon,Non-Conference,0,3,3-0,3,24,26,Wofford,Wofford,FALSE
2019-09-11,Iona,MAAC,Seton Hall,Big East,Non-Conference,0,3,3-0,3,21,25,Seton Hall,Seton Hall,FALSE
2019-09-11,Lafayette,Patriot,Fairleigh Dickinson,NEC,Non-Conference,3,1,3-1,4,15,25,Fairleigh Dickinson,Lafayette,TRUE
2019-09-11,Oregon,Pac-12,Pittsburgh,ACC,Non-Conference,1,3,3-1,4,24,26,Pittsburgh,Pittsburgh,FALSE
2019-09-11,Tulsa,AAC,Oral Roberts,Summit League,Non-Conference,3,1,3-1,4,22,25,Oral Roberts,Tulsa,TRUE
2019-09-12,UTRGV,WAC,Northwestern St.,Southland,Non-Conference,3,0,3-0,3,25,22,UTRGV,UTRGV,FALSE
2019-09-12,North Dakota,Summit League,N.C. Central,MEAC,Non-Conference,3,1,3-1,4,24,26,N.C. Central,North Dakota,TRUE
2019-09-12,Western Caro.,SoCon,Appalachian St.,Sun Belt,Non-Conference,1,3,3-1,4,11,25,Appalachian St.,Appalachian St.,FALSE
2019-09-12,Texas St.,Sun Belt,Texas A&M,SEC,Non-Conference,1,3,3-1,4,11,25,Texas A&M,Texas A&M,FALSE
2019-09-12,Kansas St.,Big 12,Missouri St.,MVC,Non-Conference,2,3,3-2,5,25,18,Kansas St.,Missouri St.,TRUE
2019-09-12,Cal St. Fullerton,Big West,Abilene Christian,Southland,Non-Conference,3,0,3-0,3,25,22,Cal St. Fullerton,Cal St. Fullerton,FALSE
2019-09-12,Oakland,Horizon,Michigan St.,Big Ten,Non-Conference,0,3,3-0,3,18,25,Michigan St.,Michigan St.,FALSE
2019-09-12,South Carolina,SEC,Clemson,ACC,Non-Conference,3,2,3-2,5,25,23,South Carolina,South Carolina,FALSE
2019-09-12,SFA,Southland,Arkansas St.,Sun Belt,Non-Conference,1,3,3-1,4,27,25,SFA,Arkansas St.,TRUE
2019-09-12,A&M-Corpus Christi,Southland,Southeastern La.,Southland,Southland,3,2,3-2,5,25,21,A&M-Corpus Christi,A&M-Corpus Christi,FALSE
2019-09-12,Morehead St.,OVC,Kansas,Big 12,Non-Conference,0,3,3-0,3,18,25,Kansas,Kansas,FALSE
2019-09-12,Alabama,SEC,UAB,C-USA,Non-Conference,3,0,3-0,3,29,27,Alabama,Alabama,FALSE
2019-09-12,BYU,WCC,Wichita St.,AAC,Non-Conference,3,1,3-1,4,23,25,Wichita St.,BYU,TRUE
2019-09-12,Houston,AAC,Baylor,Big 12,Non-Conference,1,3,3-1,4,16,25,Baylor,Baylor,FALSE
2019-09-12,Colorado,Pac-12,Colorado St.,Mountain West,Non-Conference,0,3,3-0,3,12,25,Colorado St.,Colorado St.,FALSE
2019-09-12,San Jose St.,Mountain West,Santa Clara,WCC,Non-Conference,1,3,3-1,4,16,25,Santa Clara,Santa Clara,FALSE
2019-09-12,Utah Valley,WAC,UCLA,Pac-12,Non-Conference,0,3,3-0,3,15,25,UCLA,UCLA,FALSE
2019-09-13,West Virginia,Big 12,Hawaii,Big West,Non-Conference,1,3,3-1,4,25,18,West Virginia,Hawaii,TRUE
2019-09-13,NC State,ACC,Western Caro.,SoCon,Non-Conference,3,1,3-1,4,20,25,Western Caro.,NC State,TRUE
2019-09-13,Indiana St.,MVC,Wright St.,Horizon,Non-Conference,2,3,3-2,5,25,22,Indiana St.,Wright St.,TRUE
2019-09-13,Marist,MAAC,Northern Colo.,Big Sky,Non-Conference,3,2,3-2,5,25,19,Marist,Marist,FALSE
2019-09-13,James Madison,CAA,Long Beach St.,Big West,Non-Conference,3,0,3-0,3,25,21,James Madison,James Madison,FALSE
2019-09-13,Charleston So.,Big South,Jacksonville,ASUN,Non-Conference,3,1,3-1,4,22,25,Jacksonville,Charleston So.,TRUE
2019-09-13,Northwestern,Big Ten,Georgia,SEC,Non-Conference,0,3,3-0,3,21,25,Georgia,Georgia,FALSE
2019-09-13,Belmont,OVC,North Florida,ASUN,Non-Conference,0,3,3-0,3,16,25,North Florida,North Florida,FALSE
2019-09-13,Virginia,ACC,UConn,AAC,Non-Conference,3,0,3-0,3,25,20,Virginia,Virginia,FALSE
2019-09-13,Kent St.,MAC,Binghamton,America East,Non-Conference,3,0,3-0,3,25,16,Kent St.,Kent St.,FALSE
2019-09-13,FGCU,ASUN,Indiana,Big Ten,Non-Conference,0,3,3-0,3,23,25,Indiana,Indiana,FALSE
2019-09-13,N.C. A&T,MEAC,Wofford,SoCon,Non-Conference,1,3,3-1,4,13,25,Wofford,Wofford,FALSE
2019-09-13,Bethune-Cookman,MEAC,Boston College,ACC,Non-Conference,0,3,3-0,3,17,25,Boston College,Boston College,FALSE
2019-09-13,UMBC,America East,Charlotte,C-USA,Non-Conference,1,3,3-1,4,22,25,Charlotte,Charlotte,FALSE
2019-09-13,Coastal Carolina,Sun Belt,Albany (NY),America East,Non-Conference,3,1,3-1,4,25,17,Coastal Carolina,Coastal Carolina,FALSE
2019-09-13,Rice,C-USA,Ark.-Pine Bluff,SWAC,Non-Conference,3,0,3-0,3,25,22,Rice,Rice,FALSE
2019-09-13,Alabama St.,SWAC,Memphis,AAC,Non-Conference,1,3,3-1,4,16,25,Memphis,Memphis,FALSE
2019-09-13,Northwestern St.,Southland,Texas A&M,SEC,Non-Conference,0,3,3-0,3,23,25,Texas A&M,Texas A&M,FALSE
2019-09-13,Stetson,ASUN,Mississippi St.,SEC,Non-Conference,3,2,3-2,5,19,25,Mississippi St.,Stetson,TRUE
2019-09-13,Georgia St.,Sun Belt,Alabama,SEC,Non-Conference,0,3,3-0,3,22,25,Alabama,Alabama,FALSE
2019-09-13,Dayton,Atlantic 10,SMU,AAC,Non-Conference,0,3,3-0,3,23,25,SMU,SMU,FALSE
2019-09-13,Butler,Big East,Western Mich.,MAC,Non-Conference,2,3,3-2,5,25,23,Butler,Western Mich.,TRUE
2019-09-13,UNC Asheville,Big South,Ga. Southern,Sun Belt,Non-Conference,1,3,3-1,4,25,21,UNC Asheville,Ga. Southern,TRUE
2019-09-13,SIUE,OVC,UTSA,C-USA,Non-Conference,1,3,3-1,4,19,25,UTSA,UTSA,FALSE
2019-09-13,Ole Miss,SEC,Little Rock,Sun Belt,Non-Conference,3,0,3-0,3,25,15,Ole Miss,Ole Miss,FALSE
2019-09-13,The Citadel,SoCon,North Dakota,Summit League,Non-Conference,1,3,3-1,4,16,25,North Dakota,North Dakota,FALSE
2019-09-13,Northern Ill.,MAC,UIW,Southland,Non-Conference,0,3,3-0,3,25,27,UIW,UIW,FALSE
2019-09-13,American,Patriot,Duke,ACC,Non-Conference,3,0,3-0,3,25,22,American,American,FALSE
2019-09-13,Cleveland St.,Horizon,Kentucky,SEC,Non-Conference,0,3,3-0,3,17,25,Kentucky,Kentucky,FALSE
2019-09-13,St. John's (NY),Big East,Stony Brook,America East,Non-Conference,3,0,3-0,3,25,19,St. John's (NY),St. John's (NY),FALSE
2019-09-13,Arizona St.,Pac-12,Louisiana,Sun Belt,Non-Conference,3,0,3-0,3,25,18,Arizona St.,Arizona St.,FALSE
2019-09-13,USC Upstate,Big South,Norfolk St.,MEAC,Non-Conference,3,2,3-2,5,27,29,Norfolk St.,USC Upstate,TRUE
2019-09-13,New Mexico,Mountain West,Gonzaga,WCC,Non-Conference,0,3,3-0,3,19,25,Gonzaga,Gonzaga,FALSE
2019-09-13,Austin Peay,OVC,Missouri,SEC,Non-Conference,0,3,3-0,3,21,25,Missouri,Missouri,FALSE
2019-09-13,South Fla.,AAC,Florida,SEC,Non-Conference,1,3,3-1,4,22,25,Florida,Florida,FALSE
2019-09-13,Tennessee St.,OVC,New Orleans,Southland,Non-Conference,3,1,3-1,4,25,11,Tennessee St.,Tennessee St.,FALSE
2019-09-13,Southern Utah,Big Sky,Fla. Atlantic,C-USA,Non-Conference,0,3,3-0,3,21,25,Fla. Atlantic,Fla. Atlantic,FALSE
2019-09-13,St. Francis Brooklyn,NEC,Chicago St.,WAC,Non-Conference,3,1,3-1,4,25,22,St. Francis Brooklyn,St. Francis Brooklyn,FALSE
2019-09-13,Iowa,Big Ten,Wyoming,Mountain West,Non-Conference,3,1,3-1,4,27,29,Wyoming,Iowa,TRUE
2019-09-13,Bowling Green,MAC,Western Ky.,C-USA,Non-Conference,0,3,3-0,3,22,25,Western Ky.,Western Ky.,FALSE
2019-09-13,Weber St.,Big Sky,Kansas St.,Big 12,Non-Conference,3,1,3-1,4,21,25,Kansas St.,Weber St.,TRUE
2019-09-13,Col. of Charleston,CAA,Ohio,MAC,Non-Conference,0,3,3-0,3,14,25,Ohio,Ohio,FALSE
2019-09-13,Canisius,MAAC,Loyola Maryland,Patriot,Non-Conference,1,3,3-1,4,19,25,Loyola Maryland,Loyola Maryland,FALSE
2019-09-13,UC Davis,Big West,South Dakota,Summit League,Non-Conference,0,3,3-0,3,24,26,South Dakota,South Dakota,FALSE
2019-09-13,High Point,Big South,Nebraska,Big Ten,Non-Conference,0,3,3-0,3,16,25,Nebraska,Nebraska,FALSE
2019-09-13,LIU,NEC,FIU,C-USA,Non-Conference,0,3,3-0,3,22,25,FIU,FIU,FALSE
2019-09-13,CSUN,Big West,Nevada,Mountain West,Non-Conference,1,3,3-1,4,19,25,Nevada,Nevada,FALSE
2019-09-13,Alcorn,SWAC,UAB,C-USA,Non-Conference,0,3,3-0,3,14,25,UAB,UAB,FALSE
2019-09-13,Denver,Summit League,LMU (CA),WCC,Non-Conference,3,2,3-2,5,20,25,LMU (CA),Denver,TRUE
2019-09-13,Texas Tech,Big 12,Pacific,WCC,Non-Conference,1,3,3-1,4,25,23,Texas Tech,Pacific,TRUE
2019-09-13,Youngstown St.,Horizon,Towson,CAA,Non-Conference,0,3,3-0,3,16,25,Towson,Towson,FALSE
2019-09-13,Idaho,Big Sky,UNLV,Mountain West,Non-Conference,3,2,3-2,5,19,25,UNLV,Idaho,TRUE
2019-09-13,Pittsburgh,ACC,Cal Poly,Big West,Non-Conference,3,1,3-1,4,25,17,Pittsburgh,Pittsburgh,FALSE
2019-09-13,UTEP,C-USA,CSU Bakersfield,WAC,Non-Conference,2,3,3-2,5,22,25,CSU Bakersfield,CSU Bakersfield,FALSE
2019-09-13,Fresno St.,Mountain West,LSU,SEC,Non-Conference,1,3,3-1,4,21,25,LSU,LSU,FALSE
2019-09-13,Buffalo,MAC,California,Pac-12,Non-Conference,0,3,3-0,3,18,25,California,California,FALSE
2019-09-13,Houston Baptist,Southland,Tulsa,AAC,Non-Conference,0,3,3-0,3,23,25,Tulsa,Tulsa,FALSE
2019-09-13,Western Caro.,SoCon,Iowa St.,Big 12,Non-Conference,1,3,3-1,4,16,25,Iowa St.,Iowa St.,FALSE
2019-09-13,Yale,Ivy League,Villanova,Big East,Non-Conference,1,3,3-1,4,20,25,Villanova,Villanova,FALSE
2019-09-13,Texas St.,Sun Belt,UTRGV,WAC,Non-Conference,3,1,3-1,4,14,25,UTRGV,Texas St.,TRUE
2019-09-13,Southeast Mo. St.,OVC,Milwaukee,Horizon,Non-Conference,0,3,3-0,3,19,25,Milwaukee,Milwaukee,FALSE
2019-09-13,Sam Houston St.,Southland,Jacksonville St.,OVC,Non-Conference,1,3,3-1,4,17,25,Jacksonville St.,Jacksonville St.,FALSE
2019-09-13,IUPUI,Horizon,Southern Ill.,MVC,Non-Conference,3,2,3-2,5,21,25,Southern Ill.,IUPUI,TRUE
2019-09-13,UNI,MVC,Kansas City,WAC,Non-Conference,3,1,3-1,4,25,10,UNI,UNI,FALSE
2019-09-13,Belmont,OVC,Charleston So.,Big South,Non-Conference,1,3,3-1,4,20,25,Charleston So.,Charleston So.,FALSE
2019-09-13,Southern U.,SWAC,Mercer,SoCon,Non-Conference,2,3,3-2,5,28,26,Southern U.,Mercer,TRUE
2019-09-13,Grambling,SWAC,Portland,WCC,Non-Conference,0,3,3-0,3,11,25,Portland,Portland,FALSE
2019-09-13,UC Irvine,Big West,Virginia Tech,ACC,Non-Conference,2,3,3-2,5,19,25,Virginia Tech,Virginia Tech,FALSE
2019-09-13,Gardner-Webb,Big South,Alabama A&M,SWAC,Non-Conference,0,3,3-0,3,8,25,Alabama A&M,Alabama A&M,FALSE
2019-09-13,Tulane,AAC,Ohio St.,Big Ten,Non-Conference,3,1,3-1,4,32,30,Tulane,Tulane,FALSE
2019-09-13,Southern Miss.,C-USA,Winthrop,Big South,Non-Conference,0,3,3-0,3,13,25,Winthrop,Winthrop,FALSE
2019-09-13,Nicholls St.,Southland,Mississippi Val.,SWAC,Non-Conference,3,0,3-0,3,25,13,Nicholls St.,Nicholls St.,FALSE
2019-09-13,Idaho St.,Big Sky,Washington St.,Pac-12,Non-Conference,0,3,3-0,3,18,25,Washington St.,Washington St.,FALSE
2019-09-13,Utah,Pac-12,Pepperdine,WCC,Non-Conference,3,1,3-1,4,20,25,Pepperdine,Utah,TRUE
2019-09-13,South Dakota St.,Summit League,Northern Ariz.,Big Sky,Non-Conference,0,3,3-0,3,14,25,Northern Ariz.,Northern Ariz.,FALSE
2019-09-13,Cincinnati,AAC,Notre Dame,ACC,Non-Conference,3,1,3-1,4,25,19,Cincinnati,Cincinnati,FALSE
2019-09-13,Bryant,NEC,Kent St.,MAC,Non-Conference,3,2,3-2,5,23,25,Kent St.,Bryant,TRUE
2019-09-13,UT Arlington,Sun Belt,Liberty,ASUN,Non-Conference,3,0,3-0,3,25,22,UT Arlington,UT Arlington,FALSE
2019-09-13,Niagara,MAAC,Delaware,CAA,Non-Conference,1,3,3-1,4,10,25,Delaware,Delaware,FALSE
2019-09-13,Chicago St.,WAC,Duquesne,Atlantic 10,Non-Conference,1,3,3-1,4,25,19,Chicago St.,Duquesne,TRUE
2019-09-13,Iona,MAAC,Georgetown,Big East,Non-Conference,0,3,3-0,3,24,26,Georgetown,Georgetown,FALSE
2019-09-13,Morgan St.,MEAC,Portland St.,Big Sky,Non-Conference,2,3,3-2,5,25,20,Morgan St.,Portland St.,TRUE
2019-09-13,Youngstown St.,Horizon,Albany (NY),America East,Non-Conference,0,3,3-0,3,22,25,Albany (NY),Albany (NY),FALSE
2019-09-13,Oregon St.,Pac-12,New Mexico,Mountain West,Non-Conference,3,2,3-2,5,25,22,Oregon St.,Oregon St.,FALSE
2019-09-13,Lehigh,Patriot,Columbia,Ivy League,Non-Conference,1,3,3-1,4,18,25,Columbia,Columbia,FALSE
2019-09-13,Purdue,Big Ten,Louisville,ACC,Non-Conference,3,1,3-1,4,24,26,Louisville,Purdue,TRUE
2019-09-13,Seton Hall,Big East,Eastern Ky.,OVC,Non-Conference,0,3,3-0,3,33,35,Eastern Ky.,Eastern Ky.,FALSE
2019-09-13,ETSU,SoCon,Alcorn,SWAC,Non-Conference,3,0,3-0,3,25,16,ETSU,ETSU,FALSE
2019-09-13,Cal St. Fullerton,Big West,North Texas,C-USA,Non-Conference,0,3,3-0,3,15,25,North Texas,North Texas,FALSE
2019-09-13,Rutgers,Big Ten,New Hampshire,America East,Non-Conference,3,0,3-0,3,25,9,Rutgers,Rutgers,FALSE
2019-09-13,Houston,AAC,Tennessee,SEC,Non-Conference,2,3,3-2,5,25,23,Houston,Tennessee,TRUE
2019-09-13,Lamar University,Southland,Grambling,SWAC,Non-Conference,3,0,3-0,3,25,18,Lamar University,Lamar University,FALSE
2019-09-13,Jackson St.,SWAC,A&M-Corpus Christi,Southland,Non-Conference,1,3,3-1,4,15,25,A&M-Corpus Christi,A&M-Corpus Christi,FALSE
2019-09-13,Hartford,America East,Fordham,Atlantic 10,Non-Conference,0,3,3-0,3,23,25,Fordham,Fordham,FALSE
2019-09-13,Norfolk St.,MEAC,George Washington,Atlantic 10,Non-Conference,0,3,3-0,3,23,25,George Washington,George Washington,FALSE
2019-09-13,Robert Morris,NEC,Hampton,Big South,Non-Conference,3,0,3-0,3,25,11,Robert Morris,Robert Morris,FALSE
2019-09-13,Gardner-Webb,Big South,N.C. A&T,MEAC,Non-Conference,1,3,3-1,4,19,25,N.C. A&T,N.C. A&T,FALSE
2019-09-13,Saint Peter's,MAAC,Central Conn. St.,NEC,Non-Conference,0,3,3-0,3,10,25,Central Conn. St.,Central Conn. St.,FALSE
2019-09-13,George Mason,Atlantic 10,Princeton,Ivy League,Non-Conference,0,3,3-0,3,22,25,Princeton,Princeton,FALSE
2019-09-13,Eastern Ill.,OVC,Middle Tenn.,C-USA,Non-Conference,1,3,3-1,4,25,20,Eastern Ill.,Middle Tenn.,TRUE
2019-09-13,South Carolina St.,MEAC,The Citadel,SoCon,Non-Conference,0,3,3-0,3,17,25,The Citadel,The Citadel,FALSE
2019-09-13,Washington,Pac-12,Drake,MVC,Non-Conference,3,0,3-0,3,25,14,Washington,Washington,FALSE
2019-09-13,Southern Utah,Big Sky,Bethune-Cookman,MEAC,Non-Conference,3,0,3-0,3,25,12,Southern Utah,Southern Utah,FALSE
2019-09-13,Virginia Tech,ACC,Loyola Chicago,MVC,Non-Conference,3,1,3-1,4,21,25,Loyola Chicago,Virginia Tech,TRUE
2019-09-13,Delaware St.,MEAC,Siena,MAAC,Non-Conference,3,2,3-2,5,20,25,Siena,Delaware St.,TRUE
2019-09-13,N.C. Central,MEAC,UNCW,CAA,Non-Conference,0,3,3-0,3,21,25,UNCW,UNCW,FALSE
2019-09-13,Marshall,C-USA,UT Martin,OVC,Non-Conference,3,0,3-0,3,25,13,Marshall,Marshall,FALSE
2019-09-13,Valparaiso,MVC,Holy Cross,Patriot,Non-Conference,3,1,3-1,4,25,19,Valparaiso,Valparaiso,FALSE
2019-09-13,IUPUI,Horizon,Alabama St.,SWAC,Non-Conference,3,1,3-1,4,25,20,IUPUI,IUPUI,FALSE
2019-09-13,Fairleigh Dickinson,NEC,Providence,Big East,Non-Conference,0,3,3-0,3,18,25,Providence,Providence,FALSE
2019-09-13,Morehead St.,OVC,Syracuse,ACC,Non-Conference,3,2,3-2,5,15,25,Syracuse,Morehead St.,TRUE
2019-09-13,Oral Roberts,Summit League,Little Rock,Sun Belt,Non-Conference,2,3,3-2,5,23,25,Little Rock,Little Rock,FALSE
2019-09-13,Green Bay,Horizon,Buffalo,MAC,Non-Conference,3,0,3-0,3,25,23,Green Bay,Green Bay,FALSE
2019-09-13,South Fla.,AAC,Long Beach St.,Big West,Non-Conference,2,3,3-2,5,25,20,South Fla.,Long Beach St.,TRUE
2019-09-13,Georgia,SEC,American,Patriot,Non-Conference,3,1,3-1,4,25,20,Georgia,Georgia,FALSE
2019-09-13,Western Ill.,Summit League,Toledo,MAC,Non-Conference,0,3,3-0,3,20,25,Toledo,Toledo,FALSE
2019-09-13,Virginia,ACC,Col. of Charleston,CAA,Non-Conference,3,1,3-1,4,25,9,Virginia,Virginia,FALSE
2019-09-13,UMBC,America East,Canisius,MAAC,Non-Conference,3,1,3-1,4,18,25,Canisius,UMBC,TRUE
2019-09-13,Murray St.,OVC,Sacramento St.,Big Sky,Non-Conference,3,1,3-1,4,25,18,Murray St.,Murray St.,FALSE
2019-09-13,Ark.-Pine Bluff,SWAC,SFA,Southland,Non-Conference,0,3,3-0,3,4,25,SFA,SFA,FALSE
2019-09-13,Marquette,Big East,UCF,AAC,Non-Conference,3,2,3-2,5,29,27,Marquette,Marquette,FALSE
2019-09-13,UC Davis,Big West,Iowa,Big Ten,Non-Conference,1,3,3-1,4,13,25,Iowa,Iowa,FALSE
2019-09-13,Northern Ill.,MAC,Niagara,MAAC,Non-Conference,3,1,3-1,4,25,17,Northern Ill.,Northern Ill.,FALSE
2019-09-13,Sam Houston St.,Southland,Mississippi St.,SEC,Non-Conference,0,3,3-0,3,22,25,Mississippi St.,Mississippi St.,FALSE
2019-09-13,Mississippi Val.,SWAC,La.-Monroe,Sun Belt,Non-Conference,0,3,3-0,3,21,25,La.-Monroe,La.-Monroe,FALSE
2019-09-13,Quinnipiac,MAAC,Colgate,Patriot,Non-Conference,0,3,3-0,3,18,25,Colgate,Colgate,FALSE
2019-09-13,Binghamton,America East,Army West Point,Patriot,Non-Conference,0,3,3-0,3,20,25,Army West Point,Army West Point,FALSE
2019-09-13,Tennessee Tech,OVC,Chattanooga,SoCon,Non-Conference,1,3,3-1,4,23,25,Chattanooga,Chattanooga,FALSE
2019-09-13,North Carolina,ACC,Miami (OH),MAC,Non-Conference,1,3,3-1,4,19,25,Miami (OH),Miami (OH),FALSE
2019-09-13,Boise St.,Mountain West,Austin Peay,OVC,Non-Conference,3,1,3-1,4,25,22,Boise St.,Boise St.,FALSE
2019-09-13,NJIT,ASUN,Sacred Heart,NEC,Non-Conference,0,3,3-0,3,22,25,Sacred Heart,Sacred Heart,FALSE
2019-09-13,SMU,AAC,Missouri St.,MVC,Non-Conference,3,0,3-0,3,25,15,SMU,SMU,FALSE
2019-09-13,Ball St.,MAC,Northern Ky.,Horizon,Non-Conference,3,2,3-2,5,18,25,Northern Ky.,Ball St.,TRUE
2019-09-13,Wisconsin,Big Ten,South Carolina,SEC,Non-Conference,3,0,3-0,3,25,14,Wisconsin,Wisconsin,FALSE
2019-09-13,Indiana,Big Ten,Cleveland St.,Horizon,Non-Conference,3,1,3-1,4,25,16,Indiana,Indiana,FALSE
2019-09-13,Western Mich.,MAC,Southeast Mo. St.,OVC,Non-Conference,3,0,3-0,3,25,23,Western Mich.,Western Mich.,FALSE
2019-09-13,Oregon,Pac-12,Minnesota,Big Ten,Non-Conference,0,3,3-0,3,23,25,Minnesota,Minnesota,FALSE
2019-09-13,St. John's (NY),Big East,Florida A&M,MEAC,Non-Conference,3,0,3-0,3,25,15,St. John's (NY),St. John's (NY),FALSE
2019-09-13,Montana St.,Big Sky,UTEP,C-USA,Non-Conference,3,0,3-0,3,29,27,Montana St.,Montana St.,FALSE
2019-09-13,Georgia Tech,ACC,Louisiana,Sun Belt,Non-Conference,3,0,3-0,3,25,18,Georgia Tech,Georgia Tech,FALSE
2019-09-13,Stony Brook,America East,Florida St.,ACC,Non-Conference,0,3,3-0,3,21,25,Florida St.,Florida St.,FALSE
2019-09-13,Northwestern St.,Southland,Texas St.,Sun Belt,Non-Conference,0,3,3-0,3,21,25,Texas St.,Texas St.,FALSE
2019-09-13,SIUE,OVC,Houston Baptist,Southland,Non-Conference,1,3,3-1,4,24,26,Houston Baptist,Houston Baptist,FALSE
2019-09-13,Northeastern,CAA,Fairfield,MAAC,Non-Conference,1,3,3-1,4,17,25,Fairfield,Fairfield,FALSE
2019-09-13,LMU (CA),WCC,High Point,Big South,Non-Conference,3,0,3-0,3,25,14,LMU (CA),LMU (CA),FALSE
2019-09-13,Tennessee St.,OVC,Southern U.,SWAC,Non-Conference,3,0,3-0,3,25,19,Tennessee St.,Tennessee St.,FALSE
2019-09-13,Southern Miss.,C-USA,Ga. Southern,Sun Belt,Non-Conference,0,3,3-0,3,21,25,Ga. Southern,Ga. Southern,FALSE
2019-09-13,Radford,Big South,Temple,AAC,Non-Conference,0,3,3-0,3,17,25,Temple,Temple,FALSE
2019-09-13,Texas,Big 12,BYU,WCC,Non-Conference,3,1,3-1,4,23,25,BYU,Texas,TRUE
2019-09-13,Iowa St.,Big 12,Appalachian St.,Sun Belt,Non-Conference,3,0,3-0,3,25,22,Iowa St.,Iowa St.,FALSE
2019-09-13,Hofstra,CAA,Dartmouth,Ivy League,Non-Conference,3,0,3-0,3,26,24,Hofstra,Hofstra,FALSE
2019-09-13,Charlotte,C-USA,Loyola Maryland,Patriot,Non-Conference,0,3,3-0,3,16,25,Loyola Maryland,Loyola Maryland,FALSE
2019-09-13,Navy,Patriot,Michigan,Big Ten,Non-Conference,0,3,3-0,3,22,25,Michigan,Michigan,FALSE
2019-09-13,Rider,MAAC,UMES,MEAC,Non-Conference,1,3,3-1,4,25,27,UMES,UMES,FALSE
2019-09-13,Coppin St.,MEAC,Brown,Ivy League,Non-Conference,0,3,3-0,3,14,25,Brown,Brown,FALSE
2019-09-13,Purdue Fort Wayne,Summit League,Evansville,MVC,Non-Conference,1,3,3-1,4,24,26,Evansville,Evansville,FALSE
2019-09-13,Miami (FL),ACC,TCU,Big 12,Non-Conference,0,3,3-0,3,15,25,TCU,TCU,FALSE
2019-09-13,Samford,SoCon,Kennesaw St.,ASUN,Non-Conference,3,2,3-2,5,21,25,Kennesaw St.,Samford,TRUE
2019-09-13,North Dakota,Summit League,Campbell,Big South,Non-Conference,0,3,3-0,3,15,25,Campbell,Campbell,FALSE
2019-09-13,UNC Greensboro,SoCon,William & Mary,CAA,Non-Conference,1,3,3-1,4,24,26,William & Mary,William & Mary,FALSE
2019-09-13,FIU,C-USA,Jacksonville,ASUN,Non-Conference,3,1,3-1,4,25,18,FIU,FIU,FALSE
2019-09-13,Coastal Carolina,Sun Belt,Towson,CAA,Non-Conference,3,2,3-2,5,21,25,Towson,Coastal Carolina,TRUE
2019-09-13,Alabama A&M,SWAC,Wofford,SoCon,Non-Conference,1,3,3-1,4,20,25,Wofford,Wofford,FALSE
2019-09-13,LIU,NEC,North Florida,ASUN,Non-Conference,1,3,3-1,4,25,14,LIU,North Florida,TRUE
2019-09-13,George Washington,Atlantic 10,East Carolina,AAC,Non-Conference,0,3,3-0,3,20,25,East Carolina,East Carolina,FALSE
2019-09-13,Omaha,Summit League,Creighton,Big East,Non-Conference,0,3,3-0,3,15,25,Creighton,Creighton,FALSE
2019-09-13,Mercer,SoCon,New Orleans,Southland,Non-Conference,2,3,3-2,5,19,25,New Orleans,New Orleans,FALSE
2019-09-13,Saint Francis (PA),NEC,Akron,MAC,Non-Conference,0,3,3-0,3,13,25,Akron,Akron,FALSE
2019-09-13,Furman,SoCon,Elon,CAA,Non-Conference,1,3,3-1,4,26,28,Elon,Elon,FALSE
2019-09-13,Presbyterian,Big South,Davidson,Atlantic 10,Non-Conference,0,3,3-0,3,20,25,Davidson,Davidson,FALSE
2019-09-13,Rhode Island,Atlantic 10,Bucknell,Patriot,Non-Conference,0,3,3-0,3,23,25,Bucknell,Bucknell,FALSE
2019-09-13,Duquesne,Atlantic 10,Penn,Ivy League,Non-Conference,0,3,3-0,3,18,25,Penn,Penn,FALSE
2019-09-13,Northwestern,Big Ten,Duke,ACC,Non-Conference,3,0,3-0,3,25,17,Northwestern,Northwestern,FALSE
2019-09-13,Troy,Sun Belt,Saint Louis,Atlantic 10,Non-Conference,1,3,3-1,4,25,21,Troy,Saint Louis,TRUE
2019-09-13,James Madison,CAA,Florida,SEC,Non-Conference,0,3,3-0,3,19,25,Florida,Florida,FALSE
2019-09-13,Boston College,ACC,Fla. Atlantic,C-USA,Non-Conference,1,3,3-1,4,25,21,Boston College,Fla. Atlantic,TRUE
2019-09-13,Arizona,Pac-12,Kansas,Big 12,Non-Conference,3,0,3-0,3,25,21,Arizona,Arizona,FALSE
2019-09-13,Nicholls St.,Southland,Louisiana Tech,C-USA,Non-Conference,2,3,3-2,5,14,25,Louisiana Tech,Louisiana Tech,FALSE
2019-09-13,UC Riverside,Big West,San Diego St.,Mountain West,Non-Conference,1,3,3-1,4,13,25,San Diego St.,San Diego St.,FALSE
2019-09-13,UConn,AAC,Ohio,MAC,Non-Conference,0,3,3-0,3,22,25,Ohio,Ohio,FALSE
2019-09-13,Xavier,Big East,Lipscomb,ASUN,Non-Conference,1,3,3-1,4,17,25,Lipscomb,Lipscomb,FALSE
2019-09-13,Ole Miss,SEC,Central Ark.,Southland,Non-Conference,3,2,3-2,5,22,25,Central Ark.,Ole Miss,TRUE
2019-09-13,Prairie View,SWAC,Abilene Christian,Southland,Non-Conference,2,3,3-2,5,23,25,Abilene Christian,Abilene Christian,FALSE
2019-09-13,Rice,C-USA,Arkansas St.,Sun Belt,Non-Conference,3,1,3-1,4,25,18,Rice,Rice,FALSE
2019-09-13,Gonzaga,WCC,Seattle U,WAC,Non-Conference,2,3,3-2,5,25,17,Gonzaga,Seattle U,TRUE
2019-09-13,Texas Tech,Big 12,UNLV,Mountain West,Non-Conference,3,2,3-2,5,21,25,UNLV,Texas Tech,TRUE
2019-09-13,Central Mich.,MAC,DePaul,Big East,Non-Conference,1,3,3-1,4,23,25,DePaul,DePaul,FALSE
2019-09-13,VCU,Atlantic 10,Wichita St.,AAC,Non-Conference,3,0,3-0,3,25,15,VCU,VCU,FALSE
2019-09-13,UNI,MVC,Missouri,SEC,Non-Conference,1,3,3-1,4,22,25,Missouri,Missouri,FALSE
2019-09-13,Morgan St.,MEAC,CSUN,Big West,Non-Conference,0,3,3-0,3,20,25,CSUN,CSUN,FALSE
2019-09-13,Villanova,Big East,Howard,MEAC,Non-Conference,3,0,3-0,3,25,16,Villanova,Villanova,FALSE
2019-09-13,Colorado St.,Mountain West,Colorado,Pac-12,Non-Conference,3,2,3-2,5,11,25,Colorado,Colorado St.,TRUE
2019-09-13,Pacific,WCC,Idaho,Big Sky,Non-Conference,3,2,3-2,5,23,25,Idaho,Pacific,TRUE
2019-09-13,Portland,WCC,New Mexico St.,WAC,Non-Conference,3,0,3-0,3,25,19,Portland,Portland,FALSE
2019-09-13,Ohio St.,Big Ten,Western Ky.,C-USA,Non-Conference,0,3,3-0,3,23,25,Western Ky.,Western Ky.,FALSE
2019-09-13,Illinois,Big Ten,Illinois St.,MVC,Non-Conference,1,3,3-1,4,16,25,Illinois St.,Illinois St.,FALSE
2019-09-13,UTSA,C-USA,Tulsa,AAC,Non-Conference,3,1,3-1,4,21,25,Tulsa,UTSA,TRUE
2019-09-13,Wyoming,Mountain West,South Dakota,Summit League,Non-Conference,1,3,3-1,4,26,24,Wyoming,South Dakota,TRUE
2019-09-13,Delaware,CAA,UIW,Southland,Non-Conference,3,2,3-2,5,25,17,Delaware,Delaware,FALSE
2019-09-13,Stetson,ASUN,Jacksonville St.,OVC,Non-Conference,1,3,3-1,4,11,25,Jacksonville St.,Jacksonville St.,FALSE
2019-09-13,Liberty,ASUN,Idaho St.,Big Sky,Non-Conference,3,0,3-0,3,25,22,Liberty,Liberty,FALSE
2019-09-13,Arkansas,SEC,Maryland,Big Ten,Non-Conference,1,3,3-1,4,22,25,Maryland,Maryland,FALSE
2019-09-13,Bradley,MVC,UIC,Horizon,Non-Conference,1,3,3-1,4,19,25,UIC,UIC,FALSE
2019-09-13,Georgia St.,Sun Belt,UAB,C-USA,Non-Conference,1,3,3-1,4,26,28,UAB,UAB,FALSE
2019-09-13,California,Pac-12,North Dakota St.,Summit League,Non-Conference,3,1,3-1,4,25,27,North Dakota St.,California,TRUE
2019-09-13,South Dakota St.,Summit League,Fresno St.,Mountain West,Non-Conference,1,3,3-1,4,25,19,South Dakota St.,Fresno St.,TRUE
2019-09-13,Kansas St.,Big 12,Dayton,Atlantic 10,Non-Conference,2,3,3-2,5,25,19,Kansas St.,Dayton,TRUE
2019-09-13,Memphis,AAC,Southern Ill.,MVC,Non-Conference,3,2,3-2,5,26,24,Memphis,Memphis,FALSE
2019-09-13,Arizona St.,Pac-12,Oklahoma,Big 12,Non-Conference,2,3,3-2,5,25,22,Arizona St.,Oklahoma,TRUE
2019-09-13,UTRGV,WAC,Texas A&M,SEC,Non-Conference,1,3,3-1,4,25,21,UTRGV,Texas A&M,TRUE
2019-09-13,FGCU,ASUN,Kentucky,SEC,Non-Conference,1,3,3-1,4,28,30,Kentucky,Kentucky,FALSE
2019-09-13,Butler,Big East,Milwaukee,Horizon,Non-Conference,1,3,3-1,4,16,25,Milwaukee,Milwaukee,FALSE
2019-09-13,CSU Bakersfield,WAC,Montana,Big Sky,Non-Conference,3,0,3-0,3,26,24,CSU Bakersfield,CSU Bakersfield,FALSE
2019-09-13,Stanford,Pac-12,Penn St.,Big Ten,Non-Conference,3,1,3-1,4,27,29,Penn St.,Stanford,TRUE
2019-09-13,Harvard,Ivy League,La Salle,Atlantic 10,Non-Conference,0,3,3-0,3,22,25,La Salle,La Salle,FALSE
2019-09-13,Northern Colo.,Big Sky,San Jose St.,Mountain West,Non-Conference,3,0,3-0,3,25,14,Northern Colo.,Northern Colo.,FALSE
2019-09-13,UC Irvine,Big West,Air Force,Mountain West,Non-Conference,3,2,3-2,5,20,25,Air Force,UC Irvine,TRUE
2019-09-13,Cornell,Ivy League,Saint Mary's (CA),WCC,Non-Conference,2,3,3-2,5,17,25,Saint Mary's (CA),Saint Mary's (CA),FALSE
2019-09-13,San Diego,WCC,UC Santa Barbara,Big West,Non-Conference,1,3,3-1,4,25,23,San Diego,UC Santa Barbara,TRUE
2019-09-13,Utah St.,Mountain West,San Francisco,WCC,Non-Conference,0,3,3-0,3,22,25,San Francisco,San Francisco,FALSE
2019-09-13,Marist,MAAC,Santa Clara,WCC,Non-Conference,3,0,3-0,3,25,18,Marist,Marist,FALSE
2019-09-13,Denver,Summit League,Nebraska,Big Ten,Non-Conference,0,3,3-0,3,23,25,Nebraska,Nebraska,FALSE
2019-09-13,Eastern Wash.,Big Sky,Grand Canyon,WAC,Non-Conference,0,3,3-0,3,14,25,Grand Canyon,Grand Canyon,FALSE
2019-09-13,LSU,SEC,Northern Ariz.,Big Sky,Non-Conference,0,3,3-0,3,24,26,Northern Ariz.,Northern Ariz.,FALSE
2019-09-13,Cal Poly,Big West,Pepperdine,WCC,Non-Conference,3,2,3-2,5,25,22,Cal Poly,Cal Poly,FALSE
2019-09-13,Yale,Ivy League,Southern California,Pac-12,Non-Conference,2,3,3-2,5,23,25,Southern California,Southern California,FALSE
2019-09-13,Nevada,Mountain West,Portland St.,Big Sky,Non-Conference,3,0,3-0,3,25,14,Nevada,Nevada,FALSE
2019-09-13,UT Arlington,Sun Belt,Washington St.,Pac-12,Non-Conference,0,3,3-0,3,20,25,Washington St.,Washington St.,FALSE
2019-09-13,UCLA,Pac-12,West Virginia,Big 12,Non-Conference,3,0,3-0,3,25,9,UCLA,UCLA,FALSE
2019-09-14,Utah Valley,WAC,Hawaii,Big West,Non-Conference,1,3,3-1,4,20,25,Hawaii,Hawaii,FALSE
2019-09-14,Middle Tenn.,C-USA,Purdue Fort Wayne,Summit League,Non-Conference,3,2,3-2,5,25,17,Middle Tenn.,Middle Tenn.,FALSE
2019-09-14,Delaware St.,MEAC,Lafayette,Patriot,Non-Conference,0,3,3-0,3,10,25,Lafayette,Lafayette,FALSE
2019-09-14,IUPUI,Horizon,Memphis,AAC,Non-Conference,0,3,3-0,3,19,25,Memphis,Memphis,FALSE
2019-09-14,Chicago St.,WAC,Penn,Ivy League,Non-Conference,2,3,3-2,5,22,25,Penn,Penn,FALSE
2019-09-14,Saint Francis (PA),NEC,Seton Hall,Big East,Non-Conference,0,3,3-0,3,17,25,Seton Hall,Seton Hall,FALSE
2019-09-14,UNC Asheville,Big South,Southern Miss.,C-USA,Non-Conference,3,0,3-0,3,25,20,UNC Asheville,UNC Asheville,FALSE
2019-09-14,Presbyterian,Big South,UNCW,CAA,Non-Conference,1,3,3-1,4,25,22,Presbyterian,UNCW,TRUE
2019-09-14,N.C. A&T,MEAC,Alabama A&M,SWAC,Non-Conference,3,0,3-0,3,25,15,N.C. A&T,N.C. A&T,FALSE
2019-09-14,North Dakota,Summit League,South Carolina St.,MEAC,Non-Conference,3,0,3-0,3,25,17,North Dakota,North Dakota,FALSE
2019-09-14,Indiana St.,MVC,Toledo,MAC,Non-Conference,0,3,3-0,3,16,25,Toledo,Toledo,FALSE
2019-09-14,Austin Peay,OVC,Kansas City,WAC,Non-Conference,1,3,3-1,4,25,23,Austin Peay,Kansas City,TRUE
2019-09-14,Fordham,Atlantic 10,Hofstra,CAA,Non-Conference,1,3,3-1,4,25,22,Fordham,Hofstra,TRUE
2019-09-14,Hampton,Big South,UMES,MEAC,Non-Conference,3,2,3-2,5,25,19,Hampton,Hampton,FALSE
2019-09-14,Rutgers,Big Ten,Quinnipiac,MAAC,Non-Conference,3,0,3-0,3,25,22,Rutgers,Rutgers,FALSE
2019-09-14,SMU,AAC,Weber St.,Big Sky,Non-Conference,0,3,3-0,3,11,25,Weber St.,Weber St.,FALSE
2019-09-14,USC Upstate,Big South,George Washington,Atlantic 10,Non-Conference,0,3,3-0,3,23,25,George Washington,George Washington,FALSE
2019-09-14,Ball St.,MAC,Cincinnati,AAC,Non-Conference,2,3,3-2,5,25,23,Ball St.,Cincinnati,TRUE
2019-09-14,Boston College,ACC,Southern Utah,Big Sky,Non-Conference,3,0,3-0,3,25,12,Boston College,Boston College,FALSE
2019-09-14,Nevada,Mountain West,Morgan St.,MEAC,Non-Conference,3,0,3-0,3,25,20,Nevada,Nevada,FALSE
2019-09-14,Manhattan,MAAC,Chattanooga,SoCon,Non-Conference,2,3,3-2,5,25,22,Manhattan,Chattanooga,TRUE
2019-09-14,Eastern Ill.,OVC,Purdue Fort Wayne,Summit League,Non-Conference,1,3,3-1,4,16,25,Purdue Fort Wayne,Purdue Fort Wayne,FALSE
2019-09-14,Northeastern,CAA,Sacred Heart,NEC,Non-Conference,0,3,3-0,3,20,25,Sacred Heart,Sacred Heart,FALSE
2019-09-14,Troy,Sun Belt,UT Martin,OVC,Non-Conference,3,0,3-0,3,25,16,Troy,Troy,FALSE
2019-09-14,Kent St.,MAC,Army West Point,Patriot,Non-Conference,1,3,3-1,4,23,25,Army West Point,Army West Point,FALSE
2019-09-14,Princeton,Ivy League,Arkansas,SEC,Non-Conference,3,0,3-0,3,25,18,Princeton,Princeton,FALSE
2019-09-14,Youngstown St.,Horizon,Coastal Carolina,Sun Belt,Non-Conference,1,3,3-1,4,21,25,Coastal Carolina,Coastal Caro.,FALSE
2019-09-14,Bucknell,Patriot,Saint Peter's,MAAC,Non-Conference,3,1,3-1,4,25,17,Bucknell,Bucknell,FALSE
2019-09-14,Illinois,Big Ten,UCF,AAC,Non-Conference,1,3,3-1,4,21,25,UCF,UCF,FALSE
2019-09-14,Col. of Charleston,CAA,UConn,AAC,Non-Conference,3,0,3-0,3,25,23,Col. of Charleston,Col. of Charleston,FALSE
2019-09-14,Nicholls St.,Southland,La.-Monroe,Sun Belt,Non-Conference,0,3,3-0,3,21,25,La.-Monroe,La.-Monroe,FALSE
2019-09-14,LIU,NEC,Charleston So.,Big South,Non-Conference,1,3,3-1,4,25,22,LIU,Charleston So.,TRUE
2019-09-14,Brown,Ivy League,Fairleigh Dickinson,NEC,Non-Conference,3,0,3-0,3,25,15,Brown,Brown,FALSE
2019-09-14,Buffalo,MAC,North Dakota St.,Summit League,Non-Conference,2,3,3-2,5,28,26,Buffalo,North Dakota St.,TRUE
2019-09-14,Bradley,MVC,Sacramento St.,Big Sky,Non-Conference,3,1,3-1,4,25,18,Bradley,Bradley,FALSE
2019-09-14,Columbia,Ivy League,Temple,AAC,Non-Conference,0,3,3-0,3,18,25,Temple,Temple,FALSE
2019-09-14,Valparaiso,MVC,Central Mich.,MAC,Non-Conference,1,3,3-1,4,23,25,Central Mich.,Central Mich.,FALSE
2019-09-14,Omaha,Summit League,Washington,Pac-12,Non-Conference,1,3,3-1,4,15,25,Washington,Washington,FALSE
2019-09-14,Alcorn,SWAC,Alabama,SEC,Non-Conference,0,3,3-0,3,12,25,Alabama,Alabama,FALSE
2019-09-14,NJIT,ASUN,Fairfield,MAAC,Non-Conference,1,3,3-1,4,22,25,Fairfield,Fairfield,FALSE
2019-09-14,Gardner-Webb,Big South,Wofford,SoCon,Non-Conference,1,3,3-1,4,21,25,Wofford,Wofford,FALSE
2019-09-14,Oral Roberts,Summit League,Central Ark.,Southland,Non-Conference,2,3,3-2,5,25,20,Oral Roberts,Central Ark.,TRUE
2019-09-14,Louisiana,Sun Belt,Oklahoma,Big 12,Non-Conference,0,3,3-0,3,19,25,Oklahoma,Oklahoma,FALSE
2019-09-14,Tennessee St.,OVC,Mercer,SoCon,Non-Conference,1,3,3-1,4,23,25,Mercer,Mercer,FALSE
2019-09-14,Rice,C-USA,SFA,Southland,Non-Conference,2,3,3-2,5,25,18,Rice,SFA,TRUE
2019-09-14,Notre Dame,ACC,Northern Ky.,Horizon,Non-Conference,3,1,3-1,4,19,25,Northern Ky.,Notre Dame,TRUE
2019-09-14,Bowling Green,MAC,Tulane,AAC,Non-Conference,1,3,3-1,4,25,19,Bowling Green,Tulane,TRUE
2019-09-14,Stony Brook,America East,Florida A&M,MEAC,Non-Conference,3,1,3-1,4,25,20,Stony Brook,Stony Brook,FALSE
2019-09-14,American,Patriot,Northwestern,Big Ten,Non-Conference,1,3,3-1,4,25,22,American,Northwestern,TRUE
2019-09-14,Bethune-Cookman,MEAC,Fla. Atlantic,C-USA,Non-Conference,0,3,3-0,3,18,25,Fla. Atlantic,Fla. Atlantic,FALSE
2019-09-14,N.C. Central,MEAC,Davidson,Atlantic 10,Non-Conference,0,3,3-0,3,14,25,Davidson,Davidson,FALSE
2019-09-14,Northern Ill.,MAC,Delaware,CAA,Non-Conference,0,3,3-0,3,11,25,Delaware,Delaware,FALSE
2019-09-14,St. John's (NY),Big East,Florida St.,ACC,Non-Conference,0,3,3-0,3,26,28,Florida St.,Florida St.,FALSE
2019-09-14,Prairie View,SWAC,Cal St. Fullerton,Big West,Non-Conference,2,3,3-2,5,26,24,Prairie View,Cal St. Fullerton,TRUE
2019-09-14,UC Irvine,Big West,Loyola Chicago,MVC,Non-Conference,0,3,3-0,3,16,25,Loyola Chicago,Loyola Chicago,FALSE
2019-09-14,Canisius,MAAC,Charlotte,C-USA,Non-Conference,2,3,3-2,5,18,25,Charlotte,Charlotte,FALSE
2019-09-14,UNC Greensboro,SoCon,Georgetown,Big East,Non-Conference,0,3,3-0,3,13,25,Georgetown,Georgetown,FALSE
2019-09-14,South Alabama,Sun Belt,Samford,SoCon,Non-Conference,1,3,3-1,4,18,25,Samford,Samford,FALSE
2019-09-14,Stetson,ASUN,Sam Houston St.,Southland,Non-Conference,1,3,3-1,4,23,25,Sam Houston St.,Sam Houston St.,FALSE
2019-09-14,UTSA,C-USA,Houston Baptist,Southland,Non-Conference,3,2,3-2,5,25,14,UTSA,UTSA,FALSE
2019-09-14,New Hampshire,America East,Colgate,Patriot,Non-Conference,3,1,3-1,4,26,24,New Hampshire,New Hampshire,FALSE
2019-09-14,Hartford,America East,Dartmouth,Ivy League,Non-Conference,3,0,3-0,3,25,12,Hartford,Hartford,FALSE
2019-09-14,Wyoming,Mountain West,UC Davis,Big West,Non-Conference,2,3,3-2,5,23,25,UC Davis,UC Davis,FALSE
2019-09-14,Eastern Ky.,OVC,Akron,MAC,Non-Conference,0,3,3-0,3,16,25,Akron,Akron,FALSE
2019-09-14,Idaho,Big Sky,Texas Tech,Big 12,Non-Conference,0,3,3-0,3,23,25,Texas Tech,Texas Tech,FALSE
2019-09-14,Arizona,Pac-12,Morehead St.,OVC,Non-Conference,3,0,3-0,3,25,18,Arizona,Arizona,FALSE
2019-09-14,ETSU,SoCon,Georgia St.,Sun Belt,Non-Conference,3,2,3-2,5,21,25,Georgia St.,ETSU,TRUE
2019-09-14,Marshall,C-USA,Saint Louis,Atlantic 10,Non-Conference,3,0,3-0,3,25,21,Marshall,Marshall,FALSE
2019-09-14,Cleveland St.,Horizon,FGCU,ASUN,Non-Conference,1,3,3-1,4,16,25,FGCU,FGCU,FALSE
2019-09-14,Southeast Mo. St.,OVC,Butler,Big East,Non-Conference,1,3,3-1,4,17,25,Butler,Butler,FALSE
2019-09-14,Montana St.,Big Sky,CSU Bakersfield,WAC,Non-Conference,3,1,3-1,4,25,16,Montana St.,Montana St.,FALSE
2019-09-14,The Citadel,SoCon,Campbell,Big South,Non-Conference,0,3,3-0,3,14,25,Campbell,Campbell,FALSE
2019-09-14,Norfolk St.,MEAC,East Carolina,AAC,Non-Conference,0,3,3-0,3,15,25,East Carolina,East Carolina,FALSE
2019-09-14,Rider,MAAC,Robert Morris,NEC,Non-Conference,1,3,3-1,4,21,25,Robert Morris,Robert Morris,FALSE
2019-09-14,Utah,Pac-12,Pittsburgh,ACC,Non-Conference,1,3,3-1,4,22,25,Pittsburgh,Pittsburgh,FALSE
2019-09-14,Iona,MAAC,William & Mary,CAA,Non-Conference,1,3,3-1,4,15,25,William & Mary,William & Mary,FALSE
2019-09-14,San Diego St.,Mountain West,Eastern Wash.,Big Sky,Non-Conference,3,1,3-1,4,25,16,San Diego St.,San Diego St.,FALSE
2019-09-14,LSU,SEC,South Dakota St.,Summit League,Non-Conference,3,0,3-0,3,25,23,LSU,LSU,FALSE
2019-09-14,Winthrop,Big South,Ga. Southern,Sun Belt,Non-Conference,3,0,3-0,3,25,14,Winthrop,Winthrop,FALSE
2019-09-14,Harvard,Ivy League,San Diego,WCC,Non-Conference,0,3,3-0,3,14,25,San Diego,San Diego,FALSE
2019-09-14,Murray St.,OVC,UIC,Horizon,Non-Conference,3,1,3-1,4,26,24,Murray St.,Murray St.,FALSE
2019-09-14,George Mason,Atlantic 10,Maryland,Big Ten,Non-Conference,3,2,3-2,5,28,26,George Mason,George Mason,FALSE
2019-09-14,Boise St.,Mountain West,UNI,MVC,Non-Conference,3,0,3-0,3,25,20,Boise St.,Boise St.,FALSE
2019-09-14,Drake,MVC,Creighton,Big East,Non-Conference,1,3,3-1,4,17,25,Creighton,Creighton,FALSE
2019-09-14,Western Ill.,Summit League,Wright St.,Horizon,Non-Conference,0,3,3-0,3,14,25,Wright St.,Wright St.,FALSE
2019-09-14,Binghamton,America East,Bryant,NEC,Non-Conference,0,3,3-0,3,12,25,Bryant,Bryant,FALSE
2019-09-14,Lehigh,Patriot,Radford,Big South,Non-Conference,0,3,3-0,3,17,25,Radford,Radford,FALSE
2019-09-14,Saint Peter's,MAAC,Rhode Island,Atlantic 10,Non-Conference,0,3,3-0,3,20,25,Rhode Island,Rhode Island,FALSE
2019-09-14,Coppin St.,MEAC,Providence,Big East,Non-Conference,1,3,3-1,4,25,21,Coppin St.,Providence,TRUE
2019-09-14,Dayton,Atlantic 10,Missouri St.,MVC,Non-Conference,3,0,3-0,3,25,12,Dayton,Dayton,FALSE
2019-09-14,Duquesne,Atlantic 10,St. Francis Brooklyn,NEC,Non-Conference,3,1,3-1,4,26,24,Duquesne,Duquesne,FALSE
2019-09-14,Middle Tenn.,C-USA,Evansville,MVC,Non-Conference,1,3,3-1,4,22,25,Evansville,Evansville,FALSE
2019-09-14,Howard,MEAC,Southern California,Pac-12,Non-Conference,0,3,3-0,3,22,25,Southern California,Southern California,FALSE
2019-09-14,Holy Cross,Patriot,DePaul,Big East,Non-Conference,1,3,3-1,4,25,21,Holy Cross,DePaul,TRUE
2019-09-14,Mississippi Val.,SWAC,Louisiana Tech,C-USA,Non-Conference,0,3,3-0,3,17,25,Louisiana Tech,Louisiana Tech,FALSE
2019-09-14,Albany (NY),America East,Towson,CAA,Non-Conference,0,3,3-0,3,12,25,Towson,Towson,FALSE
2019-09-14,SIUE,OVC,Tulsa,AAC,Non-Conference,1,3,3-1,4,25,19,SIUE,Tulsa,TRUE
2019-09-14,UTEP,C-USA,Montana,Big Sky,Non-Conference,3,0,3-0,3,25,15,UTEP,UTEP,FALSE
2019-09-14,Tennessee,SEC,Baylor,Big 12,Non-Conference,0,3,3-0,3,18,25,Baylor,Baylor,FALSE
2019-09-14,Belmont,OVC,Jacksonville,ASUN,Non-Conference,2,3,3-2,5,16,25,Jacksonville,Jacksonville,FALSE
2019-09-14,UMBC,America East,Loyola Maryland,Patriot,Non-Conference,1,3,3-1,4,20,25,Loyola Maryland,Loyola Maryland,FALSE
2019-09-14,Virginia,ACC,Ohio,MAC,Non-Conference,0,3,3-0,3,21,25,Ohio,Ohio,FALSE
2019-09-14,New Mexico,Mountain West,Seattle U,WAC,Non-Conference,3,0,3-0,3,25,22,New Mexico,New Mexico,FALSE
2019-09-14,Iowa St.,Big 12,NC State,ACC,Non-Conference,3,1,3-1,4,23,25,NC State,Iowa St.,TRUE
2019-09-14,BYU,WCC,VCU,Atlantic 10,Non-Conference,3,1,3-1,4,25,8,BYU,BYU,FALSE
2019-09-14,FIU,C-USA,North Florida,ASUN,Non-Conference,3,2,3-2,5,25,27,North Florida,FIU,TRUE
2019-09-14,LMU (CA),WCC,Nebraska,Big Ten,Non-Conference,1,3,3-1,4,33,31,LMU (CA),Nebraska,TRUE
2019-09-14,Utah St.,Mountain West,Cornell,Ivy League,Non-Conference,0,3,3-0,3,13,25,Cornell,Cornell,FALSE
2019-09-14,South Fla.,AAC,James Madison,CAA,Non-Conference,0,3,3-0,3,16,25,James Madison,James Madison,FALSE
2019-09-14,Alabama St.,SWAC,Southern Ill.,MVC,Non-Conference,2,3,3-2,5,25,16,Alabama St.,Southern Ill.,TRUE
2019-09-14,Grambling,SWAC,New Mexico St.,WAC,Non-Conference,0,3,3-0,3,11,25,New Mexico St.,New Mexico St.,FALSE
2019-09-14,Ark.-Pine Bluff,SWAC,Arkansas St.,Sun Belt,Non-Conference,0,3,3-0,3,15,25,Arkansas St.,Arkansas St.,FALSE
2019-09-14,Arizona St.,Pac-12,Georgia Tech,ACC,Non-Conference,3,1,3-1,4,25,16,Arizona St.,Arizona St.,FALSE
2019-09-14,UT Arlington,Sun Belt,Idaho St.,Big Sky,Non-Conference,3,2,3-2,5,23,25,Idaho St.,UT Arlington,TRUE
2019-09-14,Southern U.,SWAC,New Orleans,Southland,Non-Conference,0,3,3-0,3,9,25,New Orleans,New Orleans,FALSE
2019-09-14,UC Riverside,Big West,Grand Canyon,WAC,Non-Conference,1,3,3-1,4,27,25,UC Riverside,Grand Canyon,TRUE
2019-09-14,Niagara,MAAC,UIW,Southland,Non-Conference,1,3,3-1,4,25,23,Niagara,UIW,TRUE
2019-09-14,Miami (FL),ACC,Auburn,SEC,Non-Conference,1,3,3-1,4,22,25,Auburn,Auburn,FALSE
2019-09-14,Liberty,ASUN,Washington St.,Pac-12,Non-Conference,0,3,3-0,3,18,25,Washington St.,Washington St.,FALSE
2019-09-14,North Texas,C-USA,Abilene Christian,Southland,Non-Conference,3,0,3-0,3,25,17,North Texas,North Texas,FALSE
2019-09-14,Georgia,SEC,Duke,ACC,Non-Conference,3,0,3-0,3,25,11,Georgia,Georgia,FALSE
2019-09-14,Wisconsin,Big Ten,Clemson,ACC,Non-Conference,3,0,3-0,3,25,19,Wisconsin,Wisconsin,FALSE
2019-09-14,Jackson St.,SWAC,Southeastern La.,Southland,Non-Conference,1,3,3-1,4,18,25,Southeastern La.,Southeastern La.,FALSE
2019-09-14,Kansas City,WAC,Missouri,SEC,Non-Conference,0,3,3-0,3,12,25,Missouri,Missouri,FALSE
2019-09-14,Fresno St.,Mountain West,Northern Ariz.,Big Sky,Non-Conference,0,3,3-0,3,17,25,Northern Ariz.,Northern Ariz.,FALSE
2019-09-14,La Salle,Atlantic 10,UC Santa Barbara,Big West,Non-Conference,0,3,3-0,3,29,31,UC Santa Barbara,UC Santa Barbara,FALSE
2019-09-14,Lamar University,Southland,Portland,WCC,Non-Conference,1,3,3-1,4,25,23,Lamar University,Portland,TRUE
2019-09-14,Fairleigh Dickinson,NEC,Coppin St.,MEAC,Non-Conference,0,3,3-0,3,24,26,Coppin St.,Coppin St.,FALSE
2019-09-14,Western Ill.,Summit League,Indiana St.,MVC,Non-Conference,0,3,3-0,3,21,25,Indiana St.,Indiana St.,FALSE
2019-09-14,Western Mich.,MAC,Milwaukee,Horizon,Non-Conference,0,3,3-0,3,18,25,Milwaukee,Milwaukee,FALSE
2019-09-14,Louisville,ACC,Xavier,Big East,Non-Conference,3,0,3-0,3,25,18,Louisville,Louisville,FALSE
2019-09-14,NJIT,ASUN,Northeastern,CAA,Non-Conference,0,3,3-0,3,24,26,Northeastern,Northeastern,FALSE
2019-09-14,UNC Greensboro,SoCon,Iona,MAAC,Non-Conference,3,2,3-2,5,25,13,UNC Greensboro,UNC Greensboro,FALSE
2019-09-14,CSUN,Big West,Portland St.,Big Sky,Non-Conference,3,2,3-2,5,25,19,CSUN,CSUN,FALSE
2019-09-14,Northern Colo.,Big Sky,Santa Clara,WCC,Non-Conference,1,3,3-1,4,25,21,Northern Colo.,Santa Clara,TRUE
2019-09-14,N.C. Central,MEAC,Presbyterian,Big South,Non-Conference,1,3,3-1,4,28,26,N.C. Central,Presbyterian,TRUE
2019-09-14,Bucknell,Patriot,Central Conn. St.,NEC,Non-Conference,3,2,3-2,5,25,14,Bucknell,Bucknell,FALSE
2019-09-14,Radford,Big South,Columbia,Ivy League,Non-Conference,1,3,3-1,4,20,25,Columbia,Columbia,FALSE
2019-09-14,Miami (OH),MAC,Oakland,Horizon,Non-Conference,1,3,3-1,4,25,15,Miami (OH),Oakland,TRUE
2019-09-14,Hampton,Big South,Rider,MAAC,Non-Conference,1,3,3-1,4,30,28,Hampton,Rider,TRUE
2019-09-14,Quinnipiac,MAAC,New Hampshire,America East,Non-Conference,1,3,3-1,4,16,25,New Hampshire,New Hampshire,FALSE
2019-09-14,Loyola Chicago,MVC,Air Force,Mountain West,Non-Conference,3,0,3-0,3,25,13,Loyola Chicago,Loyola Chicago,FALSE
2019-09-14,Hofstra,CAA,Hartford,America East,Non-Conference,3,1,3-1,4,25,19,Hofstra,Hofstra,FALSE
2019-09-14,Tennessee Tech,OVC,Manhattan,MAAC,Non-Conference,3,0,3-0,3,25,18,Tennessee Tech,Tennessee Tech,FALSE
2019-09-14,Eastern Ky.,OVC,Saint Francis (PA),NEC,Non-Conference,3,0,3-0,3,25,12,Eastern Ky.,Eastern Ky.,FALSE
2019-09-14,Long Beach St.,Big West,Florida,SEC,Non-Conference,2,3,3-2,5,27,25,Long Beach St.,Florida,TRUE
2019-09-14,Pacific,WCC,UNLV,Mountain West,Non-Conference,3,1,3-1,4,25,19,Pacific,Pacific,FALSE
2019-09-14,Bryant,NEC,Army West Point,Patriot,Non-Conference,0,3,3-0,3,14,25,Army West Point,Army West Point,FALSE
2019-09-14,Navy,Patriot,Eastern Mich.,MAC,Non-Conference,3,2,3-2,5,19,25,Eastern Mich.,Navy,TRUE
2019-09-14,Gonzaga,WCC,Oregon St.,Pac-12,Non-Conference,1,3,3-1,4,25,23,Gonzaga,Oregon St.,TRUE
2019-09-14,Ohio St.,Big Ten,Bowling Green,MAC,Non-Conference,3,0,3-0,3,27,25,Ohio St.,Ohio St.,FALSE
2019-09-14,Indiana,Big Ten,Kentucky,SEC,Non-Conference,3,2,3-2,5,16,25,Kentucky,Indiana,TRUE
2019-09-14,Oral Roberts,Summit League,Ole Miss,SEC,Non-Conference,1,3,3-1,4,25,22,Oral Roberts,Ole Miss,TRUE
2019-09-14,Marist,MAAC,San Jose St.,Mountain West,Non-Conference,0,3,3-0,3,17,25,San Jose St.,San Jose St.,FALSE
2019-09-14,St. Francis Brooklyn,NEC,Penn,Ivy League,Non-Conference,0,3,3-0,3,13,25,Penn,Penn,FALSE
2019-09-14,Bradley,MVC,Murray St.,OVC,Non-Conference,2,3,3-2,5,21,25,Murray St.,Murray St.,FALSE
2019-09-14,South Carolina St.,MEAC,Campbell,Big South,Non-Conference,0,3,3-0,3,20,25,Campbell,Campbell,FALSE
2019-09-14,Brown,Ivy League,Providence,Big East,Non-Conference,3,2,3-2,5,25,21,Brown,Brown,FALSE
2019-09-14,Rutgers,Big Ten,Colgate,Patriot,Non-Conference,3,0,3-0,3,25,17,Rutgers,Rutgers,FALSE
2019-09-14,Holy Cross,Patriot,Central Mich.,MAC,Non-Conference,0,3,3-0,3,20,25,Central Mich.,Central Mich.,FALSE
2019-09-14,La.-Monroe,Sun Belt,Louisiana Tech,C-USA,Non-Conference,0,3,3-0,3,24,26,Louisiana Tech,Louisiana Tech,FALSE
2019-09-14,Minnesota,Big Ten,Stanford,Pac-12,Non-Conference,3,1,3-1,4,27,25,Minnesota,Minnesota,FALSE
2019-09-14,Notre Dame,ACC,Ball St.,MAC,Non-Conference,3,1,3-1,4,19,25,Ball St.,Notre Dame,TRUE
2019-09-14,Siena,MAAC,Lafayette,Patriot,Non-Conference,0,3,3-0,3,26,28,Lafayette,Lafayette,FALSE
2019-09-14,Prairie View,SWAC,North Texas,C-USA,Non-Conference,0,3,3-0,3,14,25,North Texas,North Texas,FALSE
2019-09-14,Marshall,C-USA,Troy,Sun Belt,Non-Conference,1,3,3-1,4,23,25,Troy,Troy,FALSE
2019-09-14,Arkansas,SEC,George Mason,Atlantic 10,Non-Conference,3,1,3-1,4,25,20,Arkansas,Arkansas,FALSE
2019-09-14,High Point,Big South,Denver,Summit League,Non-Conference,3,0,3-0,3,25,17,High Point,High Point,FALSE
2019-09-14,Fairfield,MAAC,Sacred Heart,NEC,Non-Conference,3,1,3-1,4,15,25,Sacred Heart,Fairfield,TRUE
2019-09-14,Green Bay,Horizon,North Dakota St.,Summit League,Non-Conference,0,3,3-0,3,21,25,North Dakota St.,North Dakota St.,FALSE
2019-09-14,UNCW,CAA,Davidson,Atlantic 10,Non-Conference,0,3,3-0,3,24,26,Davidson,Davidson,FALSE
2019-09-14,Drake,MVC,Omaha,Summit League,Non-Conference,0,3,3-0,3,16,25,Omaha,Omaha,FALSE
2019-09-14,Rhode Island,Atlantic 10,Central Conn. St.,NEC,Non-Conference,3,1,3-1,4,25,21,Rhode Island,Rhode Island,FALSE
2019-09-14,Fordham,Atlantic 10,Dartmouth,Ivy League,Non-Conference,3,1,3-1,4,25,21,Fordham,Fordham,FALSE
2019-09-14,UCF,AAC,Illinois St.,MVC,Non-Conference,2,3,3-2,5,25,20,UCF,Illinois St.,TRUE
2019-09-14,NC State,ACC,Appalachian St.,Sun Belt,Non-Conference,3,2,3-2,5,22,25,Appalachian St.,NC State,TRUE
2019-09-14,San Diego,WCC,La Salle,Atlantic 10,Non-Conference,3,0,3-0,3,25,13,San Diego,San Diego,FALSE
2019-09-14,Furman,SoCon,Wake Forest,ACC,Non-Conference,0,3,3-0,3,20,25,Wake Forest,Wake Forest,FALSE
2019-09-14,Robert Morris,NEC,UMES,MEAC,Non-Conference,3,0,3-0,3,25,20,Robert Morris,Robert Morris,FALSE
2019-09-14,Georgetown,Big East,William & Mary,CAA,Non-Conference,3,0,3-0,3,25,11,Georgetown,Georgetown,FALSE
2019-09-14,USC Upstate,Big South,East Carolina,AAC,Non-Conference,2,3,3-2,5,21,25,East Carolina,East Carolina,FALSE
2019-09-14,Toledo,MAC,Wright St.,Horizon,Non-Conference,0,3,3-0,3,23,25,Wright St.,Wright St.,FALSE
2019-09-14,Seton Hall,Big East,Akron,MAC,Non-Conference,0,3,3-0,3,19,25,Akron,Akron,FALSE
2019-09-14,Eastern Ill.,OVC,Evansville,MVC,Non-Conference,2,3,3-2,5,29,31,Evansville,Evansville,FALSE
2019-09-14,Princeton,Ivy League,Maryland,Big Ten,Non-Conference,2,3,3-2,5,24,26,Maryland,Maryland,FALSE
2019-09-14,South Alabama,Sun Belt,Kennesaw St.,ASUN,Non-Conference,2,3,3-2,5,25,21,South Alabama,Kennesaw St.,TRUE
2019-09-14,Lehigh,Patriot,Temple,AAC,Non-Conference,0,3,3-0,3,18,25,Temple,Temple,FALSE
2019-09-14,Tulane,AAC,Western Ky.,C-USA,Non-Conference,1,3,3-1,4,16,25,Western Ky.,Western Ky.,FALSE
2019-09-14,Iowa,Big Ten,South Dakota,Summit League,Non-Conference,2,3,3-2,5,17,25,South Dakota,South Dakota,FALSE
2019-09-14,Eastern Wash.,Big Sky,UC Riverside,Big West,Non-Conference,0,3,3-0,3,21,25,UC Riverside,UC Riverside,FALSE
2019-09-14,Purdue,Big Ten,Lipscomb,ASUN,Non-Conference,3,1,3-1,4,23,25,Lipscomb,Purdue,TRUE
2019-09-14,Cincinnati,AAC,Northern Ky.,Horizon,Non-Conference,2,3,3-2,5,19,25,Northern Ky.,Northern Ky.,FALSE
2019-09-14,Howard,MEAC,Yale,Ivy League,Non-Conference,0,3,3-0,3,17,25,Yale,Yale,FALSE
2019-09-14,Mississippi St.,SEC,Jacksonville St.,OVC,Non-Conference,3,1,3-1,4,25,22,Mississippi St.,Mississippi St.,FALSE
2019-09-14,Central Ark.,Southland,Little Rock,Sun Belt,Non-Conference,1,3,3-1,4,23,25,Little Rock,Little Rock,FALSE
2019-09-14,Cornell,Ivy League,San Francisco,WCC,Non-Conference,3,1,3-1,4,16,25,San Francisco,Cornell,TRUE
2019-09-14,Oregon,Pac-12,Penn St.,Big Ten,Non-Conference,0,3,3-0,3,21,25,Penn St.,Penn St.,FALSE
2019-09-14,Syracuse,ACC,Arizona,Pac-12,Non-Conference,0,3,3-0,3,20,25,Arizona,Arizona,FALSE
2019-09-14,Cal Poly,Big West,Utah,Pac-12,Non-Conference,3,2,3-2,5,25,19,Cal Poly,Cal Poly,FALSE
2019-09-14,ETSU,SoCon,UAB,C-USA,Non-Conference,2,3,3-2,5,25,22,ETSU,UAB,TRUE
2019-09-14,Sacramento St.,Big Sky,UIC,Horizon,Non-Conference,0,3,3-0,3,18,25,UIC,UIC,FALSE
2019-09-14,Texas,Big 12,Wichita St.,AAC,Non-Conference,3,0,3-0,3,25,13,Texas,Texas,FALSE
2019-09-14,Georgia Tech,ACC,Oklahoma,Big 12,Non-Conference,1,3,3-1,4,23,25,Oklahoma,Oklahoma,FALSE
2019-09-14,UT Martin,OVC,Saint Louis,Atlantic 10,Non-Conference,0,3,3-0,3,25,27,Saint Louis,Saint Louis,FALSE
2019-09-14,Lamar University,Southland,New Mexico St.,WAC,Non-Conference,1,3,3-1,4,25,22,Lamar University,New Mexico St.,TRUE
2019-09-14,Washington,Pac-12,Creighton,Big East,Non-Conference,3,1,3-1,4,25,19,Washington,Washington,FALSE
2019-09-14,Illinois,Big Ten,Marquette,Big East,Non-Conference,3,2,3-2,5,25,27,Marquette,Illinois,TRUE
2019-09-14,Weber St.,Big Sky,Missouri St.,MVC,Non-Conference,3,2,3-2,5,22,25,Missouri St.,Weber St.,TRUE
2019-09-14,Oregon St.,Pac-12,Seattle U,WAC,Non-Conference,3,0,3-0,3,25,16,Oregon St.,Oregon St.,FALSE
2019-09-14,Virginia Tech,ACC,Air Force,Mountain West,Non-Conference,3,1,3-1,4,25,15,Virginia Tech,Virginia Tech,FALSE
2019-09-14,Valparaiso,MVC,DePaul,Big East,Non-Conference,0,3,3-0,3,18,25,DePaul,DePaul,FALSE
2019-09-14,Pittsburgh,ACC,Pepperdine,WCC,Non-Conference,3,2,3-2,5,25,17,Pittsburgh,Pittsburgh,FALSE
2019-09-14,Harvard,Ivy League,UC Santa Barbara,Big West,Non-Conference,1,3,3-1,4,15,25,UC Santa Barbara,UC Santa Barbara,FALSE
2019-09-14,Utah St.,Mountain West,Saint Mary's (CA),WCC,Non-Conference,0,3,3-0,3,21,25,Saint Mary's (CA),Saint Mary's (CA),FALSE
2019-09-14,San Diego St.,Mountain West,Grand Canyon,WAC,Non-Conference,0,3,3-0,3,19,25,Grand Canyon,Grand Canyon,FALSE
2019-09-14,Villanova,Big East,Southern California,Pac-12,Non-Conference,0,3,3-0,3,19,25,Southern California,Southern California,FALSE
2019-09-15,UCLA,Pac-12,Hawaii,Big West,Non-Conference,0,3,3-0,3,15,25,Hawaii,Hawaii,FALSE
2019-09-15,West Virginia,Big 12,Utah Valley,WAC,Non-Conference,3,0,3-0,3,25,15,West Virginia,West Virginia,FALSE
2019-09-15,UNI,MVC,Austin Peay,OVC,Non-Conference,3,1,3-1,4,25,20,UNI,UNI,FALSE
2019-09-15,North Carolina,ACC,Michigan St.,Big Ten,Non-Conference,0,3,3-0,3,21,25,Michigan St.,Michigan St.,FALSE
2019-09-15,Boise St.,Mountain West,Missouri,SEC,Non-Conference,0,3,3-0,3,15,25,Missouri,Missouri,FALSE
2019-09-15,Eastern Mich.,MAC,Michigan,Big Ten,Non-Conference,0,3,3-0,3,22,25,Michigan,Michigan,FALSE
2019-09-15,Wake Forest,ACC,Elon,CAA,Non-Conference,2,3,3-2,5,17,25,Elon,Elon,FALSE
2019-09-15,Syracuse,ACC,Kansas,Big 12,Non-Conference,3,0,3-0,3,25,21,Syracuse,Syracuse,FALSE
2019-09-15,High Point,Big South,Omaha,Summit League,Non-Conference,3,2,3-2,5,22,25,Omaha,High Point,TRUE
2019-09-15,Auburn,SEC,TCU,Big 12,Non-Conference,2,3,3-2,5,21,25,TCU,TCU,FALSE
2019-09-15,Marquette,Big East,Illinois St.,MVC,Non-Conference,3,2,3-2,5,25,21,Marquette,Marquette,FALSE
2019-09-15,Albany (NY),America East,George Washington,Atlantic 10,Non-Conference,0,3,3-0,3,24,26,George Washington,George Washington,FALSE
2019-09-16,Abilene Christian,Southland,Texas Tech,Big 12,Non-Conference,0,3,3-0,3,19,25,Texas Tech,Texas Tech,FALSE
2019-09-16,New Orleans,Southland,Jackson St.,SWAC,Non-Conference,3,0,3-0,3,25,19,New Orleans,New Orleans,FALSE
2019-09-17,Col. of Charleston,CAA,The Citadel,SoCon,Non-Conference,3,0,3-0,3,25,22,Col. of Charleston,Col. of Charleston,FALSE
2019-09-17,Florida St.,ACC,Florida,SEC,Non-Conference,0,3,3-0,3,21,25,Florida,Florida,FALSE
2019-09-17,Purdue Fort Wayne,Summit League,Eastern Mich.,MAC,Non-Conference,1,3,3-1,4,25,18,Purdue Fort Wayne,Eastern Mich.,TRUE
2019-09-17,Charleston So.,Big South,South Carolina St.,MEAC,Non-Conference,3,0,3-0,3,25,15,Charleston So.,Charleston So.,FALSE
2019-09-17,N.C. Central,MEAC,East Carolina,AAC,Non-Conference,1,3,3-1,4,17,25,East Carolina,East Carolina,FALSE
2019-09-17,USC Upstate,Big South,N.C. A&T,MEAC,Non-Conference,3,1,3-1,4,25,22,USC Upstate,USC Upstate,FALSE
2019-09-17,Hartford,America East,Holy Cross,Patriot,Non-Conference,0,3,3-0,3,21,25,Holy Cross,Holy Cross,FALSE
2019-09-17,Western Ky.,C-USA,Belmont,OVC,Non-Conference,3,0,3-0,3,25,22,Western Ky.,Western Ky.,FALSE
2019-09-17,Ga. Southern,Sun Belt,North Florida,ASUN,Non-Conference,2,3,3-2,5,16,25,North Florida,North Florida,FALSE
2019-09-17,VCU,Atlantic 10,James Madison,CAA,Non-Conference,1,3,3-1,4,12,25,James Madison,James Madison,FALSE
2019-09-17,UNC Asheville,Big South,Western Caro.,SoCon,Non-Conference,0,3,3-0,3,18,25,Western Caro.,Western Caro.,FALSE
2019-09-17,Jacksonville,ASUN,South Fla.,AAC,Non-Conference,2,3,3-2,5,25,14,Jacksonville,South Fla.,TRUE
2019-09-17,IUPUI,Horizon,Indiana St.,MVC,Non-Conference,0,3,3-0,3,12,25,Indiana St.,Indiana St.,FALSE
2019-09-17,Marshall,C-USA,Eastern Ky.,OVC,Non-Conference,3,0,3-0,3,25,22,Marshall,Marshall,FALSE
2019-09-17,St. Francis Brooklyn,NEC,Stony Brook,America East,Non-Conference,1,3,3-1,4,18,25,Stony Brook,Stony Brook,FALSE
2019-09-17,UIW,Southland,UTSA,C-USA,Non-Conference,0,3,3-0,3,16,25,UTSA,UTSA,FALSE
2019-09-17,Davidson,Atlantic 10,Charlotte,C-USA,Non-Conference,2,3,3-2,5,25,22,Davidson,Charlotte,TRUE
2019-09-17,Southeast Mo. St.,OVC,Saint Louis,Atlantic 10,Non-Conference,3,2,3-2,5,25,23,Southeast Mo. St.,Southeast Mo. St.,FALSE
2019-09-17,UT Martin,OVC,Southern Ill.,MVC,Non-Conference,2,3,3-2,5,22,25,Southern Ill.,Southern Ill.,FALSE
2019-09-17,Coppin St.,MEAC,Loyola Maryland,Patriot,Non-Conference,1,3,3-1,4,13,25,Loyola Maryland,Loyola Maryland,FALSE
2019-09-17,Winthrop,Big South,Elon,CAA,Non-Conference,3,0,3-0,3,25,21,Winthrop,Winthrop,FALSE
2019-09-17,Tennessee Tech,OVC,Evansville,MVC,Non-Conference,2,3,3-2,5,24,26,Evansville,Evansville,FALSE
2019-09-17,Houston,AAC,Houston Baptist,Southland,Non-Conference,1,3,3-1,4,19,25,Houston Baptist,Houston Baptist,FALSE
2019-09-17,Oregon,Pac-12,Princeton,Ivy League,Non-Conference,3,2,3-2,5,23,25,Princeton,Oregon,TRUE
2019-09-17,Chicago St.,WAC,UIC,Horizon,Non-Conference,1,3,3-1,4,25,21,Chicago St.,UIC,TRUE
2019-09-17,Brown,Ivy League,Bryant,NEC,Non-Conference,3,0,3-0,3,25,20,Brown,Brown,FALSE
2019-09-17,Northern Ill.,MAC,Milwaukee,Horizon,Non-Conference,0,3,3-0,3,20,25,Milwaukee,Milwaukee,FALSE
2019-09-17,Oklahoma,Big 12,Texas A&M,SEC,Non-Conference,2,3,3-2,5,25,17,Oklahoma,Texas A&M,TRUE
2019-09-17,Prairie View,SWAC,McNeese,Southland,Non-Conference,0,3,3-0,3,16,25,McNeese,McNeese,FALSE
2019-09-17,A&M-Corpus Christi,Southland,UTRGV,WAC,Non-Conference,3,0,3-0,3,25,20,A&M-Corpus Christi,A&M-Corpus Christi,FALSE
2019-09-17,Kennesaw St.,ASUN,Alabama,SEC,Non-Conference,3,1,3-1,4,22,25,Alabama,Kennesaw St.,TRUE
2019-09-17,South Alabama,Sun Belt,Alabama St.,SWAC,Non-Conference,3,1,3-1,4,20,25,Alabama St.,South Alabama,TRUE
2019-09-17,Middle Tenn.,C-USA,Alabama A&M,SWAC,Non-Conference,3,0,3-0,3,25,16,Middle Tenn.,Middle Tenn.,FALSE
2019-09-17,Seattle U,WAC,Montana St.,Big Sky,Non-Conference,3,2,3-2,5,25,22,Seattle U,Seattle U,FALSE
2019-09-18,Southern Miss.,C-USA,Tulane,AAC,Non-Conference,1,3,3-1,4,16,25,Tulane,Tulane,FALSE
2019-09-18,Prairie View,SWAC,Northwestern St.,Southland,Non-Conference,1,3,3-1,4,17,25,Northwestern St.,Northwestern St.,FALSE
2019-09-18,NJIT,ASUN,Siena,MAAC,Non-Conference,1,3,3-1,4,20,25,Siena,Siena,FALSE
2019-09-18,High Point,Big South,UNC Greensboro,SoCon,Non-Conference,3,0,3-0,3,25,21,High Point,High Point,FALSE
2019-09-18,UMES,MEAC,Saint Peter's,MAAC,Non-Conference,3,1,3-1,4,25,17,UMES,UMES,FALSE
2019-09-18,Fordham,Atlantic 10,Manhattan,MAAC,Non-Conference,3,2,3-2,5,21,25,Manhattan,Fordham,TRUE
2019-09-18,Purdue,Big Ten,Kentucky,SEC,Non-Conference,3,2,3-2,5,25,21,Purdue,Purdue,FALSE
2019-09-18,Boston College,ACC,Harvard,Ivy League,Non-Conference,3,2,3-2,5,15,25,Harvard,Boston College,TRUE
2019-09-18,Michigan,Big Ten,Notre Dame,ACC,Non-Conference,2,3,3-2,5,23,25,Notre Dame,Notre Dame,FALSE
2019-09-18,Southeastern La.,Southland,Mississippi Val.,SWAC,Non-Conference,3,0,3-0,3,25,15,Southeastern La.,Southeastern La.,FALSE
2019-09-18,Texas,Big 12,Rice,C-USA,Non-Conference,2,3,3-2,5,22,25,Rice,Rice,FALSE
2019-09-18,Stanford,Pac-12,Nebraska,Big Ten,Non-Conference,3,1,3-1,4,25,21,Stanford,Stanford,FALSE
2019-09-18,TCU,Big 12,SMU,AAC,Non-Conference,0,3,3-0,3,20,25,SMU,SMU,FALSE
2019-09-18,UCLA,Pac-12,UC Santa Barbara,Big West,Non-Conference,0,3,3-0,3,16,25,UC Santa Barbara,UC Santa Barbara,FALSE
2019-09-18,Utah Valley,WAC,Utah St.,Mountain West,Non-Conference,3,0,3-0,3,25,22,Utah Valley,Utah Valley,FALSE
2019-09-18,Northern Colo.,Big Sky,Colorado St.,Mountain West,Non-Conference,0,3,3-0,3,20,25,Colorado St.,Colorado St.,FALSE
2019-09-18,UC Irvine,Big West,Pepperdine,WCC,Non-Conference,0,3,3-0,3,23,25,Pepperdine,Pepperdine,FALSE
2019-09-19,UAB,C-USA,North Florida,ASUN,Non-Conference,3,0,3-0,3,25,21,UAB,UAB,FALSE
2019-09-19,Jackson St.,SWAC,Mississippi St.,SEC,Non-Conference,0,3,3-0,3,7,25,Mississippi St.,Mississippi St.,FALSE
2019-09-19,Georgia Tech,ACC,Arkansas,SEC,Non-Conference,3,0,3-0,3,25,17,Georgia Tech,Georgia Tech,FALSE
2019-09-19,Cincinnati,AAC,Xavier,Big East,Non-Conference,3,0,3-0,3,25,17,Cincinnati,Cincinnati,FALSE
2019-09-19,Ohio,MAC,New Mexico,Mountain West,Non-Conference,3,0,3-0,3,26,24,Ohio,Ohio,FALSE
2019-09-19,Furman,SoCon,Winthrop,Big South,Non-Conference,1,3,3-1,4,25,27,Winthrop,Winthrop,FALSE
2019-09-19,UAB,C-USA,Jackson St.,SWAC,Non-Conference,3,1,3-1,4,25,19,UAB,UAB,FALSE
2019-09-19,Miami (OH),MAC,Ohio St.,Big Ten,Non-Conference,1,3,3-1,4,18,25,Ohio St.,Ohio St.,FALSE
2019-09-19,Marshall,C-USA,Morehead St.,OVC,Non-Conference,2,3,3-2,5,25,21,Marshall,Morehead St.,TRUE
2019-09-19,San Jose St.,Mountain West,LIU,NEC,Non-Conference,3,0,3-0,3,25,23,San Jose St.,San Jose St.,FALSE
2019-09-19,NC State,ACC,Georgia,SEC,Non-Conference,1,3,3-1,4,14,25,Georgia,Georgia,FALSE
2019-09-19,Fordham,Atlantic 10,Columbia,Ivy League,Non-Conference,1,3,3-1,4,21,25,Columbia,Columbia,FALSE
2019-09-19,Harvard,Ivy League,Northeastern,CAA,Non-Conference,1,3,3-1,4,21,25,Northeastern,Northeastern,FALSE
2019-09-19,Temple,AAC,Villanova,Big East,Non-Conference,1,3,3-1,4,14,25,Villanova,Villanova,FALSE
2019-09-19,Holy Cross,Patriot,UConn,AAC,Non-Conference,2,3,3-2,5,25,14,Holy Cross,UConn,TRUE
2019-09-19,St. John's (NY),Big East,Oregon,Pac-12,Non-Conference,3,1,3-1,4,25,23,St. John's (NY),St. John's (NY),FALSE
2019-09-19,UTSA,C-USA,Texas St.,Sun Belt,Non-Conference,1,3,3-1,4,21,25,Texas St.,Texas St.,FALSE
2019-09-19,Wichita St.,AAC,Creighton,Big East,Non-Conference,0,3,3-0,3,15,25,Creighton,Creighton,FALSE
2019-09-19,Clemson,ACC,Minnesota,Big Ten,Non-Conference,0,3,3-0,3,22,25,Minnesota,Minnesota,FALSE
2019-09-19,Eastern Wash.,Big Sky,North Dakota,Summit League,Non-Conference,2,3,3-2,5,25,21,Eastern Wash.,North Dakota,TRUE
2019-09-19,BYU,WCC,Utah,Pac-12,Non-Conference,3,1,3-1,4,25,22,BYU,BYU,FALSE
2019-09-19,Lipscomb,ASUN,Iowa St.,Big 12,Non-Conference,0,3,3-0,3,21,25,Iowa St.,Iowa St.,FALSE
2019-09-19,Kansas St.,Big 12,North Texas,C-USA,Non-Conference,3,2,3-2,5,18,25,North Texas,Kansas St.,TRUE
2019-09-19,North Florida,ASUN,Mississippi St.,SEC,Non-Conference,2,3,3-2,5,25,17,North Florida,Mississippi St.,TRUE
2019-09-19,Weber St.,Big Sky,Utah Valley,WAC,Non-Conference,3,1,3-1,4,21,25,Utah Valley,Weber St.,TRUE
2019-09-19,Denver,Summit League,Air Force,Mountain West,Non-Conference,1,3,3-1,4,18,25,Air Force,Air Force,FALSE
2019-09-19,Long Beach St.,Big West,San Diego St.,Mountain West,Non-Conference,1,3,3-1,4,12,25,San Diego St.,San Diego St.,FALSE
2019-09-19,Idaho St.,Big Sky,Boise St.,Mountain West,Non-Conference,0,3,3-0,3,21,25,Boise St.,Boise St.,FALSE
2019-09-19,Cal Poly,Big West,Colorado St.,Mountain West,Non-Conference,0,3,3-0,3,15,25,Colorado St.,Colorado St.,FALSE
2019-09-19,Oregon St.,Pac-12,Northern Colo.,Big Sky,Non-Conference,2,3,3-2,5,25,23,Oregon St.,Northern Colo.,TRUE
2019-09-19,Washington,Pac-12,Wisconsin,Big Ten,Non-Conference,3,1,3-1,4,25,23,Washington,Washington,FALSE
2019-09-19,Arizona St.,Pac-12,UNLV,Mountain West,Non-Conference,3,2,3-2,5,21,25,UNLV,Arizona St.,TRUE
2019-09-19,Saint Mary's (CA),WCC,California,Pac-12,Non-Conference,0,3,3-0,3,21,25,California,California,FALSE
2019-09-19,Southern California,Pac-12,San Diego,WCC,Non-Conference,2,3,3-2,5,18,25,San Diego,San Diego,FALSE
2019-09-19,Portland,WCC,Portland St.,Big Sky,Non-Conference,3,1,3-1,4,25,19,Portland,Portland,FALSE
2019-09-20,Akron,MAC,North Dakota,Summit League,Non-Conference,3,0,3-0,3,25,14,Akron,Akron,FALSE
2019-09-20,Ark.-Pine Bluff,SWAC,Tennessee St.,OVC,Non-Conference,1,3,3-1,4,25,13,Ark.-Pine Bluff,Tennessee St.,TRUE
2019-09-20,Arkansas,SEC,NC State,ACC,Non-Conference,3,2,3-2,5,25,22,Arkansas,Arkansas,FALSE
2019-09-20,Arkansas St.,Sun Belt,Charlotte,C-USA,Non-Conference,3,0,3-0,3,25,20,Arkansas St.,Arkansas St.,FALSE
2019-09-20,Michigan St.,Big Ten,Auburn,SEC,Non-Conference,3,1,3-1,4,22,25,Auburn,Michigan St.,TRUE
2019-09-20,Lehigh,Patriot,Elon,CAA,Non-Conference,3,1,3-1,4,25,16,Lehigh,Lehigh,FALSE
2019-09-20,Miami (FL),ACC,FGCU,ASUN,Non-Conference,0,3,3-0,3,13,25,FGCU,FGCU,FALSE
2019-09-20,Binghamton,America East,FIU,C-USA,Non-Conference,0,3,3-0,3,14,25,FIU,FIU,FALSE
2019-09-20,Illinois St.,MVC,Ohio St.,Big Ten,Non-Conference,0,3,3-0,3,21,25,Ohio St.,Ohio St.,FALSE
2019-09-20,Mercer,SoCon,Little Rock,Sun Belt,Non-Conference,3,1,3-1,4,23,25,Little Rock,Mercer,TRUE
2019-09-20,Cornell,Ivy League,Canisius,MAAC,Non-Conference,3,0,3-0,3,25,17,Cornell,Cornell,FALSE
2019-09-20,A&M-Corpus Christi,Southland,Purdue,Big Ten,Non-Conference,0,3,3-0,3,14,25,Purdue,Purdue,FALSE
2019-09-20,Central Ark.,Southland,Presbyterian,Big South,Non-Conference,1,3,3-1,4,16,25,Presbyterian,Presbyterian,FALSE
2019-09-20,Eastern Wash.,Big Sky,Akron,MAC,Non-Conference,0,3,3-0,3,14,25,Akron,Akron,FALSE
2019-09-20,Albany (NY),America East,Rhode Island,Atlantic 10,Non-Conference,0,3,3-0,3,21,25,Rhode Island,Rhode Island,FALSE
2019-09-20,Marshall,C-USA,Coppin St.,MEAC,Non-Conference,3,0,3-0,3,29,27,Marshall,Marshall,FALSE
2019-09-20,Jacksonville St.,OVC,Charleston So.,Big South,Non-Conference,1,3,3-1,4,23,25,Charleston So.,Charleston So.,FALSE
2019-09-20,Houston Baptist,Southland,Washington St.,Pac-12,Non-Conference,0,3,3-0,3,18,25,Washington St.,Washington St.,FALSE
2019-09-20,Kansas City,WAC,Milwaukee,Horizon,Non-Conference,0,3,3-0,3,20,25,Milwaukee,Milwaukee,FALSE
2019-09-20,Louisiana,Sun Belt,Northern Ariz.,Big Sky,Non-Conference,0,3,3-0,3,23,25,Northern Ariz.,Northern Ariz.,FALSE
2019-09-20,UMES,MEAC,St. Francis Brooklyn,NEC,Non-Conference,2,3,3-2,5,20,25,St. Francis Brooklyn,St. Francis Brooklyn,FALSE
2019-09-20,Bethune-Cookman,MEAC,Nicholls St.,Southland,Non-Conference,3,2,3-2,5,24,26,Nicholls St.,Bethune-Cookman,TRUE
2019-09-20,Santa Clara,WCC,Montana,Big Sky,Non-Conference,3,1,3-1,4,26,24,Santa Clara,Santa Clara,FALSE
2019-09-20,Prairie View,SWAC,Chicago St.,WAC,Non-Conference,0,3,3-0,3,21,25,Chicago St.,Chicago St.,FALSE
2019-09-20,Providence,Big East,Dartmouth,Ivy League,Non-Conference,0,3,3-0,3,16,25,Dartmouth,Dartmouth,FALSE
2019-09-20,IUPUI,Horizon,Western Mich.,MAC,Non-Conference,2,3,3-2,5,25,22,IUPUI,Western Mich.,TRUE
2019-09-20,Niagara,MAAC,Cleveland St.,Horizon,Non-Conference,0,3,3-0,3,13,25,Cleveland St.,Cleveland St.,FALSE
2019-09-20,Liberty,ASUN,Florida,SEC,Non-Conference,0,3,3-0,3,21,25,Florida,Florida,FALSE
2019-09-20,Eastern Ill.,OVC,Central Mich.,MAC,Non-Conference,2,3,3-2,5,25,22,Eastern Ill.,Central Mich.,TRUE
2019-09-20,Lipscomb,ASUN,Iowa,Big Ten,Non-Conference,0,3,3-0,3,21,25,Iowa,Iowa,FALSE
2019-09-20,North Florida,ASUN,Jackson St.,SWAC,Non-Conference,3,0,3-0,3,25,23,North Florida,North Florida,FALSE
2019-09-20,Illinois,Big Ten,Pacific,WCC,Non-Conference,3,1,3-1,4,19,25,Pacific,Illinois,TRUE
2019-09-20,Appalachian St.,Sun Belt,Furman,SoCon,Non-Conference,3,0,3-0,3,30,28,Appalachian St.,Appalachian St.,FALSE
2019-09-20,Northern Ky.,Horizon,Western Ky.,C-USA,Non-Conference,2,3,3-2,5,25,22,Northern Ky.,Western Ky.,TRUE
2019-09-20,Dayton,Atlantic 10,Miami (OH),MAC,Non-Conference,3,0,3-0,3,25,16,Dayton,Dayton,FALSE
2019-09-20,George Washington,Atlantic 10,Sam Houston St.,Southland,Non-Conference,3,2,3-2,5,25,23,George Washington,George Washington,FALSE
2019-09-20,Stetson,ASUN,Indiana,Big Ten,Non-Conference,1,3,3-1,4,19,25,Indiana,Indiana,FALSE
2019-09-20,Western Caro.,SoCon,Drake,MVC,Non-Conference,3,2,3-2,5,25,22,Western Caro.,Western Caro.,FALSE
2019-09-20,Morgan St.,MEAC,Georgetown,Big East,Non-Conference,1,3,3-1,4,25,27,Georgetown,Georgetown,FALSE
2019-09-20,Saint Francis (PA),NEC,Buffalo,MAC,Non-Conference,0,3,3-0,3,17,25,Buffalo,Buffalo,FALSE
2019-09-20,Chattanooga,SoCon,Virginia Tech,ACC,Non-Conference,2,3,3-2,5,22,25,Virginia Tech,Virginia Tech,FALSE
2019-09-20,Murray St.,OVC,Eastern Mich.,MAC,Non-Conference,3,0,3-0,3,25,17,Murray St.,Murray St.,FALSE
2019-09-20,The Citadel,SoCon,Southern U.,SWAC,Non-Conference,3,2,3-2,5,25,15,The Citadel,The Citadel,FALSE
2019-09-20,Alabama St.,SWAC,Arizona,Pac-12,Non-Conference,0,3,3-0,3,13,25,Arizona,Arizona,FALSE
2019-09-20,Samford,SoCon,Tulsa,AAC,Non-Conference,1,3,3-1,4,25,27,Tulsa,Tulsa,FALSE
2019-09-20,Western Ill.,Summit League,Tennessee Tech,OVC,Non-Conference,2,3,3-2,5,22,25,Tennessee Tech,Tennessee Tech,FALSE
2019-09-20,Northern Ill.,MAC,South Dakota,Summit League,Non-Conference,0,3,3-0,3,14,25,South Dakota,South Dakota,FALSE
2019-09-20,Milwaukee,Horizon,South Dakota St.,Summit League,Non-Conference,3,2,3-2,5,22,25,South Dakota St.,Milwaukee,TRUE
2019-09-20,Oregon,Pac-12,Duke,ACC,Non-Conference,2,3,3-2,5,25,9,Oregon,Duke,TRUE
2019-09-20,Southeast Mo. St.,OVC,Toledo,MAC,Non-Conference,3,1,3-1,4,25,22,Southeast Mo. St.,Southeast Mo. St.,FALSE
2019-09-20,Grambling,SWAC,McNeese,Southland,Non-Conference,0,3,3-0,3,21,25,McNeese,McNeese,FALSE
2019-09-20,Evansville,MVC,UT Martin,OVC,Non-Conference,3,1,3-1,4,25,15,Evansville,Evansville,FALSE
2019-09-20,Robert Morris,NEC,Youngstown St.,Horizon,Non-Conference,0,3,3-0,3,22,25,Youngstown St.,Youngstown St.,FALSE
2019-09-20,San Francisco,WCC,CSU Bakersfield,WAC,Non-Conference,2,3,3-2,5,22,25,CSU Bakersfield,CSU Bakersfield,FALSE
2019-09-20,Lafayette,Patriot,Hartford,America East,Non-Conference,3,1,3-1,4,17,25,Hartford,Lafayette,TRUE
2019-09-20,Seattle U,WAC,Penn,Ivy League,Non-Conference,2,3,3-2,5,24,26,Penn,Penn,FALSE
2019-09-20,Texas Southern,SWAC,UTRGV,WAC,Non-Conference,0,3,3-0,3,15,25,UTRGV,UTRGV,FALSE
2019-09-20,Southern Utah,Big Sky,Nevada,Mountain West,Non-Conference,2,3,3-2,5,23,25,Nevada,Nevada,FALSE
2019-09-20,Louisiana Tech,C-USA,South Alabama,Sun Belt,Non-Conference,0,3,3-0,3,21,25,South Alabama,South Alabama,FALSE
2019-09-20,Morgan St.,MEAC,FIU,C-USA,Non-Conference,1,3,3-1,4,25,22,Morgan St.,FIU,TRUE
2019-09-20,Bryant,NEC,Boston College,ACC,Non-Conference,0,3,3-0,3,18,25,Boston College,Boston College,FALSE
2019-09-20,Coastal Carolina,Sun Belt,Iowa St.,Big 12,Non-Conference,2,3,3-2,5,14,25,Iowa St.,Iowa St.,FALSE
2019-09-20,Wyoming,Mountain West,Wichita St.,AAC,Non-Conference,3,1,3-1,4,17,25,Wichita St.,Wyoming,TRUE
2019-09-20,North Dakota St.,Summit League,Ga. Southern,Sun Belt,Non-Conference,0,3,3-0,3,17,25,Ga. Southern,Ga. Southern,FALSE
2019-09-20,Elon,CAA,UNC Greensboro,SoCon,Non-Conference,3,0,3-0,3,27,25,Elon,Elon,FALSE
2019-09-20,Sacramento St.,Big Sky,New Mexico St.,WAC,Non-Conference,3,2,3-2,5,19,25,New Mexico St.,Sacramento St.,TRUE
2019-09-20,Delaware St.,MEAC,Fairleigh Dickinson,NEC,Non-Conference,3,1,3-1,4,25,16,Delaware St.,Delaware St.,FALSE
2019-09-20,Colgate,Patriot,Radford,Big South,Non-Conference,3,1,3-1,4,20,25,Radford,Colgate,TRUE
2019-09-20,Southeastern La.,Southland,Marshall,C-USA,Non-Conference,0,3,3-0,3,14,25,Marshall,Marshall,FALSE
2019-09-20,UC Irvine,Big West,Idaho St.,Big Sky,Non-Conference,3,1,3-1,4,25,27,Idaho St.,UC Irvine,TRUE
2019-09-20,Central Mich.,MAC,Robert Morris,NEC,Non-Conference,3,0,3-0,3,26,24,Central Mich.,Central Mich.,FALSE
2019-09-20,High Point,Big South,Wofford,SoCon,Non-Conference,3,0,3-0,3,25,22,High Point,High Point,FALSE
2019-09-20,Seton Hall,Big East,William & Mary,CAA,Non-Conference,3,0,3-0,3,25,18,Seton Hall,Seton Hall,FALSE
2019-09-20,Wright St.,Horizon,Missouri St.,MVC,Non-Conference,3,0,3-0,3,25,22,Wright St.,Wright St.,FALSE
2019-09-20,Presbyterian,Big South,Purdue Fort Wayne,Summit League,Non-Conference,0,3,3-0,3,16,25,Purdue Fort Wayne,Purdue Fort Wayne,FALSE
2019-09-20,Saint Francis (PA),NEC,Canisius,MAAC,Non-Conference,0,3,3-0,3,23,25,Canisius,Canisius,FALSE
2019-09-20,Southern U.,SWAC,Florida A&M,MEAC,Non-Conference,1,3,3-1,4,25,27,Florida A&M,Florida A&M,FALSE
2019-09-20,Fla. Atlantic,C-USA,Miami (FL),ACC,Non-Conference,2,3,3-2,5,15,25,Miami (FL),Miami (FL),FALSE
2019-09-20,La Salle,Atlantic 10,Delaware,CAA,Non-Conference,3,1,3-1,4,25,14,La Salle,La Salle,FALSE
2019-09-20,New Orleans,Southland,Jacksonville St.,OVC,Non-Conference,0,3,3-0,3,16,25,Jacksonville St.,Jacksonville St.,FALSE
2019-09-20,Grambling,SWAC,La.-Monroe,Sun Belt,Non-Conference,0,3,3-0,3,18,25,La.-Monroe,La.-Monroe,FALSE
2019-09-20,Western Caro.,SoCon,N.C. A&T,MEAC,Non-Conference,3,2,3-2,5,25,20,Western Caro.,Western Caro.,FALSE
2019-09-20,Sacred Heart,NEC,Army West Point,Patriot,Non-Conference,0,3,3-0,3,24,26,Army West Point,Army West Point,FALSE
2019-09-20,Eastern Ky.,OVC,Navy,Patriot,Non-Conference,0,3,3-0,3,17,25,Navy,Navy,FALSE
2019-09-20,Ohio,MAC,Kansas St.,Big 12,Non-Conference,3,2,3-2,5,28,26,Ohio,Ohio,FALSE
2019-09-20,Valparaiso,MVC,Kansas City,WAC,Non-Conference,1,3,3-1,4,23,25,Kansas City,Kansas City,FALSE
2019-09-20,Northwestern,Big Ten,Loyola Chicago,MVC,Non-Conference,2,3,3-2,5,25,23,Northwestern,Loyola Chicago,TRUE
2019-09-20,Eastern Mich.,MAC,A&M-Corpus Christi,Southland,Non-Conference,3,0,3-0,3,25,23,Eastern Mich.,Eastern Mich.,FALSE
2019-09-20,Michigan St.,Big Ten,IUPUI,Horizon,Non-Conference,3,1,3-1,4,23,25,IUPUI,Michigan St.,TRUE
2019-09-20,UTEP,C-USA,UIW,Southland,Non-Conference,3,2,3-2,5,23,25,UIW,UTEP,TRUE
2019-09-20,Saint Louis,Atlantic 10,UNI,MVC,Non-Conference,0,3,3-0,3,23,25,UNI,UNI,FALSE
2019-09-20,Valparaiso,MVC,South Dakota St.,Summit League,Non-Conference,3,0,3-0,3,25,20,Valparaiso,Valparaiso,FALSE
2019-09-20,Charlotte,C-USA,Chattanooga,SoCon,Non-Conference,3,0,3-0,3,25,22,Charlotte,Charlotte,FALSE
2019-09-20,Lafayette,Patriot,Central Conn. St.,NEC,Non-Conference,3,1,3-1,4,25,22,Lafayette,Lafayette,FALSE
2019-09-20,SFA,Southland,Prairie View,SWAC,Non-Conference,3,0,3-0,3,25,21,SFA,SFA,FALSE
2019-09-20,Southern Ill.,MVC,Middle Tenn.,C-USA,Non-Conference,1,3,3-1,4,25,27,Middle Tenn.,Middle Tenn.,FALSE
2019-09-20,Binghamton,America East,Georgetown,Big East,Non-Conference,1,3,3-1,4,8,25,Georgetown,Georgetown,FALSE
2019-09-20,UC Davis,Big West,Fresno St.,Mountain West,Non-Conference,3,1,3-1,4,25,18,UC Davis,UC Davis,FALSE
2019-09-20,Texas Southern,SWAC,Houston Baptist,Southland,Non-Conference,0,3,3-0,3,19,25,Houston Baptist,Houston Baptist,FALSE
2019-09-20,Miami (OH),MAC,Illinois St.,MVC,Non-Conference,3,1,3-1,4,28,30,Illinois St.,Miami (OH),TRUE
2019-09-20,Idaho,Big Sky,Omaha,Summit League,Non-Conference,3,2,3-2,5,14,25,Omaha,Idaho,TRUE
2019-09-20,Nicholls St.,Southland,Louisiana Tech,C-USA,Non-Conference,1,3,3-1,4,25,21,Nicholls St.,Louisiana Tech,TRUE
2019-09-20,Little Rock,Sun Belt,Evansville,MVC,Non-Conference,0,3,3-0,3,20,25,Evansville,Evansville,FALSE
2019-09-20,Sam Houston St.,Southland,UTSA,C-USA,Non-Conference,3,2,3-2,5,25,21,Sam Houston St.,Sam Houston St.,FALSE
2019-09-20,East Carolina,AAC,Gardner-Webb,Big South,Non-Conference,3,1,3-1,4,25,8,East Carolina,East Carolina,FALSE
2019-09-20,Fordham,Atlantic 10,LIU,NEC,Non-Conference,2,3,3-2,5,22,25,LIU,LIU,FALSE
2019-09-20,Pacific,WCC,Butler,Big East,Non-Conference,3,2,3-2,5,25,22,Pacific,Pacific,FALSE
2019-09-20,Alabama A&M,SWAC,USC Upstate,Big South,Non-Conference,1,3,3-1,4,26,24,Alabama A&M,USC Upstate,TRUE
2019-09-20,UMBC,America East,Campbell,Big South,Non-Conference,0,3,3-0,3,16,25,Campbell,Campbell,FALSE
2019-09-20,San Jose St.,Mountain West,Columbia,Ivy League,Non-Conference,2,3,3-2,5,25,23,San Jose St.,Columbia,TRUE
2019-09-20,Oral Roberts,Summit League,Clemson,ACC,Non-Conference,1,3,3-1,4,14,25,Clemson,Clemson,FALSE
2019-09-20,Appalachian St.,Sun Belt,Winthrop,Big South,Non-Conference,1,3,3-1,4,19,25,Winthrop,Winthrop,FALSE
2019-09-20,UAB,C-USA,Mississippi St.,SEC,Non-Conference,2,3,3-2,5,25,17,UAB,Mississippi St.,TRUE
2019-09-20,Liberty,ASUN,Louisiana,Sun Belt,Non-Conference,3,2,3-2,5,25,16,Liberty,Liberty,FALSE
2019-09-20,Maryland,Big Ten,South Carolina,SEC,Non-Conference,2,3,3-2,5,25,21,Maryland,South Carolina,TRUE
2019-09-20,Coppin St.,MEAC,Morehead St.,OVC,Non-Conference,0,3,3-0,3,11,25,Morehead St.,Morehead St.,FALSE
2019-09-20,Syracuse,ACC,Northeastern,CAA,Non-Conference,3,0,3-0,3,25,19,Syracuse,Syracuse,FALSE
2019-09-20,Bowling Green,MAC,Xavier,Big East,Non-Conference,3,1,3-1,4,25,19,Bowling Green,Bowling Green,FALSE
2019-09-20,LMU (CA),WCC,Belmont,OVC,Non-Conference,3,0,3-0,3,25,13,LMU (CA),LMU (CA),FALSE
2019-09-20,Alabama,SEC,Florida St.,ACC,Non-Conference,0,3,3-0,3,16,25,Florida St.,Florida St.,FALSE
2019-09-20,Ole Miss,SEC,Howard,MEAC,Non-Conference,3,0,3-0,3,25,18,Ole Miss,Ole Miss,FALSE
2019-09-20,Hampton,Big South,Bucknell,Patriot,Non-Conference,0,3,3-0,3,17,25,Bucknell,Bucknell,FALSE
2019-09-20,VCU,Atlantic 10,North Carolina,ACC,Non-Conference,3,1,3-1,4,27,25,VCU,VCU,FALSE
2019-09-20,Eastern Ill.,OVC,Youngstown St.,Horizon,Non-Conference,1,3,3-1,4,20,25,Youngstown St.,Youngstown St.,FALSE
2019-09-20,Cornell,Ivy League,Buffalo,MAC,Non-Conference,3,2,3-2,5,22,25,Buffalo,Cornell,TRUE
2019-09-20,ETSU,SoCon,Tennessee,SEC,Non-Conference,0,3,3-0,3,23,25,Tennessee,Tennessee,FALSE
2019-09-20,Kansas,Big 12,Arizona St.,Pac-12,Non-Conference,0,3,3-0,3,19,25,Arizona St.,Arizona St.,FALSE
2019-09-20,Northwestern St.,Southland,Georgia St.,Sun Belt,Non-Conference,1,3,3-1,4,25,22,Northwestern St.,Georgia St.,TRUE
2019-09-20,Lehigh,Patriot,Virginia,ACC,Non-Conference,0,3,3-0,3,14,25,Virginia,Virginia,FALSE
2019-09-20,Central Ark.,Southland,SIUE,OVC,Non-Conference,3,2,3-2,5,22,25,SIUE,Central Ark.,TRUE
2019-09-20,Rutgers,Big Ten,American,Patriot,Non-Conference,0,3,3-0,3,14,25,American,American,FALSE
2019-09-20,Charleston So.,Big South,Col. of Charleston,CAA,Non-Conference,0,3,3-0,3,18,25,Col. of Charleston,Col. of Charleston,FALSE
2019-09-20,Austin Peay,OVC,Ball St.,MAC,Non-Conference,0,3,3-0,3,21,25,Ball St.,Ball St.,FALSE
2019-09-20,Northern Ariz.,Big Sky,Florida,SEC,Non-Conference,0,3,3-0,3,14,25,Florida,Florida,FALSE
2019-09-20,La.-Monroe,Sun Belt,McNeese,Southland,Non-Conference,0,3,3-0,3,20,25,McNeese,McNeese,FALSE
2019-09-20,New Mexico,Mountain West,North Texas,C-USA,Non-Conference,3,2,3-2,5,13,25,North Texas,New Mexico,TRUE
2019-09-20,Drake,MVC,UNCW,CAA,Non-Conference,2,3,3-2,5,19,25,UNCW,UNCW,FALSE
2019-09-20,Georgia Tech,ACC,Georgia,SEC,Non-Conference,1,3,3-1,4,15,25,Georgia,Georgia,FALSE
2019-09-20,Boston College,ACC,Rhode Island,Atlantic 10,Non-Conference,3,2,3-2,5,25,13,Boston College,Boston College,FALSE
2019-09-20,Duquesne,Atlantic 10,West Virginia,Big 12,Non-Conference,0,3,3-0,3,23,25,West Virginia,West Virginia,FALSE
2019-09-20,Stony Brook,America East,Yale,Ivy League,Non-Conference,0,3,3-0,3,17,25,Yale,Yale,FALSE
2019-09-20,Missouri,SEC,Baylor,Big 12,Non-Conference,0,3,3-0,3,22,25,Baylor,Baylor,FALSE
2019-09-20,Wake Forest,ACC,George Mason,Atlantic 10,Non-Conference,3,0,3-0,3,25,17,Wake Forest,Wake Forest,FALSE
2019-09-20,Santa Clara,WCC,Denver,Summit League,Non-Conference,2,3,3-2,5,30,28,Santa Clara,Denver,TRUE
2019-09-20,Kent St.,MAC,Cleveland St.,Horizon,Non-Conference,0,3,3-0,3,13,25,Cleveland St.,Cleveland St.,FALSE
2019-09-20,Houston,AAC,Texas Tech,Big 12,Non-Conference,1,3,3-1,4,15,25,Texas Tech,Texas Tech,FALSE
2019-09-20,Oregon,Pac-12,Hofstra,CAA,Non-Conference,3,0,3-0,3,25,20,Oregon,Oregon,FALSE
2019-09-20,FGCU,ASUN,UCF,AAC,Non-Conference,3,1,3-1,4,24,26,UCF,FGCU,TRUE
2019-09-20,Temple,AAC,Princeton,Ivy League,Non-Conference,0,3,3-0,3,15,25,Princeton,Princeton,FALSE
2019-09-20,Dartmouth,Ivy League,UConn,AAC,Non-Conference,1,3,3-1,4,22,25,UConn,UConn,FALSE
2019-09-20,Towson,CAA,Loyola Maryland,Patriot,Non-Conference,3,0,3-0,3,25,18,Towson,Towson,FALSE
2019-09-20,Indiana,Big Ten,South Fla.,AAC,Non-Conference,3,2,3-2,5,16,25,South Fla.,Indiana,TRUE
2019-09-20,Fairfield,MAAC,Marist,MAAC,MAAC,3,0,3-0,3,25,18,Fairfield,Fairfield,FALSE
2019-09-20,Southern California,Pac-12,Long Beach St.,Big West,Non-Conference,3,0,3-0,3,25,21,Southern California,Southern California,FALSE
2019-09-20,UMES,MEAC,Hartford,America East,Non-Conference,3,2,3-2,5,26,24,UMES,UMES,FALSE
2019-09-20,Auburn,SEC,Western Mich.,MAC,Non-Conference,3,0,3-0,3,28,26,Auburn,Auburn,FALSE
2019-09-20,Jacksonville,ASUN,Davidson,Atlantic 10,Non-Conference,3,1,3-1,4,25,16,Jacksonville,Jacksonville,FALSE
2019-09-20,Arkansas St.,Sun Belt,Virginia Tech,ACC,Non-Conference,3,1,3-1,4,27,25,Arkansas St.,Arkansas St.,FALSE
2019-09-20,The Citadel,SoCon,Troy,Sun Belt,Non-Conference,0,3,3-0,3,16,25,Troy,Troy,FALSE
2019-09-20,Murray St.,OVC,Purdue,Big Ten,Non-Conference,0,3,3-0,3,19,25,Purdue,Purdue,FALSE
2019-09-20,Chicago St.,WAC,UT Arlington,Sun Belt,Non-Conference,1,3,3-1,4,21,25,UT Arlington,UT Arlington,FALSE
2019-09-20,Dayton,Atlantic 10,Ohio St.,Big Ten,Non-Conference,1,3,3-1,4,26,24,Dayton,Ohio St.,TRUE
2019-09-20,Mercer,SoCon,UT Martin,OVC,Non-Conference,3,0,3-0,3,25,16,Mercer,Mercer,FALSE
2019-09-20,Tulsa,AAC,Western Ky.,C-USA,Non-Conference,0,3,3-0,3,16,25,Western Ky.,Western Ky.,FALSE
2019-09-20,South Dakota,Summit League,Bradley,MVC,Non-Conference,3,1,3-1,4,25,19,South Dakota,South Dakota,FALSE
2019-09-20,Washington St.,Pac-12,UTRGV,WAC,Non-Conference,3,1,3-1,4,25,15,Washington St.,Washington St.,FALSE
2019-09-20,George Washington,Atlantic 10,Texas St.,Sun Belt,Non-Conference,0,3,3-0,3,13,25,Texas St.,Texas St.,FALSE
2019-09-20,Coastal Carolina,Sun Belt,Iowa,Big Ten,Non-Conference,3,1,3-1,4,25,18,Coastal Carolina,Coastal Carolina,FALSE
2019-09-20,Toledo,MAC,Memphis,AAC,Non-Conference,1,3,3-1,4,22,25,Memphis,Memphis,FALSE
2019-09-20,Green Bay,Horizon,Marquette,Big East,Non-Conference,0,3,3-0,3,19,25,Marquette,Marquette,FALSE
2019-09-20,Southern Miss.,C-USA,LSU,SEC,Non-Conference,0,3,3-0,3,15,25,LSU,LSU,FALSE
2019-09-20,Texas A&M,SEC,Texas,Big 12,Non-Conference,0,3,3-0,3,24,26,Texas,Texas,FALSE
2019-09-20,Bethune-Cookman,MEAC,South Alabama,Sun Belt,Non-Conference,0,3,3-0,3,11,25,South Alabama,South Alabama,FALSE
2019-09-20,Pittsburgh,ACC,Penn St.,Big Ten,Non-Conference,3,0,3-0,3,25,17,Pittsburgh,Pittsburgh,FALSE
2019-09-20,Louisville,ACC,Kentucky,SEC,Non-Conference,0,3,3-0,3,15,25,Kentucky,Kentucky,FALSE
2019-09-20,UIC,Horizon,DePaul,Big East,Non-Conference,3,0,3-0,3,27,25,UIC,UIC,FALSE
2019-09-20,Seattle U,WAC,Cal St. Fullerton,Big West,Non-Conference,3,2,3-2,5,25,18,Seattle U,Seattle U,FALSE
2019-09-20,Montana,Big Sky,Air Force,Mountain West,Non-Conference,3,2,3-2,5,24,26,Air Force,Montana,TRUE
2019-09-20,Alabama St.,SWAC,Sacramento St.,Big Sky,Non-Conference,0,3,3-0,3,8,25,Sacramento St.,Sacramento St.,FALSE
2019-09-20,Oakland,Horizon,Colorado,Pac-12,Non-Conference,1,3,3-1,4,14,25,Colorado,Colorado,FALSE
2019-09-20,Pepperdine,WCC,UC Santa Barbara,Big West,Non-Conference,2,3,3-2,5,25,17,Pepperdine,UC Santa Barbara,TRUE
2019-09-20,Cal Poly,Big West,Northern Colo.,Big Sky,Non-Conference,3,2,3-2,5,25,21,Cal Poly,Cal Poly,FALSE
2019-09-20,Oregon St.,Pac-12,Colorado St.,Mountain West,Non-Conference,1,3,3-1,4,16,25,Colorado St.,Colorado St.,FALSE
2019-09-20,San Diego St.,Mountain West,San Diego,WCC,Non-Conference,0,3,3-0,3,13,25,San Diego,San Diego,FALSE
2019-09-20,Penn,Ivy League,UC Riverside,Big West,Non-Conference,3,1,3-1,4,24,26,UC Riverside,Penn,TRUE
2019-09-20,Gonzaga,WCC,Nevada,Mountain West,Non-Conference,0,3,3-0,3,21,25,Nevada,Nevada,FALSE
2019-09-20,CSUN,Big West,Grand Canyon,WAC,Non-Conference,3,0,3-0,3,26,24,CSUN,CSUN,FALSE
2019-09-20,New Mexico St.,WAC,Arizona,Pac-12,Non-Conference,0,3,3-0,3,19,25,Arizona,Arizona,FALSE
2019-09-21,Wichita St.,AAC,Nebraska,Big Ten,Non-Conference,0,3,3-0,3,17,25,Nebraska,Nebraska,FALSE
2019-09-21,Houston,AAC,UTEP,C-USA,Non-Conference,2,3,3-2,5,25,20,Houston,UTEP,TRUE
2019-09-21,Hampton,Big South,Delaware St.,MEAC,Non-Conference,1,3,3-1,4,19,25,Delaware St.,Delaware St.,FALSE
2019-09-21,Oakland,Horizon,Campbell,Big South,Non-Conference,3,1,3-1,4,23,25,Campbell,Oakland,TRUE
2019-09-21,New Orleans,Southland,Charleston So.,Big South,Non-Conference,0,3,3-0,3,16,25,Charleston So.,Charleston So.,FALSE
2019-09-21,Elon,CAA,Virginia,ACC,Non-Conference,2,3,3-2,5,23,25,Virginia,Virginia,FALSE
2019-09-21,Loyola Maryland,Patriot,New Hampshire,America East,Non-Conference,2,3,3-2,5,18,25,New Hampshire,New Hampshire,FALSE
2019-09-21,VCU,Atlantic 10,Radford,Big South,Non-Conference,3,0,3-0,3,25,13,VCU,VCU,FALSE
2019-09-21,Jacksonville,ASUN,High Point,Big South,Non-Conference,1,3,3-1,4,25,19,Jacksonville,High Point,TRUE
2019-09-21,Missouri St.,MVC,Austin Peay,OVC,Non-Conference,2,3,3-2,5,23,25,Austin Peay,Austin Peay,FALSE
2019-09-21,Saint Francis (PA),NEC,Cornell,Ivy League,Non-Conference,0,3,3-0,3,10,25,Cornell,Cornell,FALSE
2019-09-21,Liberty,ASUN,Northern Ariz.,Big Sky,Non-Conference,3,2,3-2,5,15,25,Northern Ariz.,Liberty,TRUE
2019-09-21,Lafayette,Patriot,St. Francis Brooklyn,NEC,Non-Conference,3,2,3-2,5,25,20,Lafayette,Lafayette,FALSE
2019-09-21,Stony Brook,America East,Sacred Heart,NEC,Non-Conference,3,2,3-2,5,25,19,Stony Brook,Stony Brook,FALSE
2019-09-21,Evansville,MVC,Mercer,SoCon,Non-Conference,3,1,3-1,4,17,25,Mercer,Evansville,TRUE
2019-09-21,Southern Ill.,MVC,Tennessee Tech,OVC,Non-Conference,3,2,3-2,5,25,12,Southern Ill.,Southern Ill.,FALSE
2019-09-21,N.C. A&T,MEAC,Drake,MVC,Non-Conference,2,3,3-2,5,21,25,Drake,Drake,FALSE
2019-09-21,Coppin St.,MEAC,Southeastern La.,Southland,Non-Conference,1,3,3-1,4,25,23,Coppin St.,Southeastern La.,TRUE
2019-09-21,UIC,Horizon,Northwestern,Big Ten,Non-Conference,0,3,3-0,3,20,25,Northwestern,Northwestern,FALSE
2019-09-21,Seton Hall,Big East,George Mason,Atlantic 10,Non-Conference,3,1,3-1,4,25,23,Seton Hall,Seton Hall,FALSE
2019-09-21,Eastern Ky.,OVC,West Virginia,Big 12,Non-Conference,0,3,3-0,3,17,25,West Virginia,West Virginia,FALSE
2019-09-21,Northern Ky.,Horizon,Samford,SoCon,Non-Conference,3,0,3-0,3,25,20,Northern Ky.,Northern Ky.,FALSE
2019-09-21,Maryland,Big Ten,Kennesaw St.,ASUN,Non-Conference,3,0,3-0,3,25,18,Maryland,Maryland,FALSE
2019-09-21,North Dakota St.,Summit League,ETSU,SoCon,Non-Conference,1,3,3-1,4,25,23,North Dakota St.,ETSU,TRUE
2019-09-21,Morgan St.,MEAC,Binghamton,America East,Non-Conference,3,2,3-2,5,23,25,Binghamton,Morgan St.,TRUE
2019-09-21,Miami (FL),ACC,UCF,AAC,Non-Conference,3,2,3-2,5,25,22,Miami (FL),Miami (FL),FALSE
2019-09-21,Saint Louis,Atlantic 10,Marquette,Big East,Non-Conference,0,3,3-0,3,13,25,Marquette,Marquette,FALSE
2019-09-21,New Mexico St.,WAC,Alabama St.,SWAC,Non-Conference,3,0,3-0,3,25,13,New Mexico St.,New Mexico St.,FALSE
2019-09-21,Albany (NY),America East,Bryant,NEC,Non-Conference,3,0,3-0,3,25,18,Albany (NY),Albany (NY),FALSE
2019-09-21,Milwaukee,Horizon,Valparaiso,MVC,Non-Conference,3,0,3-0,3,25,18,Milwaukee,Milwaukee,FALSE
2019-09-21,Texas Southern,SWAC,Washington St.,Pac-12,Non-Conference,0,3,3-0,3,9,25,Washington St.,Washington St.,FALSE
2019-09-21,UTSA,C-USA,George Washington,Atlantic 10,Non-Conference,3,0,3-0,3,25,14,UTSA,UTSA,FALSE
2019-09-21,Belmont,OVC,Butler,Big East,Non-Conference,0,3,3-0,3,21,25,Butler,Butler,FALSE
2019-09-21,Navy,Patriot,Duquesne,Atlantic 10,Non-Conference,2,3,3-2,5,20,25,Duquesne,Duquesne,FALSE
2019-09-21,Dayton,Atlantic 10,Illinois St.,MVC,Non-Conference,3,2,3-2,5,19,25,Illinois St.,Dayton,TRUE
2019-09-21,Chicago St.,WAC,SFA,Southland,Non-Conference,0,3,3-0,3,12,25,SFA,SFA,FALSE
2019-09-21,St. John's (NY),Big East,Duke,ACC,Non-Conference,3,1,3-1,4,25,23,St. John's (NY),St. John's (NY),FALSE
2019-09-21,Bowling Green,MAC,Cincinnati,AAC,Non-Conference,0,3,3-0,3,16,25,Cincinnati,Cincinnati,FALSE
2019-09-21,Colgate,Patriot,North Carolina,ACC,Non-Conference,1,3,3-1,4,22,25,North Carolina,North Carolina,FALSE
2019-09-21,Southern U.,SWAC,Troy,Sun Belt,Non-Conference,1,3,3-1,4,17,25,Troy,Troy,FALSE
2019-09-21,Wofford,SoCon,Davidson,Atlantic 10,Non-Conference,3,2,3-2,5,25,20,Wofford,Wofford,FALSE
2019-09-21,Wright St.,Horizon,Ball St.,MAC,Non-Conference,3,2,3-2,5,22,25,Ball St.,Wright St.,TRUE
2019-09-21,Presbyterian,Big South,SIUE,OVC,Non-Conference,3,1,3-1,4,25,19,Presbyterian,Presbyterian,FALSE
2019-09-21,Robert Morris,NEC,Eastern Ill.,OVC,Non-Conference,2,3,3-2,5,25,16,Robert Morris,Eastern Ill.,TRUE
2019-09-21,Fla. Atlantic,C-USA,UCF,AAC,Non-Conference,0,3,3-0,3,15,25,UCF,UCF,FALSE
2019-09-21,Oregon St.,Pac-12,Cal Poly,Big West,Non-Conference,1,3,3-1,4,25,23,Oregon St.,Cal Poly,TRUE
2019-09-21,Alabama A&M,SWAC,East Carolina,AAC,Non-Conference,2,3,3-2,5,25,22,Alabama A&M,East Carolina,TRUE
2019-09-21,Western Caro.,SoCon,UNCW,CAA,Non-Conference,3,1,3-1,4,25,19,Western Caro.,Western Caro.,FALSE
2019-09-21,Fairleigh Dickinson,NEC,Bucknell,Patriot,Non-Conference,0,3,3-0,3,20,25,Bucknell,Bucknell,FALSE
2019-09-21,NJIT,ASUN,Towson,CAA,Non-Conference,0,3,3-0,3,19,25,Towson,Towson,FALSE
2019-09-21,Holy Cross,Patriot,Providence,Big East,Non-Conference,3,2,3-2,5,9,25,Providence,Holy Cross,TRUE
2019-09-21,Ga. Southern,Sun Belt,Tennessee,SEC,Non-Conference,0,3,3-0,3,15,25,Tennessee,Tennessee,FALSE
2019-09-21,New Mexico,Mountain West,Kansas St.,Big 12,Non-Conference,3,1,3-1,4,30,28,New Mexico,New Mexico,FALSE
2019-09-21,Canisius,MAAC,Buffalo,MAC,Non-Conference,2,3,3-2,5,26,24,Canisius,Buffalo,TRUE
2019-09-21,UNC Greensboro,SoCon,Lehigh,Patriot,Non-Conference,1,3,3-1,4,23,25,Lehigh,Lehigh,FALSE
2019-09-21,Arkansas St.,Sun Belt,Chattanooga,SoCon,Non-Conference,3,0,3-0,3,25,21,Arkansas St.,Arkansas St.,FALSE
2019-09-21,UNI,MVC,Green Bay,Horizon,Non-Conference,3,0,3-0,3,25,23,UNI,UNI,FALSE
2019-09-21,IUPUI,Horizon,Auburn,SEC,Non-Conference,0,3,3-0,3,19,25,Auburn,Auburn,FALSE
2019-09-21,Quinnipiac,MAAC,Siena,MAAC,MAAC,2,3,3-2,5,23,25,Siena,Siena,FALSE
2019-09-21,Army West Point,Patriot,Yale,Ivy League,Non-Conference,0,3,3-0,3,19,25,Yale,Yale,FALSE
2019-09-21,Iona,MAAC,Rider,MAAC,MAAC,0,3,3-0,3,23,25,Rider,Rider,FALSE
2019-09-21,Niagara,MAAC,Kent St.,MAC,Non-Conference,2,3,3-2,5,13,25,Kent St.,Kent St.,FALSE
2019-09-21,FIU,C-USA,Georgetown,Big East,Non-Conference,0,3,3-0,3,15,25,Georgetown,Georgetown,FALSE
2019-09-21,Omaha,Summit League,CSUN,Big West,Non-Conference,3,2,3-2,5,25,20,Omaha,Omaha,FALSE
2019-09-21,Kansas City,WAC,South Dakota St.,Summit League,Non-Conference,3,1,3-1,4,14,25,South Dakota St.,Kansas City,TRUE
2019-09-21,St. Francis Brooklyn,NEC,Hartford,America East,Non-Conference,1,3,3-1,4,25,17,St. Francis Brooklyn,Hartford,TRUE
2019-09-21,Saint Peter's,MAAC,Manhattan,MAAC,MAAC,3,1,3-1,4,25,20,Saint Peter's,Saint Peter's,FALSE
2019-09-21,Murray St.,OVC,A&M-Corpus Christi,Southland,Non-Conference,0,3,3-0,3,29,27,Murray St.,A&M-Corpus Christi,FALSE
2019-09-21,Jacksonville St.,OVC,Col. of Charleston,CAA,Non-Conference,3,0,3-0,3,25,17,Jacksonville St.,Jacksonville St.,FALSE
2019-09-21,UC Davis,Big West,CSU Bakersfield,WAC,Non-Conference,1,3,3-1,4,18,25,CSU Bakersfield,CSU Bakersfield,FALSE
2019-09-21,William & Mary,CAA,Wake Forest,ACC,Non-Conference,1,3,3-1,4,17,25,Wake Forest,Wake Forest,FALSE
2019-09-21,The Citadel,SoCon,Florida A&M,MEAC,Non-Conference,3,2,3-2,5,22,25,Florida A&M,The Citadel,TRUE
2019-09-21,Loyola Chicago,MVC,DePaul,Big East,Non-Conference,3,1,3-1,4,25,15,Loyola Chicago,Loyola Chicago,FALSE
2019-09-21,Middle Tenn.,C-USA,Western Ill.,Summit League,Non-Conference,3,1,3-1,4,12,25,Western Ill.,Middle Tenn.,TRUE
2019-09-21,Ohio,MAC,North Texas,C-USA,Non-Conference,0,3,3-0,3,21,25,North Texas,North Texas,FALSE
2019-09-21,Fla. Atlantic,C-USA,FGCU,ASUN,Non-Conference,0,3,3-0,3,14,25,FGCU,FGCU,FALSE
2019-09-21,Rutgers,Big Ten,Howard,MEAC,Non-Conference,1,3,3-1,4,22,25,Howard,Howard,FALSE
2019-09-21,UIW,Southland,Texas Tech,Big 12,Non-Conference,1,3,3-1,4,22,25,Texas Tech,Texas Tech,FALSE
2019-09-21,UMBC,America East,Colorado,Pac-12,Non-Conference,0,3,3-0,3,23,25,Colorado,Colorado,FALSE
2019-09-21,Central Mich.,MAC,Youngstown St.,Horizon,Non-Conference,3,0,3-0,3,25,18,Central Mich.,Central Mich.,FALSE
2019-09-21,Southeast Mo. St.,OVC,Memphis,AAC,Non-Conference,3,1,3-1,4,25,22,Southeast Mo. St.,Southeast Mo. St.,FALSE
2019-09-21,Indiana,Big Ten,South Fla.,AAC,Non-Conference,3,1,3-1,4,25,22,Indiana,Indiana,FALSE
2019-09-21,Northwestern St.,Southland,Brown,Ivy League,Non-Conference,3,0,3-0,3,25,22,Northwestern St.,Northwestern St.,FALSE
2019-09-21,Southern Utah,Big Sky,Gonzaga,WCC,Non-Conference,3,0,3-0,3,25,21,Southern Utah,Southern Utah,FALSE
2019-09-21,Southeastern La.,Southland,Morehead St.,OVC,Non-Conference,0,3,3-0,3,13,25,Morehead St.,Morehead St.,FALSE
2019-09-21,Syracuse,ACC,Harvard,Ivy League,Non-Conference,3,1,3-1,4,25,23,Syracuse,Syracuse,FALSE
2019-09-21,Wyoming,Mountain West,Creighton,Big East,Non-Conference,0,3,3-0,3,11,25,Creighton,Creighton,FALSE
2019-09-21,Coastal Carolina,Sun Belt,Lipscomb,ASUN,Non-Conference,2,3,3-2,5,18,25,Lipscomb,Lipscomb,FALSE
2019-09-21,Prairie View,SWAC,UT Arlington,Sun Belt,Non-Conference,0,3,3-0,3,20,25,UT Arlington,UT Arlington,FALSE
2019-09-21,Houston Baptist,Southland,UTRGV,WAC,Non-Conference,3,2,3-2,5,25,19,Houston Baptist,Houston Baptist,FALSE
2019-09-21,Purdue Fort Wayne,Summit League,Central Ark.,Southland,Non-Conference,3,2,3-2,5,25,27,Central Ark.,Purdue Fort Wayne,TRUE
2019-09-21,Eastern Mich.,MAC,Purdue,Big Ten,Non-Conference,1,3,3-1,4,25,21,Eastern Mich.,Purdue,TRUE
2019-09-21,Tulsa,AAC,Northern Ky.,Horizon,Non-Conference,0,3,3-0,3,19,25,Northern Ky.,Northern Ky.,FALSE
2019-09-21,Louisiana Tech,C-USA,Bethune-Cookman,MEAC,Non-Conference,3,1,3-1,4,25,21,Louisiana Tech,Louisiana Tech,FALSE
2019-09-21,Idaho,Big Sky,Grand Canyon,WAC,Non-Conference,1,3,3-1,4,16,25,Grand Canyon,Grand Canyon,FALSE
2019-09-21,Dartmouth,Ivy League,Holy Cross,Patriot,Non-Conference,3,0,3-0,3,25,21,Dartmouth,Dartmouth,FALSE
2019-09-21,BYU,WCC,Stanford,Pac-12,Non-Conference,3,1,3-1,4,18,25,Stanford,BYU,TRUE
2019-09-21,Kansas,Big 12,UNLV,Mountain West,Non-Conference,1,3,3-1,4,23,25,UNLV,UNLV,FALSE
2019-09-21,Sam Houston St.,Southland,Texas St.,Sun Belt,Non-Conference,0,3,3-0,3,22,25,Texas St.,Texas St.,FALSE
2019-09-21,Hampton,Big South,Fairleigh Dickinson,NEC,Non-Conference,3,0,3-0,3,25,14,Hampton,Hampton,FALSE
2019-09-21,Missouri,SEC,Hawaii,Big West,Non-Conference,2,3,3-2,5,25,17,Missouri,Hawaii,TRUE
2019-09-21,SMU,AAC,Oklahoma,Big 12,Non-Conference,1,3,3-1,4,25,23,SMU,Oklahoma,TRUE
2019-09-21,Little Rock,Sun Belt,UT Martin,OVC,Non-Conference,1,3,3-1,4,12,25,UT Martin,UT Martin,FALSE
2019-09-21,TCU,Big 12,Rice,C-USA,Non-Conference,0,3,3-0,3,17,25,Rice,Rice,FALSE
2019-09-21,Sacramento St.,Big Sky,Arizona,Pac-12,Non-Conference,1,3,3-1,4,30,28,Sacramento St.,Arizona,TRUE
2019-09-21,Pacific,WCC,Belmont,OVC,Non-Conference,3,1,3-1,4,25,15,Pacific,Pacific,FALSE
2019-09-21,UMES,MEAC,Central Conn. St.,NEC,Non-Conference,1,3,3-1,4,15,25,Central Conn. St.,Central Conn. St.,FALSE
2019-09-21,San Francisco,WCC,Fresno St.,Mountain West,Non-Conference,0,3,3-0,3,23,25,Fresno St.,Fresno St.,FALSE
2019-09-21,Northern Ill.,MAC,Bradley,MVC,Non-Conference,0,3,3-0,3,17,25,Bradley,Bradley,FALSE
2019-09-21,Tulane,AAC,LSU,SEC,Non-Conference,3,1,3-1,4,18,25,LSU,Tulane,TRUE
2019-09-21,Charlotte,C-USA,Virginia Tech,ACC,Non-Conference,3,0,3-0,3,25,13,Charlotte,Charlotte,FALSE
2019-09-21,Louisiana,Sun Belt,Florida,SEC,Non-Conference,0,3,3-0,3,15,25,Florida,Florida,FALSE
2019-09-21,UC Irvine,Big West,Boise St.,Mountain West,Non-Conference,0,3,3-0,3,23,25,Boise St.,Boise St.,FALSE
2019-09-21,Boston College,ACC,Albany (NY),America East,Non-Conference,2,3,3-2,5,22,25,Albany (NY),Albany (NY),FALSE
2019-09-21,Columbia,Ivy League,LIU,NEC,Non-Conference,3,2,3-2,5,16,25,LIU,Columbia,TRUE
2019-09-21,Alabama A&M,SWAC,Gardner-Webb,Big South,Non-Conference,1,3,3-1,4,19,25,Gardner-Webb,Gardner-Webb,FALSE
2019-09-21,Portland St.,Big Sky,Portland,WCC,Non-Conference,3,1,3-1,4,25,23,Portland St.,Portland St.,FALSE
2019-09-21,Ole Miss,SEC,American,Patriot,Non-Conference,3,1,3-1,4,18,25,American,Ole Miss,TRUE
2019-09-21,Penn,Ivy League,Cal St. Fullerton,Big West,Non-Conference,2,3,3-2,5,25,17,Penn,Cal St. Fullerton,TRUE
2019-09-21,Wofford,SoCon,Jacksonville,ASUN,Non-Conference,3,1,3-1,4,27,25,Wofford,Wofford,FALSE
2019-09-21,Wake Forest,ACC,Seton Hall,Big East,Non-Conference,3,1,3-1,4,25,22,Wake Forest,Wake Forest,FALSE
2019-09-21,Stony Brook,America East,Army West Point,Patriot,Non-Conference,0,3,3-0,3,8,25,Army West Point,Army West Point,FALSE
2019-09-21,Austin Peay,OVC,Wright St.,Horizon,Non-Conference,0,3,3-0,3,16,25,Wright St.,Wright St.,FALSE
2019-09-21,VCU,Atlantic 10,Colgate,Patriot,Non-Conference,3,2,3-2,5,22,25,Colgate,VCU,TRUE
2019-09-21,Princeton,Ivy League,La Salle,Atlantic 10,Non-Conference,3,0,3-0,3,25,23,Princeton,Princeton,FALSE
2019-09-21,Michigan St.,Big Ten,Western Mich.,MAC,Non-Conference,3,0,3-0,3,25,19,Michigan St.,Michigan St.,FALSE
2019-09-21,Lafayette,Patriot,UMES,MEAC,Non-Conference,3,2,3-2,5,23,25,UMES,Lafayette,TRUE
2019-09-21,Duquesne,Atlantic 10,Eastern Ky.,OVC,Non-Conference,3,1,3-1,4,25,18,Duquesne,Duquesne,FALSE
2019-09-21,Ga. Southern,Sun Belt,ETSU,SoCon,Non-Conference,2,3,3-2,5,23,25,ETSU,ETSU,FALSE
2019-09-21,N.C. A&T,MEAC,UNCW,CAA,Non-Conference,0,3,3-0,3,24,26,UNCW,UNCW,FALSE
2019-09-21,Nicholls St.,Southland,South Alabama,Sun Belt,Non-Conference,0,3,3-0,3,13,25,South Alabama,South Alabama,FALSE
2019-09-21,Delaware St.,MEAC,Bucknell,Patriot,Non-Conference,1,3,3-1,4,25,19,Delaware St.,Bucknell,TRUE
2019-09-21,High Point,Big South,Davidson,Atlantic 10,Non-Conference,3,0,3-0,3,25,17,High Point,High Point,FALSE
2019-09-21,LMU (CA),WCC,Butler,Big East,Non-Conference,3,1,3-1,4,25,17,LMU (CA),LMU (CA),FALSE
2019-09-21,Appalachian St.,Sun Belt,Maryland,Big Ten,Non-Conference,0,3,3-0,3,22,25,Maryland,Maryland,FALSE
2019-09-21,UIW,Southland,Houston,AAC,Non-Conference,2,3,3-2,5,13,25,Houston,Houston,FALSE
2019-09-21,Green Bay,Horizon,Saint Louis,Atlantic 10,Non-Conference,3,0,3-0,3,25,18,Green Bay,Green Bay,FALSE
2019-09-21,Western Ill.,Summit League,Southern Ill.,MVC,Non-Conference,1,3,3-1,4,25,23,Western Ill.,Southern Ill.,TRUE
2019-09-21,Purdue Fort Wayne,Summit League,SIUE,OVC,Non-Conference,3,2,3-2,5,25,18,Purdue Fort Wayne,Purdue Fort Wayne,FALSE
2019-09-21,Providence,Big East,UConn,AAC,Non-Conference,2,3,3-2,5,25,23,Providence,UConn,TRUE
2019-09-21,Samford,SoCon,Western Ky.,C-USA,Non-Conference,0,3,3-0,3,18,25,Western Ky.,Western Ky.,FALSE
2019-09-21,Radford,Big South,North Carolina,ACC,Non-Conference,0,3,3-0,3,16,25,North Carolina,North Carolina,FALSE
2019-09-21,UNC Greensboro,SoCon,Virginia,ACC,Non-Conference,0,3,3-0,3,13,25,Virginia,Virginia,FALSE
2019-09-21,UIC,Horizon,Loyola Chicago,MVC,Non-Conference,3,0,3-0,3,25,22,UIC,UIC,FALSE
2019-09-21,New Orleans,Southland,Col. of Charleston,CAA,Non-Conference,3,2,3-2,5,21,25,Col. of Charleston,New Orleans,TRUE
2019-09-21,Florida A&M,MEAC,Troy,Sun Belt,Non-Conference,0,3,3-0,3,20,25,Troy,Troy,FALSE
2019-09-21,CSUN,Big West,Idaho,Big Sky,Non-Conference,3,2,3-2,5,18,25,Idaho,CSUN,TRUE
2019-09-21,Central Conn. St.,NEC,Hartford,America East,Non-Conference,1,3,3-1,4,10,25,Hartford,Hartford,FALSE
2019-09-21,Stetson,ASUN,South Fla.,AAC,Non-Conference,0,3,3-0,3,19,25,South Fla.,South Fla.,FALSE
2019-09-21,William & Mary,CAA,George Mason,Atlantic 10,Non-Conference,0,3,3-0,3,22,25,George Mason,George Mason,FALSE
2019-09-21,Navy,Patriot,West Virginia,Big 12,Non-Conference,2,3,3-2,5,20,25,West Virginia,West Virginia,FALSE
2019-09-21,Missouri St.,MVC,Ball St.,MAC,Non-Conference,0,3,3-0,3,16,25,Ball St.,Ball St.,FALSE
2019-09-21,Delaware,CAA,Villanova,Big East,Non-Conference,0,3,3-0,3,17,25,Villanova,Villanova,FALSE
2019-09-21,Bryant,NEC,Rhode Island,Atlantic 10,Non-Conference,2,3,3-2,5,21,25,Rhode Island,Rhode Island,FALSE
2019-09-21,Duke,ACC,Hofstra,CAA,Non-Conference,3,1,3-1,4,25,21,Duke,Duke,FALSE
2019-09-21,Sacred Heart,NEC,Yale,Ivy League,Non-Conference,0,3,3-0,3,25,27,Yale,Yale,FALSE
2019-09-21,SFA,Southland,UT Arlington,Sun Belt,Non-Conference,3,0,3-0,3,25,15,SFA,SFA,FALSE
2019-09-21,UMBC,America East,Oakland,Horizon,Non-Conference,1,3,3-1,4,20,25,Oakland,Oakland,FALSE
2019-09-21,UNI,MVC,Marquette,Big East,Non-Conference,1,3,3-1,4,25,20,UNI,Marquette,TRUE
2019-09-21,California,Pac-12,Saint Mary's (CA),WCC,Non-Conference,3,1,3-1,4,25,12,California,California,FALSE
2019-09-21,Oral Roberts,Summit League,Minnesota,Big Ten,Non-Conference,0,3,3-0,3,15,25,Minnesota,Minnesota,FALSE
2019-09-21,Iowa St.,Big 12,Iowa,Big Ten,Non-Conference,3,2,3-2,5,25,18,Iowa St.,Iowa St.,FALSE
2019-09-21,UC Davis,Big West,San Francisco,WCC,Non-Conference,3,0,3-0,3,25,19,UC Davis,UC Davis,FALSE
2019-09-21,UTEP,C-USA,Texas Tech,Big 12,Non-Conference,0,3,3-0,3,19,25,Texas Tech,Texas Tech,FALSE
2019-09-21,North Dakota St.,Summit League,Tennessee,SEC,Non-Conference,0,3,3-0,3,10,25,Tennessee,Tennessee,FALSE
2019-09-21,Seattle U,WAC,UC Riverside,Big West,Non-Conference,3,1,3-1,4,25,19,Seattle U,Seattle U,FALSE
2019-09-21,Utah St.,Mountain West,Weber St.,Big Sky,Non-Conference,0,3,3-0,3,18,25,Weber St.,Weber St.,FALSE
2019-09-21,Montana,Big Sky,Denver,Summit League,Non-Conference,0,3,3-0,3,19,25,Denver,Denver,FALSE
2019-09-21,Santa Clara,WCC,Air Force,Mountain West,Non-Conference,3,2,3-2,5,25,21,Santa Clara,Santa Clara,FALSE
2019-09-21,Middle Tenn.,C-USA,Tennessee Tech,OVC,Non-Conference,1,3,3-1,4,26,24,Middle Tenn.,Tennessee Tech,TRUE
2019-09-21,Illinois,Big Ten,LMU (CA),WCC,Non-Conference,3,1,3-1,4,24,26,LMU (CA),Illinois,TRUE
2019-09-21,Northwestern,Big Ten,DePaul,Big East,Non-Conference,3,0,3-0,3,25,12,Northwestern,Northwestern,FALSE
2019-09-21,Wisconsin,Big Ten,Washington,Pac-12,Non-Conference,0,3,3-0,3,20,25,Washington,Washington,FALSE
2019-09-21,Campbell,Big South,Colorado,Pac-12,Non-Conference,0,3,3-0,3,10,25,Colorado,Colorado,FALSE
2019-09-21,Fresno St.,Mountain West,CSU Bakersfield,WAC,Non-Conference,3,0,3-0,3,25,15,Fresno St.,Fresno St.,FALSE
2019-09-21,Long Beach St.,Big West,San Diego,WCC,Non-Conference,0,3,3-0,3,8,25,San Diego,San Diego,FALSE
2019-09-21,Omaha,Summit League,Grand Canyon,WAC,Non-Conference,2,3,3-2,5,20,25,Grand Canyon,Grand Canyon,FALSE
2019-09-22,New Hampshire,America East,NJIT,ASUN,Non-Conference,3,0,3-0,3,25,12,New Hampshire,New Hampshire,FALSE
2019-09-22,Kennesaw St.,ASUN,South Carolina,SEC,Non-Conference,0,3,3-0,3,20,25,South Carolina,South Carolina,FALSE
2019-09-22,Brown,Ivy League,Georgia St.,Sun Belt,Non-Conference,3,2,3-2,5,25,19,Brown,Brown,FALSE
2019-09-22,New Hampshire,America East,Towson,CAA,Non-Conference,0,3,3-0,3,8,25,Towson,Towson,FALSE
2019-09-22,Howard,MEAC,Georgetown,Big East,Non-Conference,0,3,3-0,3,15,25,Georgetown,Georgetown,FALSE
2019-09-22,Iona,MAAC,Saint Peter's,MAAC,MAAC,3,0,3-0,3,25,20,Iona,Iona,FALSE
2019-09-22,Louisville,ACC,Cincinnati,AAC,Non-Conference,3,2,3-2,5,25,18,Louisville,Louisville,FALSE
2019-09-22,Fairfield,MAAC,Siena,MAAC,MAAC,3,1,3-1,4,23,25,Siena,Fairfield,TRUE
2019-09-22,Quinnipiac,MAAC,Marist,MAAC,MAAC,1,3,3-1,4,24,26,Marist,Marist,FALSE
2019-09-22,Penn St.,Big Ten,Pittsburgh,ACC,Non-Conference,3,2,3-2,5,28,26,Penn St.,Penn St.,FALSE
2019-09-22,Rider,MAAC,Manhattan,MAAC,MAAC,3,1,3-1,4,20,25,Manhattan,Rider,TRUE
2019-09-22,Ark.-Pine Bluff,SWAC,Middle Tenn.,C-USA,Non-Conference,0,3,3-0,3,20,25,Middle Tenn.,Middle Tenn.,FALSE
2019-09-22,McNeese,Southland,La.-Monroe,Sun Belt,Non-Conference,1,3,3-1,4,23,25,La.-Monroe,La.-Monroe,FALSE
2019-09-22,NC State,ACC,Furman,SoCon,Non-Conference,3,0,3-0,3,25,22,NC State,NC State,FALSE
2019-09-22,Notre Dame,ACC,Michigan,Big Ten,Non-Conference,1,3,3-1,4,23,25,Michigan,Michigan,FALSE
2019-09-22,Hawaii,Big West,Baylor,Big 12,Non-Conference,0,3,3-0,3,19,25,Baylor,Baylor,FALSE
2019-09-22,Loyola Maryland,Patriot,NJIT,ASUN,Non-Conference,3,0,3-0,3,25,22,Loyola Maryland,Loyola Maryland,FALSE
2019-09-22,Alcorn,SWAC,La.-Monroe,Sun Belt,Non-Conference,0,3,3-0,3,9,25,La.-Monroe,La.-Monroe,FALSE
2019-09-22,High Point,Big South,South Carolina,SEC,Non-Conference,1,3,3-1,4,19,25,South Carolina,South Carolina,FALSE
2019-09-24,Kennesaw St.,ASUN,NJIT,ASUN,ASUN,3,0,3-0,3,25,19,Kennesaw St.,Kennesaw St.,FALSE
2019-09-24,FGCU,ASUN,Liberty,ASUN,ASUN,0,3,3-0,3,22,25,Liberty,Liberty,FALSE
2019-09-24,Western Ill.,Summit League,Purdue Fort Wayne,Summit League,Summit League,0,3,3-0,3,15,25,Purdue Fort Wayne,Purdue Fort Wayne,FALSE
2019-09-24,The Citadel,SoCon,N.C. Central,MEAC,Non-Conference,1,3,3-1,4,26,24,The Citadel,N.C. Central,TRUE
2019-09-24,Hartford,America East,Bryant,NEC,Non-Conference,3,0,3-0,3,25,18,Hartford,Hartford,FALSE
2019-09-24,South Fla.,AAC,Bethune-Cookman,MEAC,Non-Conference,3,0,3-0,3,25,20,South Fla.,South Fla.,FALSE
2019-09-24,Canisius,MAAC,Niagara,MAAC,MAAC,3,1,3-1,4,25,19,Canisius,Canisius,FALSE
2019-09-24,Texas St.,Sun Belt,Baylor,Big 12,Non-Conference,0,3,3-0,3,19,25,Baylor,Baylor,FALSE
2019-09-24,Austin Peay,OVC,Western Ky.,C-USA,Non-Conference,0,3,3-0,3,21,25,Western Ky.,Western Ky.,FALSE
2019-09-24,Valparaiso,MVC,Milwaukee,Horizon,Non-Conference,0,3,3-0,3,15,25,Milwaukee,Milwaukee,FALSE
2019-09-24,Stetson,ASUN,Jacksonville,ASUN,ASUN,1,3,3-1,4,25,23,Stetson,Jacksonville,TRUE
2019-09-24,UT Martin,OVC,Southeast Mo. St.,OVC,OVC,1,3,3-1,4,13,25,Southeast Mo. St.,Southeast Mo. St.,FALSE
2019-09-24,Lamar University,Southland,New Orleans,Southland,Southland,1,3,3-1,4,25,17,Lamar University,New Orleans,TRUE
2019-09-24,Boise St.,Mountain West,Utah St.,Mountain West,Mountain West,3,0,3-0,3,25,18,Boise St.,Boise St.,FALSE
2019-09-24,Montana St.,Big Sky,Montana,Big Sky,Big Sky,3,0,3-0,3,25,21,Montana St.,Montana St.,FALSE
2019-09-24,Alabama,SEC,Texas A&M,SEC,SEC,1,3,3-1,4,20,25,Texas A&M,Texas A&M,FALSE
2019-09-24,CSUN,Big West,UC Santa Barbara,Big West,Big West,2,3,3-2,5,9,25,UC Santa Barbara,UC Santa Barbara,FALSE
2019-09-24,Long Beach St.,Big West,Cal Poly,Big West,Big West,0,3,3-0,3,22,25,Cal Poly,Cal Poly,FALSE
2019-09-24,UC Irvine,Big West,UC Davis,Big West,Big West,2,3,3-2,5,15,25,UC Davis,UC Davis,FALSE
2019-09-24,Cal St. Fullerton,Big West,UC Riverside,Big West,Big West,1,3,3-1,4,24,26,UC Riverside,UC Riverside,FALSE
2019-09-25,Butler,Big East,Marquette,Big East,Big East,0,3,3-0,3,22,25,Marquette,Marquette,FALSE
2019-09-25,Pittsburgh,ACC,Virginia,ACC,ACC,3,0,3-0,3,25,11,Pittsburgh,Pittsburgh,FALSE
2019-09-25,Siena,MAAC,Binghamton,America East,Non-Conference,3,0,3-0,3,25,23,Siena,Siena,FALSE
2019-09-25,Campbell,Big South,East Carolina,AAC,Non-Conference,0,3,3-0,3,23,25,East Carolina,East Carolina,FALSE
2019-09-25,Michigan,Big Ten,Rutgers,Big Ten,Big Ten,3,0,3-0,3,25,14,Michigan,Michigan,FALSE
2019-09-25,Ohio St.,Big Ten,Maryland,Big Ten,Big Ten,3,1,3-1,4,25,19,Ohio St.,Ohio St.,FALSE
2019-09-25,West Virginia,Big 12,Texas Tech,Big 12,Big 12,1,3,3-1,4,23,25,Texas Tech,Texas Tech,FALSE
2019-09-25,Xavier,Big East,DePaul,Big East,Big East,3,2,3-2,5,25,23,Xavier,Xavier,FALSE
2019-09-25,Rider,MAAC,American,Patriot,Non-Conference,0,3,3-0,3,15,25,American,American,FALSE
2019-09-25,Tennessee Tech,OVC,Jacksonville St.,OVC,OVC,0,3,3-0,3,15,25,Jacksonville St.,Jacksonville St.,FALSE
2019-09-25,Chattanooga,SoCon,Samford,SoCon,SoCon,0,3,3-0,3,19,25,Samford,Samford,FALSE
2019-09-25,Iowa St.,Big 12,Texas,Big 12,Big 12,1,3,3-1,4,18,25,Texas,Texas,FALSE
2019-09-25,Michigan St.,Big Ten,Penn St.,Big Ten,Big Ten,0,3,3-0,3,24,26,Penn St.,Penn St.,FALSE
2019-09-25,Arkansas,SEC,LSU,SEC,SEC,0,3,3-0,3,15,25,LSU,LSU,FALSE
2019-09-25,Washington,Pac-12,Washington St.,Pac-12,Pac-12,1,3,3-1,4,25,22,Washington,Washington St.,TRUE
2019-09-25,Colorado,Pac-12,Utah,Pac-12,Pac-12,0,3,3-0,3,11,25,Utah,Utah,FALSE
2019-09-25,TCU,Big 12,Oklahoma,Big 12,Big 12,0,3,3-0,3,17,25,Oklahoma,Oklahoma,FALSE
2019-09-25,Southern California,Pac-12,UCLA,Pac-12,Pac-12,2,3,3-2,5,25,12,Southern California,UCLA,TRUE
2019-09-26,Akron,MAC,Buffalo,MAC,MAC,3,2,3-2,5,25,19,Akron,Akron,FALSE
2019-09-26,Houston Baptist,Southland,Central Ark.,Southland,Southland,3,1,3-1,4,25,19,Houston Baptist,Houston Baptist,FALSE
2019-09-26,Ball St.,MAC,Toledo,MAC,MAC,3,0,3-0,3,25,19,Ball St.,Ball St.,FALSE
2019-09-26,UNCW,CAA,James Madison,CAA,CAA,0,3,3-0,3,15,25,James Madison,James Madison,FALSE
2019-09-26,UIW,Southland,Abilene Christian,Southland,Southland,0,3,3-0,3,24,26,Abilene Christian,Abilene Christian,FALSE
2019-09-26,Nicholls St.,Southland,New Orleans,Southland,Southland,1,3,3-1,4,12,25,New Orleans,New Orleans,FALSE
2019-09-26,A&M-Corpus Christi,Southland,SFA,Southland,Southland,0,3,3-0,3,19,25,SFA,SFA,FALSE
2019-09-26,Arkansas St.,Sun Belt,Troy,Sun Belt,Sun Belt,1,3,3-1,4,25,21,Arkansas St.,Troy,TRUE
2019-09-26,Sam Houston St.,Southland,Northwestern St.,Southland,Southland,3,1,3-1,4,21,25,Northwestern St.,Sam Houston St.,TRUE
2019-09-26,CSU Bakersfield,WAC,Kansas City,WAC,WAC,0,3,3-0,3,17,25,Kansas City,Kansas City,FALSE
2019-09-26,New Mexico St.,WAC,Utah Valley,WAC,WAC,3,1,3-1,4,25,19,New Mexico St.,New Mexico St.,FALSE
2019-09-26,Grand Canyon,WAC,Chicago St.,WAC,WAC,3,0,3-0,3,25,21,Grand Canyon,Grand Canyon,FALSE
2019-09-26,McNeese,Southland,Southeastern La.,Southland,Southland,0,3,3-0,3,25,27,Southeastern La.,Southeastern La.,FALSE
2019-09-26,Utah St.,Mountain West,Air Force,Mountain West,Mountain West,1,3,3-1,4,18,25,Air Force,Air Force,FALSE
2019-09-26,Idaho St.,Big Sky,Southern Utah,Big Sky,Big Sky,3,0,3-0,3,25,19,Idaho St.,Idaho St.,FALSE
2019-09-26,Oregon,Pac-12,Oregon St.,Pac-12,Pac-12,2,3,3-2,5,25,9,Oregon,Oregon St.,TRUE
2019-09-26,UNLV,Mountain West,Wyoming,Mountain West,Mountain West,2,3,3-2,5,25,22,UNLV,Wyoming,TRUE
2019-09-26,BYU,WCC,Gonzaga,WCC,WCC,3,0,3-0,3,25,13,BYU,BYU,FALSE
2019-09-26,UTRGV,WAC,Seattle U,WAC,WAC,3,0,3-0,3,25,21,UTRGV,UTRGV,FALSE
2019-09-26,Portland St.,Big Sky,Idaho,Big Sky,Big Sky,0,3,3-0,3,24,26,Idaho,Idaho,FALSE
2019-09-26,Nevada,Mountain West,Fresno St.,Mountain West,Mountain West,0,3,3-0,3,21,25,Fresno St.,Fresno St.,FALSE
2019-09-26,San Jose St.,Mountain West,San Diego St.,Mountain West,Mountain West,2,3,3-2,5,14,25,San Diego St.,San Diego St.,FALSE
2019-09-26,Montana,Big Sky,Northern Colo.,Big Sky,Big Sky,0,3,3-0,3,23,25,Northern Colo.,Northern Colo.,FALSE
2019-09-26,New Mexico,Mountain West,Colorado St.,Mountain West,Mountain West,0,3,3-0,3,13,25,Colorado St.,Colorado St.,FALSE
2019-09-26,Sacramento St.,Big Sky,Eastern Wash.,Big Sky,Big Sky,3,1,3-1,4,25,14,Sacramento St.,Sacramento St.,FALSE
2019-09-26,Weber St.,Big Sky,Northern Ariz.,Big Sky,Big Sky,1,3,3-1,4,17,25,Northern Ariz.,Northern Ariz.,FALSE
2019-09-26,Arizona,Pac-12,Arizona St.,Pac-12,Pac-12,0,3,3-0,3,20,25,Arizona St.,Arizona St.,FALSE
2019-09-26,San Diego,WCC,Portland,WCC,WCC,3,0,3-0,3,25,18,San Diego,San Diego,FALSE
2019-09-26,Santa Clara,WCC,LMU (CA),WCC,WCC,0,3,3-0,3,14,25,LMU (CA),LMU (CA),FALSE
2019-09-26,San Francisco,WCC,Pepperdine,WCC,WCC,1,3,3-1,4,18,25,Pepperdine,Pepperdine,FALSE
2019-09-26,Stanford,Pac-12,California,Pac-12,Pac-12,3,1,3-1,4,20,25,California,Stanford,TRUE
2019-09-27,Mercer,SoCon,The Citadel,SoCon,SoCon,3,2,3-2,5,18,25,The Citadel,Mercer,TRUE
2019-09-27,Georgia,SEC,South Carolina,SEC,SEC,3,2,3-2,5,22,25,South Carolina,Georgia,TRUE
2019-09-27,Mississippi St.,SEC,Kentucky,SEC,SEC,1,3,3-1,4,17,25,Kentucky,Kentucky,FALSE
2019-09-27,Dayton,Atlantic 10,Saint Louis,Atlantic 10,Atlantic 10,3,0,3-0,3,25,18,Dayton,Dayton,FALSE
2019-09-27,Alcorn,SWAC,Southern U.,SWAC,SWAC,0,3,3-0,3,7,25,Southern U.,Southern U.,FALSE
2019-09-27,Texas Southern,SWAC,Alabama St.,SWAC,SWAC,3,2,3-2,5,22,25,Alabama St.,Texas Southern,TRUE
2019-09-27,Jackson St.,SWAC,Grambling,SWAC,SWAC,3,1,3-1,4,25,23,Jackson St.,Jackson St.,FALSE
2019-09-27,Ark.-Pine Bluff,SWAC,Alabama A&M,SWAC,SWAC,1,3,3-1,4,20,25,Alabama A&M,Alabama A&M,FALSE
2019-09-27,Mississippi Val.,SWAC,Prairie View,SWAC,SWAC,0,3,3-0,3,14,25,Prairie View,Prairie View,FALSE
2019-09-27,Sacred Heart,NEC,St. Francis Brooklyn,NEC,NEC,3,2,3-2,5,23,25,St. Francis Brooklyn,Sacred Heart,TRUE
2019-09-27,Ark.-Pine Bluff,SWAC,Alabama St.,SWAC,SWAC,3,0,3-0,3,25,23,Ark.-Pine Bluff,Ark.-Pine Bluff,FALSE
2019-09-27,South Carolina St.,MEAC,N.C. A&T,MEAC,MEAC,0,3,3-0,3,21,25,N.C. A&T,N.C. A&T,FALSE
2019-09-27,Miami (OH),MAC,Kent St.,MAC,MAC,3,0,3-0,3,25,23,Miami (OH),Miami (OH),FALSE
2019-09-27,Oakland,Horizon,Wright St.,Horizon,Horizon,0,3,3-0,3,9,25,Wright St.,Wright St.,FALSE
2019-09-27,ETSU,SoCon,Furman,SoCon,SoCon,3,1,3-1,4,24,26,Furman,ETSU,TRUE
2019-09-27,Presbyterian,Big South,Winthrop,Big South,Big South,1,3,3-1,4,26,24,Presbyterian,Winthrop,TRUE
2019-09-27,Youngstown St.,Horizon,Northern Ky.,Horizon,Horizon,0,3,3-0,3,13,25,Northern Ky.,Northern Ky.,FALSE
2019-09-27,Loyola Maryland,Patriot,Holy Cross,Patriot,Patriot,3,0,3-0,3,25,23,Loyola Maryland,Loyola Maryland,FALSE
2019-09-27,Charleston So.,Big South,Gardner-Webb,Big South,Big South,3,0,3-0,3,25,8,Charleston So.,Charleston So.,FALSE
2019-09-27,UConn,AAC,UCF,AAC,AAC,0,3,3-0,3,16,25,UCF,UCF,FALSE
2019-09-27,Cleveland St.,Horizon,IUPUI,Horizon,Horizon,2,3,3-2,5,20,25,IUPUI,IUPUI,FALSE
2019-09-27,La Salle,Atlantic 10,VCU,Atlantic 10,Atlantic 10,2,3,3-2,5,23,25,VCU,VCU,FALSE
2019-09-27,Western Caro.,SoCon,UNC Greensboro,SoCon,SoCon,3,0,3-0,3,25,14,Western Caro.,Western Caro.,FALSE
2019-09-27,Southern Miss.,C-USA,Marshall,C-USA,C-USA,0,3,3-0,3,16,25,Marshall,Marshall,FALSE
2019-09-27,Howard,MEAC,Bethune-Cookman,MEAC,MEAC,3,1,3-1,4,20,25,Bethune-Cookman,Howard,TRUE
2019-09-27,Georgetown,Big East,Providence,Big East,Big East,3,2,3-2,5,24,26,Providence,Georgetown,TRUE
2019-09-27,Miami (FL),ACC,Wake Forest,ACC,ACC,3,0,3-0,3,25,17,Miami (FL),Miami (FL),FALSE
2019-09-27,Norfolk St.,MEAC,Florida A&M,MEAC,MEAC,2,3,3-2,5,28,26,Norfolk St.,Florida A&M,TRUE
2019-09-27,Lipscomb,ASUN,Stetson,ASUN,ASUN,3,2,3-2,5,18,25,Stetson,Lipscomb,TRUE
2019-09-27,Samford,SoCon,Wofford,SoCon,SoCon,3,1,3-1,4,24,26,Wofford,Samford,TRUE
2019-09-27,Bryant,NEC,Fairleigh Dickinson,NEC,NEC,3,0,3-0,3,25,23,Bryant,Bryant,FALSE
2019-09-27,Tennessee St.,OVC,Eastern Ky.,OVC,OVC,3,1,3-1,4,25,22,Tennessee St.,Tennessee St.,FALSE
2019-09-27,Belmont,OVC,Morehead St.,OVC,OVC,1,3,3-1,4,25,20,Belmont,Morehead St.,TRUE
2019-09-27,Ga. Southern,Sun Belt,Coastal Carolina,Sun Belt,Sun Belt,0,3,3-0,3,16,25,Coastal Carolina,Coastal Carolina,FALSE
2019-09-27,Virginia Tech,ACC,Virginia,ACC,ACC,1,3,3-1,4,26,28,Virginia,Virginia,FALSE
2019-09-27,Florida St.,ACC,Duke,ACC,ACC,3,1,3-1,4,27,25,Florida St.,Florida St.,FALSE
2019-09-27,Georgia St.,Sun Belt,Appalachian St.,Sun Belt,Sun Belt,1,3,3-1,4,25,23,Georgia St.,Appalachian St.,TRUE
2019-09-27,Texas Southern,SWAC,Jackson St.,SWAC,SWAC,0,3,3-0,3,20,25,Jackson St.,Jackson St.,FALSE
2019-09-27,Mississippi Val.,SWAC,Grambling,SWAC,SWAC,0,3,3-0,3,18,25,Grambling,Grambling,FALSE
2019-09-27,Towson,CAA,Delaware,CAA,CAA,3,0,3-0,3,25,20,Towson,Towson,FALSE
2019-09-27,Stony Brook,America East,Hartford,America East,America East,1,3,3-1,4,25,23,Stony Brook,Hartford,TRUE
2019-09-27,Temple,AAC,South Fla.,AAC,AAC,0,3,3-0,3,22,25,South Fla.,South Fla.,FALSE
2019-09-27,LIU,NEC,Central Conn. St.,NEC,NEC,3,2,3-2,5,25,21,LIU,LIU,FALSE
2019-09-27,Northeastern,CAA,William & Mary,CAA,CAA,3,0,3-0,3,25,20,Northeastern,Northeastern,FALSE
2019-09-27,Syracuse,ACC,Georgia Tech,ACC,ACC,1,3,3-1,4,17,25,Georgia Tech,Georgia Tech,FALSE
2019-09-27,NC State,ACC,Louisville,ACC,ACC,2,3,3-2,5,30,28,NC State,Louisville,TRUE
2019-09-27,Austin Peay,OVC,SIUE,OVC,OVC,3,1,3-1,4,25,19,Austin Peay,Austin Peay,FALSE
2019-09-27,Eastern Mich.,MAC,Western Mich.,MAC,MAC,0,3,3-0,3,16,25,Western Mich.,Western Mich.,FALSE
2019-09-27,Duquesne,Atlantic 10,Davidson,Atlantic 10,Atlantic 10,1,3,3-1,4,19,25,Davidson,Davidson,FALSE
2019-09-27,Valparaiso,MVC,Loyola Chicago,MVC,MVC,0,3,3-0,3,12,25,Loyola Chicago,Loyola Chicago,FALSE
2019-09-27,Albany (NY),America East,UMBC,America East,America East,3,2,3-2,5,25,21,Albany (NY),Albany (NY),FALSE
2019-09-27,Navy,Patriot,Army West Point,Patriot,Patriot,2,3,3-2,5,15,25,Army West Point,Army West Point,FALSE
2019-09-27,Lehigh,Patriot,Lafayette,Patriot,Patriot,3,2,3-2,5,24,26,Lafayette,Lehigh,TRUE
2019-09-27,East Carolina,AAC,Cincinnati,AAC,AAC,0,3,3-0,3,14,25,Cincinnati,Cincinnati,FALSE
2019-09-27,North Carolina,ACC,Notre Dame,ACC,ACC,0,3,3-0,3,23,25,Notre Dame,Notre Dame,FALSE
2019-09-27,Murray St.,OVC,Eastern Ill.,OVC,OVC,3,0,3-0,3,25,19,Murray St.,Murray St.,FALSE
2019-09-27,Indiana St.,MVC,Drake,MVC,MVC,2,3,3-2,5,25,21,Indiana St.,Drake,TRUE
2019-09-27,Evansville,MVC,UNI,MVC,MVC,1,3,3-1,4,17,25,UNI,UNI,FALSE
2019-09-27,Auburn,SEC,Florida,SEC,SEC,0,3,3-0,3,12,25,Florida,Florida,FALSE
2019-09-27,Bowling Green,MAC,Ohio,MAC,MAC,3,2,3-2,5,23,25,Ohio,Bowling Green,TRUE
2019-09-27,Southern Ill.,MVC,Bradley,MVC,MVC,3,2,3-2,5,25,22,Southern Ill.,Southern Ill.,FALSE
2019-09-27,FIU,C-USA,Fla. Atlantic,C-USA,C-USA,1,3,3-1,4,25,23,FIU,Fla. Atlantic,TRUE
2019-09-27,Delaware St.,MEAC,Coppin St.,MEAC,MEAC,0,3,3-0,3,21,25,Coppin St.,Coppin St.,FALSE
2019-09-27,Penn,Ivy League,Princeton,Ivy League,Ivy League,0,3,3-0,3,20,25,Princeton,Princeton,FALSE
2019-09-27,Denver,Summit League,Purdue Fort Wayne,Summit League,Summit League,1,3,3-1,4,18,25,Purdue Fort Wayne,Purdue Fort Wayne,FALSE
2019-09-27,Green Bay,Horizon,UIC,Horizon,Horizon,3,2,3-2,5,23,25,UIC,Green Bay,TRUE
2019-09-27,Missouri St.,MVC,Illinois St.,MVC,MVC,0,3,3-0,3,14,25,Illinois St.,Illinois St.,FALSE
2019-09-27,Charlotte,C-USA,UTSA,C-USA,C-USA,0,3,3-0,3,20,25,UTSA,UTSA,FALSE
2019-09-27,UMES,MEAC,Morgan St.,MEAC,MEAC,2,3,3-2,5,25,21,UMES,Morgan St.,TRUE
2019-09-27,Central Mich.,MAC,Northern Ill.,MAC,MAC,3,1,3-1,4,25,23,Central Mich.,Central Mich.,FALSE
2019-09-27,UTEP,C-USA,Rice,C-USA,C-USA,0,3,3-0,3,20,25,Rice,Rice,FALSE
2019-09-27,North Florida,ASUN,Kennesaw St.,ASUN,ASUN,0,3,3-0,3,21,25,Kennesaw St.,Kennesaw St.,FALSE
2019-09-27,American,Patriot,Colgate,Patriot,Patriot,1,3,3-1,4,20,25,Colgate,Colgate,FALSE
2019-09-27,La.-Monroe,Sun Belt,UT Arlington,Sun Belt,Sun Belt,1,3,3-1,4,29,27,La.-Monroe,UT Arlington,TRUE
2019-09-27,Tennessee,SEC,Ole Miss,SEC,SEC,2,3,3-2,5,25,20,Tennessee,Ole Miss,TRUE
2019-09-27,Arkansas St.,Sun Belt,South Alabama,Sun Belt,Sun Belt,1,3,3-1,4,21,25,South Alabama,South Alabama,FALSE
2019-09-27,Little Rock,Sun Belt,Troy,Sun Belt,Sun Belt,0,3,3-0,3,19,25,Troy,Troy,FALSE
2019-09-27,Boston College,ACC,Clemson,ACC,ACC,3,1,3-1,4,20,25,Clemson,Boston College,TRUE
2019-09-27,Louisiana,Sun Belt,Texas St.,Sun Belt,Sun Belt,1,3,3-1,4,23,25,Texas St.,Texas St.,FALSE
2019-09-27,SMU,AAC,Houston,AAC,AAC,2,3,3-2,5,25,15,SMU,Houston,TRUE
2019-09-27,UAB,C-USA,North Texas,C-USA,C-USA,0,3,3-0,3,21,25,North Texas,North Texas,FALSE
2019-09-27,St. John's (NY),Big East,DePaul,Big East,Big East,3,1,3-1,4,25,20,St. John's (NY),St. John's (NY),FALSE
2019-09-27,Hofstra,CAA,Elon,CAA,CAA,1,3,3-1,4,20,25,Elon,Elon,FALSE
2019-09-27,Wichita St.,AAC,Tulsa,AAC,AAC,2,3,3-2,5,21,25,Tulsa,Tulsa,FALSE
2019-09-27,Purdue,Big Ten,Wisconsin,Big Ten,Big Ten,0,3,3-0,3,22,25,Wisconsin,Wisconsin,FALSE
2019-09-27,Oral Roberts,Summit League,South Dakota,Summit League,Summit League,1,3,3-1,4,21,25,South Dakota,South Dakota,FALSE
2019-09-27,Memphis,AAC,Tulane,AAC,AAC,2,3,3-2,5,12,25,Tulane,Tulane,FALSE
2019-09-27,Villanova,Big East,Creighton,Big East,Big East,0,3,3-0,3,16,25,Creighton,Creighton,FALSE
2019-09-27,North Dakota,Summit League,Omaha,Summit League,Summit League,1,3,3-1,4,26,24,North Dakota,Omaha,TRUE
2019-09-27,Seton Hall,Big East,Marquette,Big East,Big East,0,3,3-0,3,19,25,Marquette,Marquette,FALSE
2019-09-27,Iowa,Big Ten,Northwestern,Big Ten,Big Ten,3,1,3-1,4,25,17,Iowa,Iowa,FALSE
2019-09-27,Alcorn,SWAC,Prairie View,SWAC,SWAC,0,3,3-0,3,11,25,Prairie View,Prairie View,FALSE
2019-09-27,Indiana,Big Ten,Minnesota,Big Ten,Big Ten,0,3,3-0,3,11,25,Minnesota,Minnesota,FALSE
2019-09-27,North Dakota St.,Summit League,South Dakota St.,Summit League,Summit League,1,3,3-1,4,25,17,North Dakota St.,South Dakota St.,TRUE
2019-09-27,Nebraska,Big Ten,Illinois,Big Ten,Big Ten,3,2,3-2,5,25,22,Nebraska,Nebraska,FALSE
2019-09-27,Colorado,Pac-12,Oregon St.,Pac-12,Pac-12,1,3,3-1,4,25,22,Colorado,Oregon St.,TRUE
2019-09-27,Hawaii,Big West,Long Beach St.,Big West,Big West,3,1,3-1,4,25,16,Hawaii,Hawaii,FALSE
2019-09-27,Cal Poly,Big West,Cal St. Fullerton,Big West,Big West,3,0,3-0,3,25,14,Cal Poly,Cal Poly,FALSE
2019-09-27,UC Santa Barbara,Big West,UC Irvine,Big West,Big West,3,0,3-0,3,25,19,UC Santa Barbara,UC Santa Barbara,FALSE
2019-09-27,Pacific,WCC,Saint Mary's (CA),WCC,WCC,3,2,3-2,5,17,25,Saint Mary's (CA),Pacific,TRUE
2019-09-27,Portland St.,Big Sky,Eastern Wash.,Big Sky,Big Sky,3,0,3-0,3,25,19,Portland St.,Portland St.,FALSE
2019-09-28,Central Mich.,MAC,Western Mich.,MAC,MAC,3,0,3-0,3,26,24,Central Mich.,Central Mich.,FALSE
2019-09-28,Charleston So.,Big South,Winthrop,Big South,Big South,1,3,3-1,4,24,26,Winthrop,Winthrop,FALSE
2019-09-28,Kansas St.,Big 12,TCU,Big 12,Big 12,3,1,3-1,4,15,25,TCU,Kansas St.,TRUE
2019-09-28,San Diego St.,Mountain West,Nevada,Mountain West,Mountain West,1,3,3-1,4,22,25,Nevada,Nevada,FALSE
2019-09-28,Grambling,SWAC,Alabama A&M,SWAC,SWAC,0,3,3-0,3,21,25,Alabama A&M,Alabama A&M,FALSE
2019-09-28,Mississippi Val.,SWAC,Ark.-Pine Bluff,SWAC,SWAC,0,3,3-0,3,19,25,Ark.-Pine Bluff,Ark.-Pine Bluff,FALSE
2019-09-28,Houston Baptist,Southland,Northwestern St.,Southland,Southland,1,3,3-1,4,25,17,Houston Baptist,Northwestern St.,TRUE
2019-09-28,Canisius,MAAC,Iona,MAAC,MAAC,3,1,3-1,4,25,18,Canisius,Canisius,FALSE
2019-09-28,Jacksonville,ASUN,Liberty,ASUN,ASUN,0,3,3-0,3,15,25,Liberty,Liberty,FALSE
2019-09-28,Niagara,MAAC,Manhattan,MAAC,MAAC,3,1,3-1,4,25,18,Niagara,Niagara,FALSE
2019-09-28,Oklahoma,Big 12,West Virginia,Big 12,Big 12,3,1,3-1,4,25,8,Oklahoma,Oklahoma,FALSE
2019-09-28,Col. of Charleston,CAA,James Madison,CAA,CAA,0,3,3-0,3,19,25,James Madison,James Madison,FALSE
2019-09-28,Sam Houston St.,Southland,Central Ark.,Southland,Southland,3,2,3-2,5,29,27,Sam Houston St.,Sam Houston St.,FALSE
2019-09-28,Marist,MAAC,Saint Peter's,MAAC,MAAC,3,2,3-2,5,20,25,Saint Peter's,Marist,TRUE
2019-09-28,Austin Peay,OVC,Eastern Ill.,OVC,OVC,3,0,3-0,3,26,24,Austin Peay,Austin Peay,FALSE
2019-09-28,Belmont,OVC,Eastern Ky.,OVC,OVC,0,3,3-0,3,24,26,Eastern Ky.,Eastern Ky.,FALSE
2019-09-28,Texas Southern,SWAC,Alcorn,SWAC,SWAC,3,1,3-1,4,23,25,Alcorn,Texas Southern,TRUE
2019-09-28,Alabama St.,SWAC,Prairie View,SWAC,SWAC,2,3,3-2,5,25,21,Alabama St.,Prairie View,TRUE
2019-09-28,Texas Tech,Big 12,Texas,Big 12,Big 12,0,3,3-0,3,17,25,Texas,Texas,FALSE
2019-09-28,A&M-Corpus Christi,Southland,Abilene Christian,Southland,Southland,1,3,3-1,4,24,26,Abilene Christian,Abilene Christian,FALSE
2019-09-28,Tennessee St.,OVC,Morehead St.,OVC,OVC,0,3,3-0,3,18,25,Morehead St.,Morehead St.,FALSE
2019-09-28,USC Upstate,Big South,UNC Asheville,Big South,Big South,1,3,3-1,4,20,25,UNC Asheville,UNC Asheville,FALSE
2019-09-28,Presbyterian,Big South,Gardner-Webb,Big South,Big South,3,0,3-0,3,25,15,Presbyterian,Presbyterian,FALSE
2019-09-28,Radford,Big South,High Point,Big South,Big South,2,3,3-2,5,33,31,Radford,High Point,TRUE
2019-09-28,Lamar University,Southland,Southeastern La.,Southland,Southland,1,3,3-1,4,18,25,Southeastern La.,Southeastern La.,FALSE
2019-09-28,UIW,Southland,SFA,Southland,Southland,0,3,3-0,3,17,25,SFA,SFA,FALSE
2019-09-28,McNeese,Southland,Nicholls St.,Southland,Southland,2,3,3-2,5,24,26,Nicholls St.,Nicholls St.,FALSE
2019-09-28,Columbia,Ivy League,Cornell,Ivy League,Ivy League,0,3,3-0,3,21,25,Cornell,Cornell,FALSE
2019-09-28,Campbell,Big South,Hampton,Big South,Big South,3,1,3-1,4,25,19,Campbell,Campbell,FALSE
2019-09-28,BYU,WCC,Portland,WCC,WCC,3,0,3-0,3,25,20,BYU,BYU,FALSE
2019-09-28,Southeast Mo. St.,OVC,Tennessee Tech,OVC,OVC,1,3,3-1,4,25,13,Southeast Mo. St.,Tennessee Tech,TRUE
2019-09-28,CSU Bakersfield,WAC,Chicago St.,WAC,WAC,3,1,3-1,4,27,25,CSU Bakersfield,CSU Bakersfield,FALSE
2019-09-28,UTRGV,WAC,Utah Valley,WAC,WAC,2,3,3-2,5,25,21,UTRGV,Utah Valley,TRUE
2019-09-28,Santa Clara,WCC,Pepperdine,WCC,WCC,1,3,3-1,4,20,25,Pepperdine,Pepperdine,FALSE
2019-09-28,Murray St.,OVC,SIUE,OVC,OVC,3,0,3-0,3,25,23,Murray St.,Murray St.,FALSE
2019-09-28,Weber St.,Big Sky,Southern Utah,Big Sky,Big Sky,2,3,3-2,5,17,25,Southern Utah,Southern Utah,FALSE
2019-09-28,Wyoming,Mountain West,New Mexico,Mountain West,Mountain West,3,2,3-2,5,25,17,Wyoming,Wyoming,FALSE
2019-09-28,San Diego,WCC,Gonzaga,WCC,WCC,3,0,3-0,3,25,17,San Diego,San Diego,FALSE
2019-09-28,UT Martin,OVC,Jacksonville St.,OVC,OVC,3,1,3-1,4,25,21,UT Martin,UT Martin,FALSE
2019-09-28,Grambling,SWAC,Alcorn,SWAC,SWAC,3,2,3-2,5,25,18,Grambling,Grambling,FALSE
2019-09-28,Sacramento St.,Big Sky,Idaho,Big Sky,Big Sky,2,3,3-2,5,21,25,Idaho,Idaho,FALSE
2019-09-28,Lehigh,Patriot,Bucknell,Patriot,Patriot,3,1,3-1,4,25,21,Lehigh,Lehigh,FALSE
2019-09-28,Idaho St.,Big Sky,Northern Ariz.,Big Sky,Big Sky,1,3,3-1,4,18,25,Northern Ariz.,Northern Ariz.,FALSE
2019-09-28,Southern U.,SWAC,Jackson St.,SWAC,SWAC,3,1,3-1,4,25,22,Southern U.,Southern U.,FALSE
2019-09-28,Cleveland St.,Horizon,Northern Ky.,Horizon,Horizon,1,3,3-1,4,31,29,Cleveland St.,Northern Ky.,TRUE
2019-09-28,Air Force,Mountain West,Boise St.,Mountain West,Mountain West,1,3,3-1,4,18,25,Boise St.,Boise St.,FALSE
2019-09-28,American,Patriot,Army West Point,Patriot,Patriot,3,1,3-1,4,25,17,American,American,FALSE
2019-09-28,Washington St.,Pac-12,California,Pac-12,Pac-12,2,3,3-2,5,23,25,California,California,FALSE
2019-09-28,San Francisco,WCC,LMU (CA),WCC,WCC,0,3,3-0,3,12,25,LMU (CA),LMU (CA),FALSE
2019-09-28,Siena,MAAC,Rider,MAAC,MAAC,1,3,3-1,4,25,22,Siena,Rider,TRUE
2019-09-28,Navy,Patriot,Holy Cross,Patriot,Patriot,3,0,3-0,3,34,32,Navy,Navy,FALSE
2019-09-28,Youngstown St.,Horizon,Wright St.,Horizon,Horizon,0,3,3-0,3,22,25,Wright St.,Wright St.,FALSE
2019-09-28,New Mexico St.,WAC,Seattle U,WAC,WAC,3,0,3-0,3,25,15,New Mexico St.,New Mexico St.,FALSE
2019-09-28,Oakland,Horizon,IUPUI,Horizon,Horizon,0,3,3-0,3,24,26,IUPUI,IUPUI,FALSE
2019-09-28,Bryant,NEC,St. Francis Brooklyn,NEC,NEC,3,2,3-2,5,25,16,Bryant,Bryant,FALSE
2019-09-28,Fordham,Atlantic 10,Rhode Island,Atlantic 10,Atlantic 10,2,3,3-2,5,25,27,Rhode Island,Rhode Island,FALSE
2019-09-28,Loyola Maryland,Patriot,Colgate,Patriot,Patriot,0,3,3-0,3,17,25,Colgate,Colgate,FALSE
2019-09-28,Sacred Heart,NEC,LIU,NEC,NEC,2,3,3-2,5,25,22,Sacred Heart,LIU,TRUE
2019-09-28,Brown,Ivy League,Yale,Ivy League,Ivy League,0,3,3-0,3,18,25,Yale,Yale,FALSE
2019-09-28,Colorado St.,Mountain West,UNLV,Mountain West,Mountain West,3,1,3-1,4,24,26,UNLV,Colorado St.,TRUE
2019-09-28,Fairleigh Dickinson,NEC,Central Conn. St.,NEC,NEC,0,3,3-0,3,20,25,Central Conn. St.,Central Conn. St.,FALSE
2019-09-28,Bowling Green,MAC,Kent St.,MAC,MAC,3,0,3-0,3,25,21,Bowling Green,Bowling Green,FALSE
2019-09-28,Dartmouth,Ivy League,Harvard,Ivy League,Ivy League,3,2,3-2,5,21,25,Harvard,Dartmouth,TRUE
2019-09-28,Samford,SoCon,The Citadel,SoCon,SoCon,3,1,3-1,4,25,19,Samford,Samford,FALSE
2019-09-28,ETSU,SoCon,UNC Greensboro,SoCon,SoCon,3,0,3-0,3,25,22,ETSU,ETSU,FALSE
2019-09-28,George Mason,Atlantic 10,George Washington,Atlantic 10,Atlantic 10,2,3,3-2,5,25,22,George Mason,George Washington,TRUE
2019-09-28,Fresno St.,Mountain West,San Jose St.,Mountain West,Mountain West,3,0,3-0,3,25,19,Fresno St.,Fresno St.,FALSE
2019-09-28,Milwaukee,Horizon,UIC,Horizon,Horizon,3,0,3-0,3,25,15,Milwaukee,Milwaukee,FALSE
2019-09-28,Miami (OH),MAC,Ohio,MAC,MAC,1,3,3-1,4,22,25,Ohio,Ohio,FALSE
2019-09-28,UNCW,CAA,Delaware,CAA,CAA,2,3,3-2,5,23,25,Delaware,Delaware,FALSE
2019-09-28,Quinnipiac,MAAC,Fairfield,MAAC,MAAC,0,3,3-0,3,17,25,Fairfield,Fairfield,FALSE
2019-09-28,St. John's (NY),Big East,Marquette,Big East,Big East,1,3,3-1,4,25,22,St. John's (NY),Marquette,TRUE
2019-09-28,Indiana St.,MVC,UNI,MVC,MVC,1,3,3-1,4,17,25,UNI,UNI,FALSE
2019-09-28,Southern Ill.,MVC,Illinois St.,MVC,MVC,0,3,3-0,3,17,25,Illinois St.,Illinois St.,FALSE
2019-09-28,Mercer,SoCon,Wofford,SoCon,SoCon,1,3,3-1,4,25,17,Mercer,Wofford,TRUE
2019-09-28,Evansville,MVC,Drake,MVC,MVC,3,1,3-1,4,17,25,Drake,Evansville,TRUE
2019-09-28,Toledo,MAC,Buffalo,MAC,MAC,2,3,3-2,5,25,16,Toledo,Buffalo,TRUE
2019-09-28,Missouri St.,MVC,Bradley,MVC,MVC,1,3,3-1,4,25,27,Bradley,Bradley,FALSE
2019-09-28,Alabama A&M,SWAC,Prairie View,SWAC,SWAC,2,3,3-2,5,20,25,Prairie View,Prairie View,FALSE
2019-09-28,Southern U.,SWAC,Alabama St.,SWAC,SWAC,3,2,3-2,5,25,12,Southern U.,Southern U.,FALSE
2019-09-28,Baylor,Big 12,Kansas,Big 12,Big 12,3,0,3-0,3,25,15,Baylor,Baylor,FALSE
2019-09-28,Ball St.,MAC,Akron,MAC,MAC,2,3,3-2,5,25,21,Ball St.,Akron,TRUE
2019-09-28,Western Caro.,SoCon,Furman,SoCon,SoCon,3,2,3-2,5,19,25,Furman,Western Caro.,TRUE
2019-09-28,Seton Hall,Big East,DePaul,Big East,Big East,1,3,3-1,4,25,16,Seton Hall,DePaul,TRUE
2019-09-28,Eastern Mich.,MAC,Northern Ill.,MAC,MAC,1,3,3-1,4,17,25,Northern Ill.,Northern Ill.,FALSE
2019-09-28,Rutgers,Big Ten,Penn St.,Big Ten,Big Ten,0,3,3-0,3,15,25,Penn St.,Penn St.,FALSE
2019-09-28,Little Rock,Sun Belt,South Alabama,Sun Belt,Sun Belt,1,3,3-1,4,21,25,South Alabama,South Alabama,FALSE
2019-09-28,Louisiana,Sun Belt,UT Arlington,Sun Belt,Sun Belt,3,1,3-1,4,25,19,Louisiana,Louisiana,FALSE
2019-09-28,UC Santa Barbara,Big West,Cal St. Fullerton,Big West,Big West,3,0,3-0,3,25,15,UC Santa Barbara,UC Santa Barbara,FALSE
2019-09-28,Iowa,Big Ten,Illinois,Big Ten,Big Ten,0,3,3-0,3,21,25,Illinois,Illinois,FALSE
2019-09-28,Maryland,Big Ten,Michigan St.,Big Ten,Big Ten,0,3,3-0,3,17,25,Michigan St.,Michigan St.,FALSE
2019-09-28,Jackson St.,SWAC,Ark.-Pine Bluff,SWAC,SWAC,3,2,3-2,5,25,15,Jackson St.,Jackson St.,FALSE
2019-09-28,Texas Southern,SWAC,Mississippi Val.,SWAC,SWAC,3,1,3-1,4,25,15,Texas Southern,Texas Southern,FALSE
2019-09-28,Nebraska,Big Ten,Northwestern,Big Ten,Big Ten,3,0,3-0,3,25,21,Nebraska,Nebraska,FALSE
2019-09-28,Purdue,Big Ten,Minnesota,Big Ten,Big Ten,0,3,3-0,3,19,25,Minnesota,Minnesota,FALSE
2019-09-28,Montana St.,Big Sky,Northern Colo.,Big Sky,Big Sky,0,3,3-0,3,22,25,Northern Colo.,Northern Colo.,FALSE
2019-09-28,Cal Poly,Big West,UC Irvine,Big West,Big West,3,0,3-0,3,25,18,Cal Poly,Cal Poly,FALSE
2019-09-28,Hawaii,Big West,CSUN,Big West,Big West,3,1,3-1,4,25,17,Hawaii,Hawaii,FALSE
2019-09-28,Arizona,Pac-12,Southern California,Pac-12,Pac-12,1,3,3-1,4,21,25,Southern California,Southern California,FALSE
2019-09-29,Auburn,SEC,South Carolina,SEC,SEC,0,3,3-0,3,19,25,South Carolina,South Carolina,FALSE
2019-09-29,UC Riverside,Big West,UC Davis,Big West,Big West,0,3,3-0,3,14,25,UC Davis,UC Davis,FALSE
2019-09-29,Utah,Pac-12,Oregon,Pac-12,Pac-12,2,3,3-2,5,20,25,Oregon,Oregon,FALSE
2019-09-29,Texas Southern,SWAC,Alabama A&M,SWAC,SWAC,0,3,3-0,3,22,25,Alabama A&M,Alabama A&M,FALSE
2019-09-29,Alabama St.,SWAC,Grambling,SWAC,SWAC,3,0,3-0,3,25,18,Alabama St.,Alabama St.,FALSE
2019-09-29,Northeastern,CAA,Elon,CAA,CAA,2,3,3-2,5,25,23,Northeastern,Elon,TRUE
2019-09-29,UConn,AAC,South Fla.,AAC,AAC,3,0,3-0,3,25,17,UConn,UConn,FALSE
2019-09-29,Boston College,ACC,Georgia Tech,ACC,ACC,3,2,3-2,5,31,29,Boston College,Boston College,FALSE
2019-09-29,Georgia St.,Sun Belt,Coastal Carolina,Sun Belt,Sun Belt,1,3,3-1,4,19,25,Coastal Carolina,Coastal Carolina,FALSE
2019-09-29,Ga. Southern,Sun Belt,Appalachian St.,Sun Belt,Sun Belt,1,3,3-1,4,21,25,Appalachian St.,Appalachian St.,FALSE
2019-09-29,Southern Miss.,C-USA,Western Ky.,C-USA,C-USA,0,3,3-0,3,23,25,Western Ky.,Western Ky.,FALSE
2019-09-29,Georgia,SEC,Florida,SEC,SEC,1,3,3-1,4,25,22,Georgia,Florida,TRUE
2019-09-29,North Carolina,ACC,Louisville,ACC,ACC,1,3,3-1,4,25,23,North Carolina,Louisville,TRUE
2019-09-29,Duquesne,Atlantic 10,VCU,Atlantic 10,Atlantic 10,0,3,3-0,3,13,25,VCU,VCU,FALSE
2019-09-29,Norfolk St.,MEAC,Bethune-Cookman,MEAC,MEAC,0,3,3-0,3,20,25,Bethune-Cookman,Bethune-Cookman,FALSE
2019-09-29,North Florida,ASUN,Liberty,ASUN,ASUN,0,3,3-0,3,17,25,Liberty,Liberty,FALSE
2019-09-29,East Carolina,AAC,Tulsa,AAC,AAC,1,3,3-1,4,26,28,Tulsa,Tulsa,FALSE
2019-09-29,Niagara,MAAC,Iona,MAAC,MAAC,3,2,3-2,5,25,18,Niagara,Niagara,FALSE
2019-09-29,Marist,MAAC,Rider,MAAC,MAAC,3,2,3-2,5,20,25,Rider,Marist,TRUE
2019-09-29,Howard,MEAC,Florida A&M,MEAC,MEAC,3,1,3-1,4,22,25,Florida A&M,Howard,TRUE
2019-09-29,Florida St.,ACC,Wake Forest,ACC,ACC,3,0,3-0,3,25,19,Florida St.,Florida St.,FALSE
2019-09-29,UTEP,C-USA,UTSA,C-USA,C-USA,1,3,3-1,4,25,18,UTEP,UTSA,TRUE
2019-09-29,Temple,AAC,UCF,AAC,AAC,0,3,3-0,3,14,25,UCF,UCF,FALSE
2019-09-29,Stetson,ASUN,Kennesaw St.,ASUN,ASUN,0,3,3-0,3,24,26,Kennesaw St.,Kennesaw St.,FALSE
2019-09-29,Towson,CAA,James Madison,CAA,CAA,3,1,3-1,4,25,19,Towson,Towson,FALSE
2019-09-29,Miami (FL),ACC,Duke,ACC,ACC,3,1,3-1,4,25,21,Miami (FL),Miami (FL),FALSE
2019-09-29,Delaware St.,MEAC,Morgan St.,MEAC,MEAC,3,2,3-2,5,20,25,Morgan St.,Delaware St.,TRUE
2019-09-29,Canisius,MAAC,Manhattan,MAAC,MAAC,3,0,3-0,3,25,20,Canisius,Canisius,FALSE
2019-09-29,Siena,MAAC,Saint Peter's,MAAC,MAAC,3,1,3-1,4,25,23,Siena,Siena,FALSE
2019-09-29,La.-Monroe,Sun Belt,Texas St.,Sun Belt,Sun Belt,0,3,3-0,3,13,25,Texas St.,Texas St.,FALSE
2019-09-29,Villanova,Big East,Providence,Big East,Big East,3,1,3-1,4,25,23,Villanova,Villanova,FALSE
2019-09-29,Hofstra,CAA,William & Mary,CAA,CAA,3,0,3-0,3,25,13,Hofstra,Hofstra,FALSE
2019-09-29,FIU,C-USA,Marshall,C-USA,C-USA,1,3,3-1,4,27,25,FIU,Marshall,TRUE
2019-09-29,South Carolina St.,MEAC,N.C. Central,MEAC,MEAC,0,3,3-0,3,18,25,N.C. Central,N.C. Central,FALSE
2019-09-29,La Salle,Atlantic 10,Davidson,Atlantic 10,Atlantic 10,3,0,3-0,3,25,23,La Salle,La Salle,FALSE
2019-09-29,Syracuse,ACC,Clemson,ACC,ACC,3,2,3-2,5,25,20,Syracuse,Syracuse,FALSE
2019-09-29,NC State,ACC,Notre Dame,ACC,ACC,0,3,3-0,3,22,25,Notre Dame,Notre Dame,FALSE
2019-09-29,Ohio St.,Big Ten,Michigan,Big Ten,Big Ten,0,3,3-0,3,14,25,Michigan,Michigan,FALSE
2019-09-29,Mississippi Val.,SWAC,Southern U.,SWAC,SWAC,3,1,3-1,4,25,10,Mississippi Val.,Mississippi Val.,FALSE
2019-09-29,Ark.-Pine Bluff,SWAC,Alcorn,SWAC,SWAC,1,3,3-1,4,25,23,Ark.-Pine Bluff,Alcorn,TRUE
2019-09-29,Indiana,Big Ten,Wisconsin,Big Ten,Big Ten,1,3,3-1,4,20,25,Wisconsin,Wisconsin,FALSE
2019-09-29,SMU,AAC,Tulane,AAC,AAC,2,3,3-2,5,25,19,SMU,Tulane,TRUE
2019-09-29,Western Ill.,Summit League,South Dakota St.,Summit League,Summit League,3,2,3-2,5,19,25,South Dakota St.,Western Ill.,TRUE
2019-09-29,Memphis,AAC,Houston,AAC,AAC,2,3,3-2,5,25,15,Memphis,Houston,TRUE
2019-09-29,Charlotte,C-USA,Middle Tenn.,C-USA,C-USA,3,1,3-1,4,25,21,Charlotte,Charlotte,FALSE
2019-09-29,Rice,C-USA,North Texas,C-USA,C-USA,3,0,3-0,3,28,26,Rice,Rice,FALSE
2019-09-29,North Dakota St.,Summit League,Omaha,Summit League,Summit League,1,3,3-1,4,25,23,North Dakota St.,Omaha,TRUE
2019-09-29,Cincinnati,AAC,Wichita St.,AAC,AAC,3,0,3-0,3,25,17,Cincinnati,Cincinnati,FALSE
2019-09-29,Georgetown,Big East,Creighton,Big East,Big East,1,3,3-1,4,14,25,Creighton,Creighton,FALSE
2019-09-29,Lipscomb,ASUN,FGCU,ASUN,ASUN,0,3,3-0,3,15,25,FGCU,FGCU,FALSE
2019-09-29,LSU,SEC,Mississippi St.,SEC,SEC,3,0,3-0,3,25,20,LSU,LSU,FALSE
2019-09-29,North Dakota,Summit League,South Dakota,Summit League,Summit League,0,3,3-0,3,23,25,South Dakota,South Dakota,FALSE
2019-09-29,UAB,C-USA,Louisiana Tech,C-USA,C-USA,1,3,3-1,4,22,25,Louisiana Tech,Louisiana Tech,FALSE
2019-09-29,Kentucky,SEC,Missouri,SEC,SEC,3,0,3-0,3,29,27,Kentucky,Kentucky,FALSE
2019-09-29,Arkansas,SEC,Alabama,SEC,SEC,2,3,3-2,5,25,20,Arkansas,Alabama,TRUE
2019-09-29,Arizona St.,Pac-12,UCLA,Pac-12,Pac-12,0,3,3-0,3,13,25,UCLA,UCLA,FALSE
2019-09-29,UMES,MEAC,Coppin St.,MEAC,MEAC,1,3,3-1,4,15,25,Coppin St.,Coppin St.,FALSE
2019-09-29,Milwaukee,Horizon,Green Bay,Horizon,Horizon,3,0,3-0,3,25,13,Milwaukee,Milwaukee,FALSE
2019-09-29,Texas A&M,SEC,Tennessee,SEC,SEC,2,3,3-2,5,24,26,Tennessee,Tennessee,FALSE
2019-09-29,Denver,Summit League,Oral Roberts,Summit League,Summit League,3,0,3-0,3,25,14,Denver,Denver,FALSE
2019-09-29,Jackson St.,SWAC,Prairie View,SWAC,SWAC,3,0,3-0,3,25,20,Jackson St.,Jackson St.,FALSE
2019-09-29,Virginia Tech,ACC,Pittsburgh,ACC,ACC,0,3,3-0,3,14,25,Pittsburgh,Pittsburgh,FALSE
2019-09-29,Lafayette,Patriot,Bucknell,Patriot,Patriot,1,3,3-1,4,17,25,Bucknell,Bucknell,FALSE
2019-09-29,Washington,Pac-12,Stanford,Pac-12,Pac-12,3,1,3-1,4,25,17,Washington,Washington,FALSE
2019-09-30,Illinois St.,MVC,Evansville,MVC,MVC,2,3,3-2,5,25,13,Illinois St.,Evansville,TRUE
2019-09-30,Bradley,MVC,Indiana St.,MVC,MVC,3,1,3-1,4,25,15,Bradley,Bradley,FALSE
2019-09-30,Col. of Charleston,CAA,Delaware,CAA,CAA,0,3,3-0,3,29,31,Delaware,Delaware,FALSE
2019-09-30,Drake,MVC,Loyola Chicago,MVC,MVC,1,3,3-1,4,25,27,Loyola Chicago,Loyola Chicago,FALSE
2019-09-30,UNI,MVC,Valparaiso,MVC,MVC,3,0,3-0,3,25,21,UNI,UNI,FALSE
2019-09-30,Stony Brook,America East,Columbia,Ivy League,Non-Conference,3,1,3-1,4,25,17,Stony Brook,Stony Brook,FALSE
2019-09-30,Grand Canyon,WAC,Kansas City,WAC,WAC,3,1,3-1,4,25,21,Grand Canyon,Grand Canyon,FALSE
2019-10-01,N.C. Central,MEAC,N.C. A&T,MEAC,MEAC,2,3,3-2,5,29,27,N.C. Central,N.C. A&T,TRUE
2019-10-01,Jacksonville,ASUN,Bethune-Cookman,MEAC,Non-Conference,3,0,3-0,3,25,16,Jacksonville,Jacksonville,FALSE
2019-10-01,Coppin St.,MEAC,UMBC,America East,Non-Conference,3,2,3-2,5,20,25,UMBC,Coppin St.,TRUE
2019-10-01,Louisiana Tech,C-USA,La.-Monroe,Sun Belt,Non-Conference,3,0,3-0,3,26,24,Louisiana Tech,Louisiana Tech,FALSE
2019-10-01,Belmont,OVC,Tennessee St.,OVC,OVC,2,3,3-2,5,15,25,Tennessee St.,Tennessee St.,FALSE
2019-10-01,Fairleigh Dickinson,NEC,Manhattan,MAAC,Non-Conference,3,0,3-0,3,25,21,Fairleigh Dickinson,Fairleigh Dickinson,FALSE
2019-10-01,Marist,MAAC,Army West Point,Patriot,Non-Conference,0,3,3-0,3,18,25,Army West Point,Army West Point,FALSE
2019-10-01,Southeastern La.,Southland,Nicholls St.,Southland,Southland,3,2,3-2,5,25,19,Southeastern La.,Southeastern La.,FALSE
2019-10-01,Omaha,Summit League,Oral Roberts,Summit League,Summit League,2,3,3-2,5,25,21,Omaha,Oral Roberts,TRUE
2019-10-01,Colorado St.,Mountain West,Wyoming,Mountain West,Mountain West,3,2,3-2,5,20,25,Wyoming,Colorado St.,TRUE
2019-10-01,Weber St.,Big Sky,Idaho St.,Big Sky,Big Sky,3,2,3-2,5,16,25,Idaho St.,Weber St.,TRUE
2019-10-01,LMU (CA),WCC,BYU,WCC,WCC,2,3,3-2,5,22,25,BYU,BYU,FALSE
2019-10-01,Pacific,WCC,San Francisco,WCC,WCC,3,2,3-2,5,21,25,San Francisco,Pacific,TRUE
2019-10-01,Pepperdine,WCC,San Diego,WCC,WCC,2,3,3-2,5,25,21,Pepperdine,San Diego,TRUE
2019-10-01,Saint Mary's (CA),WCC,Santa Clara,WCC,WCC,0,3,3-0,3,24,26,Santa Clara,Santa Clara,FALSE
2019-10-02,Samford,SoCon,Mercer,SoCon,SoCon,3,0,3-0,3,25,19,Samford,Samford,FALSE
2019-10-02,Marquette,Big East,Xavier,Big East,Big East,3,1,3-1,4,25,15,Marquette,Marquette,FALSE
2019-10-02,The Citadel,SoCon,UNC Greensboro,SoCon,SoCon,0,3,3-0,3,13,25,UNC Greensboro,UNC Greensboro,FALSE
2019-10-02,DePaul,Big East,Butler,Big East,Big East,2,3,3-2,5,25,17,DePaul,Butler,TRUE
2019-10-02,Nebraska,Big Ten,Rutgers,Big Ten,Big Ten,3,0,3-0,3,25,16,Nebraska,Nebraska,FALSE
2019-10-02,Alabama St.,SWAC,Southern Miss.,C-USA,Non-Conference,2,3,3-2,5,25,16,Alabama St.,Southern Miss.,TRUE
2019-10-02,North Carolina,ACC,NC State,ACC,ACC,3,2,3-2,5,23,25,NC State,North Carolina,TRUE
2019-10-02,Missouri,SEC,LSU,SEC,SEC,3,1,3-1,4,25,10,Missouri,Missouri,FALSE
2019-10-02,Eastern Ill.,OVC,SIUE,OVC,OVC,0,3,3-0,3,7,25,SIUE,SIUE,FALSE
2019-10-02,Minnesota,Big Ten,Iowa,Big Ten,Big Ten,3,1,3-1,4,18,25,Iowa,Minnesota,TRUE
2019-10-02,Kansas,Big 12,Iowa St.,Big 12,Big 12,0,3,3-0,3,23,25,Iowa St.,Iowa St.,FALSE
2019-10-02,Oklahoma,Big 12,Baylor,Big 12,Big 12,0,3,3-0,3,16,25,Baylor,Baylor,FALSE
2019-10-02,Texas Tech,Big 12,Kansas St.,Big 12,Big 12,3,0,3-0,3,33,31,Texas Tech,Texas Tech,FALSE
2019-10-02,Alabama,SEC,Auburn,SEC,SEC,3,1,3-1,4,25,23,Alabama,Alabama,FALSE
2019-10-02,Penn St.,Big Ten,Wisconsin,Big Ten,Big Ten,1,3,3-1,4,25,23,Penn St.,Wisconsin,TRUE
2019-10-02,Texas,Big 12,TCU,Big 12,Big 12,3,0,3-0,3,25,19,Texas,Texas,FALSE
2019-10-03,Eastern Wash.,Big Sky,Montana,Big Sky,Big Sky,0,3,3-0,3,22,25,Montana,Montana,FALSE
2019-10-03,Ohio,MAC,Kent St.,MAC,MAC,3,0,3-0,3,25,21,Ohio,Ohio,FALSE
2019-10-03,Central Mich.,MAC,Eastern Mich.,MAC,MAC,3,1,3-1,4,18,25,Eastern Mich.,Central Mich.,TRUE
2019-10-03,Holy Cross,Patriot,Colgate,Patriot,Patriot,0,3,3-0,3,13,25,Colgate,Colgate,FALSE
2019-10-03,Central Ark.,Southland,UIW,Southland,Southland,3,2,3-2,5,22,25,UIW,Central Ark.,TRUE
2019-10-03,Northwestern St.,Southland,A&M-Corpus Christi,Southland,Southland,3,1,3-1,4,25,18,Northwestern St.,Northwestern St.,FALSE
2019-10-03,Nicholls St.,Southland,Houston Baptist,Southland,Southland,3,1,3-1,4,25,20,Nicholls St.,Nicholls St.,FALSE
2019-10-03,Abilene Christian,Southland,McNeese,Southland,Southland,0,3,3-0,3,23,25,McNeese,McNeese,FALSE
2019-10-03,New Orleans,Southland,Sam Houston St.,Southland,Southland,0,3,3-0,3,23,25,Sam Houston St.,Sam Houston St.,FALSE
2019-10-03,UTRGV,WAC,New Mexico St.,WAC,WAC,0,3,3-0,3,26,28,New Mexico St.,New Mexico St.,FALSE
2019-10-03,SFA,Southland,Lamar University,Southland,Southland,3,0,3-0,3,25,15,SFA,SFA,FALSE
2019-10-03,Wyoming,Mountain West,Air Force,Mountain West,Mountain West,3,2,3-2,5,25,17,Wyoming,Wyoming,FALSE
2019-10-03,Seattle U,WAC,Grand Canyon,WAC,WAC,0,3,3-0,3,22,25,Grand Canyon,Grand Canyon,FALSE
2019-10-03,Nevada,Mountain West,Boise St.,Mountain West,Mountain West,3,1,3-1,4,25,18,Nevada,Nevada,FALSE
2019-10-03,San Jose St.,Mountain West,Utah St.,Mountain West,Mountain West,2,3,3-2,5,25,23,San Jose St.,Utah St.,TRUE
2019-10-03,New Mexico,Mountain West,Fresno St.,Mountain West,Mountain West,0,3,3-0,3,14,25,Fresno St.,Fresno St.,FALSE
2019-10-03,Idaho,Big Sky,Montana St.,Big Sky,Big Sky,1,3,3-1,4,23,25,Montana St.,Montana St.,FALSE
2019-10-03,BYU,WCC,Pacific,WCC,WCC,3,0,3-0,3,25,19,BYU,BYU,FALSE
2019-10-03,UNLV,Mountain West,San Diego St.,Mountain West,Mountain West,3,1,3-1,4,25,21,UNLV,UNLV,FALSE
2019-10-03,Utah Valley,WAC,CSU Bakersfield,WAC,WAC,3,0,3-0,3,25,17,Utah Valley,Utah Valley,FALSE
2019-10-03,Portland,WCC,Pepperdine,WCC,WCC,1,3,3-1,4,23,25,Pepperdine,Pepperdine,FALSE
2019-10-03,Gonzaga,WCC,LMU (CA),WCC,WCC,0,3,3-0,3,18,25,LMU (CA),LMU (CA),FALSE
2019-10-03,Northern Ariz.,Big Sky,Portland St.,Big Sky,Big Sky,2,3,3-2,5,18,25,Portland St.,Portland St.,FALSE
2019-10-03,Southern Utah,Big Sky,Sacramento St.,Big Sky,Big Sky,3,2,3-2,5,25,23,Southern Utah,Southern Utah,FALSE
2019-10-03,San Diego,WCC,Saint Mary's (CA),WCC,WCC,3,0,3-0,3,25,20,San Diego,San Diego,FALSE
2019-10-04,Northeastern,CAA,Towson,CAA,CAA,0,3,3-0,3,21,25,Towson,Towson,FALSE
2019-10-04,South Carolina,SEC,Kentucky,SEC,SEC,0,3,3-0,3,14,25,Kentucky,Kentucky,FALSE
2019-10-04,UCF,AAC,Cincinnati,AAC,AAC,0,3,3-0,3,19,25,Cincinnati,Cincinnati,FALSE
2019-10-04,UConn,AAC,Temple,AAC,AAC,3,1,3-1,4,21,25,Temple,UConn,TRUE
2019-10-04,Hampton,Big South,High Point,Big South,Big South,1,3,3-1,4,19,25,High Point,High Point,FALSE
2019-10-04,Fairleigh Dickinson,NEC,St. Francis Brooklyn,NEC,NEC,0,3,3-0,3,17,25,St. Francis Brooklyn,St. Francis Brooklyn,FALSE
2019-10-04,Western Ill.,Summit League,North Dakota,Summit League,Summit League,1,3,3-1,4,21,25,North Dakota,North Dakota,FALSE
2019-10-04,Butler,Big East,Georgetown,Big East,Big East,3,2,3-2,5,25,15,Butler,Butler,FALSE
2019-10-04,Akron,MAC,Bowling Green,MAC,MAC,3,1,3-1,4,25,23,Akron,Akron,FALSE
2019-10-04,Winthrop,Big South,UNC Asheville,Big South,Big South,3,0,3-0,3,25,16,Winthrop,Winthrop,FALSE
2019-10-04,Xavier,Big East,Villanova,Big East,Big East,0,3,3-0,3,22,25,Villanova,Villanova,FALSE
2019-10-04,Bethune-Cookman,MEAC,South Carolina St.,MEAC,MEAC,3,1,3-1,4,21,25,South Carolina St.,Bethune-Cookman,TRUE
2019-10-04,Western Caro.,SoCon,Mercer,SoCon,SoCon,3,2,3-2,5,25,23,Western Caro.,Western Caro.,FALSE
2019-10-04,Wofford,SoCon,Furman,SoCon,SoCon,3,0,3-0,3,25,22,Wofford,Wofford,FALSE
2019-10-04,Robert Morris,NEC,Bryant,NEC,NEC,3,0,3-0,3,25,16,Robert Morris,Robert Morris,FALSE
2019-10-04,Howard,MEAC,Delaware St.,MEAC,MEAC,3,0,3-0,3,27,25,Howard,Howard,FALSE
2019-10-04,Pittsburgh,ACC,Miami (FL),ACC,ACC,3,0,3-0,3,26,24,Pittsburgh,Pittsburgh,FALSE
2019-10-04,Gardner-Webb,Big South,USC Upstate,Big South,Big South,0,3,3-0,3,24,26,USC Upstate,USC Upstate,FALSE
2019-10-04,UIC,Horizon,Youngstown St.,Horizon,Horizon,3,0,3-0,3,25,19,UIC,UIC,FALSE
2019-10-04,Loyola Chicago,MVC,Indiana St.,MVC,MVC,3,0,3-0,3,25,21,Loyola Chicago,Loyola Chicago,FALSE
2019-10-04,Campbell,Big South,Radford,Big South,Big South,3,1,3-1,4,27,29,Radford,Campbell,TRUE
2019-10-04,Norfolk St.,MEAC,UMES,MEAC,MEAC,0,3,3-0,3,21,25,UMES,UMES,FALSE
2019-10-04,Charleston So.,Big South,Presbyterian,Big South,Big South,0,3,3-0,3,23,25,Presbyterian,Presbyterian,FALSE
2019-10-04,ETSU,SoCon,Chattanooga,SoCon,SoCon,3,0,3-0,3,25,21,ETSU,ETSU,FALSE
2019-10-04,Green Bay,Horizon,Oakland,Horizon,Horizon,3,2,3-2,5,25,12,Green Bay,Green Bay,FALSE
2019-10-04,Michigan,Big Ten,Maryland,Big Ten,Big Ten,3,0,3-0,3,25,17,Michigan,Michigan,FALSE
2019-10-04,Siena,MAAC,Marist,MAAC,MAAC,0,3,3-0,3,23,25,Marist,Marist,FALSE
2019-10-04,VCU,Atlantic 10,Davidson,Atlantic 10,Atlantic 10,3,0,3-0,3,25,16,VCU,VCU,FALSE
2019-10-04,Saint Francis (PA),NEC,Sacred Heart,NEC,NEC,0,3,3-0,3,27,29,Sacred Heart,Sacred Heart,FALSE
2019-10-04,Northern Ky.,Horizon,Wright St.,Horizon,Horizon,2,3,3-2,5,25,21,Northern Ky.,Wright St.,TRUE
2019-10-04,Marshall,C-USA,Charlotte,C-USA,C-USA,3,1,3-1,4,25,19,Marshall,Marshall,FALSE
2019-10-04,Milwaukee,Horizon,Cleveland St.,Horizon,Horizon,3,2,3-2,5,20,25,Cleveland St.,Milwaukee,TRUE
2019-10-04,South Alabama,Sun Belt,Georgia St.,Sun Belt,Sun Belt,2,3,3-2,5,25,20,South Alabama,Georgia St.,TRUE
2019-10-04,Virginia,ACC,Florida St.,ACC,ACC,1,3,3-1,4,19,25,Florida St.,Florida St.,FALSE
2019-10-04,Troy,Sun Belt,Ga. Southern,Sun Belt,Sun Belt,1,3,3-1,4,25,20,Troy,Ga. Southern,TRUE
2019-10-04,Elon,CAA,Col. of Charleston,CAA,CAA,3,2,3-2,5,23,25,Col. of Charleston,Elon,TRUE
2019-10-04,N.C. A&T,MEAC,Coppin St.,MEAC,MEAC,3,2,3-2,5,25,22,N.C. A&T,N.C. A&T,FALSE
2019-10-04,Hartford,America East,Binghamton,America East,America East,3,1,3-1,4,25,22,Hartford,Hartford,FALSE
2019-10-04,Buffalo,MAC,Miami (OH),MAC,MAC,0,3,3-0,3,16,25,Miami (OH),Miami (OH),FALSE
2019-10-04,Delaware,CAA,James Madison,CAA,CAA,3,1,3-1,4,25,17,Delaware,Delaware,FALSE
2019-10-04,New Hampshire,America East,Albany (NY),America East,America East,0,3,3-0,3,16,25,Albany (NY),Albany (NY),FALSE
2019-10-04,George Mason,Atlantic 10,La Salle,Atlantic 10,Atlantic 10,0,3,3-0,3,16,25,La Salle,La Salle,FALSE
2019-10-04,UTSA,C-USA,Rice,C-USA,C-USA,0,3,3-0,3,19,25,Rice,Rice,FALSE
2019-10-04,Valparaiso,MVC,Evansville,MVC,MVC,2,3,3-2,5,23,25,Evansville,Evansville,FALSE
2019-10-04,North Texas,C-USA,Southern Miss.,C-USA,C-USA,3,1,3-1,4,20,25,Southern Miss.,North Texas,TRUE
2019-10-04,NJIT,ASUN,Jacksonville,ASUN,ASUN,1,3,3-1,4,15,25,Jacksonville,Jacksonville,FALSE
2019-10-04,Cornell,Ivy League,Penn,Ivy League,Ivy League,3,2,3-2,5,15,25,Penn,Cornell,TRUE
2019-10-04,Georgia Tech,ACC,Louisville,ACC,ACC,0,3,3-0,3,20,25,Louisville,Louisville,FALSE
2019-10-04,Columbia,Ivy League,Princeton,Ivy League,Ivy League,1,3,3-1,4,19,25,Princeton,Princeton,FALSE
2019-10-04,Northern Ill.,MAC,Ball St.,MAC,MAC,0,3,3-0,3,19,25,Ball St.,Ball St.,FALSE
2019-10-04,FGCU,ASUN,North Florida,ASUN,ASUN,3,0,3-0,3,25,11,FGCU,FGCU,FALSE
2019-10-04,UT Martin,OVC,Murray St.,OVC,OVC,0,3,3-0,3,19,25,Murray St.,Murray St.,FALSE
2019-10-04,Southeast Mo. St.,OVC,Austin Peay,OVC,OVC,3,2,3-2,5,25,21,Southeast Mo. St.,Southeast Mo. St.,FALSE
2019-10-04,Drake,MVC,Southern Ill.,MVC,MVC,1,3,3-1,4,19,25,Southern Ill.,Southern Ill.,FALSE
2019-10-04,Bucknell,Patriot,Loyola Maryland,Patriot,Patriot,2,3,3-2,5,22,25,Loyola Maryland,Loyola Maryland,FALSE
2019-10-04,Illinois,Big Ten,Indiana,Big Ten,Big Ten,3,0,3-0,3,25,20,Illinois,Illinois,FALSE
2019-10-04,UT Arlington,Sun Belt,Little Rock,Sun Belt,Sun Belt,3,0,3-0,3,25,23,UT Arlington,UT Arlington,FALSE
2019-10-04,William & Mary,CAA,UNCW,CAA,CAA,3,2,3-2,5,25,15,William & Mary,William & Mary,FALSE
2019-10-04,Dartmouth,Ivy League,Brown,Ivy League,Ivy League,1,3,3-1,4,25,13,Dartmouth,Brown,TRUE
2019-10-04,South Fla.,AAC,East Carolina,AAC,AAC,0,3,3-0,3,14,25,East Carolina,East Carolina,FALSE
2019-10-04,Tennessee,SEC,Georgia,SEC,SEC,1,3,3-1,4,16,25,Georgia,Georgia,FALSE
2019-10-04,Rhode Island,Atlantic 10,Dayton,Atlantic 10,Atlantic 10,1,3,3-1,4,25,22,Rhode Island,Dayton,TRUE
2019-10-04,Illinois St.,MVC,Bradley,MVC,MVC,2,3,3-2,5,25,18,Illinois St.,Bradley,TRUE
2019-10-04,Michigan St.,Big Ten,Ohio St.,Big Ten,Big Ten,3,0,3-0,3,25,12,Michigan St.,Michigan St.,FALSE
2019-10-04,Harvard,Ivy League,Yale,Ivy League,Ivy League,0,3,3-0,3,22,25,Yale,Yale,FALSE
2019-10-04,N.C. Central,MEAC,Morgan St.,MEAC,MEAC,1,3,3-1,4,18,25,Morgan St.,Morgan St.,FALSE
2019-10-04,UNI,MVC,Missouri St.,MVC,MVC,3,0,3-0,3,25,23,UNI,UNI,FALSE
2019-10-04,George Washington,Atlantic 10,Duquesne,Atlantic 10,Atlantic 10,3,0,3-0,3,25,22,George Washington,George Washington,FALSE
2019-10-04,Creighton,Big East,St. John's (NY),Big East,Big East,3,0,3-0,3,26,24,Creighton,Creighton,FALSE
2019-10-04,Wake Forest,ACC,Syracuse,ACC,ACC,3,1,3-1,4,25,19,Wake Forest,Wake Forest,FALSE
2019-10-04,Northwestern,Big Ten,Purdue,Big Ten,Big Ten,0,3,3-0,3,18,25,Purdue,Purdue,FALSE
2019-10-04,Coastal Carolina,Sun Belt,La.-Monroe,Sun Belt,Sun Belt,3,0,3-0,3,25,18,Coastal Carolina,Coastal Carolina,FALSE
2019-10-04,Ole Miss,SEC,Mississippi St.,SEC,SEC,3,2,3-2,5,25,9,Ole Miss,Ole Miss,FALSE
2019-10-04,Middle Tenn.,C-USA,Western Ky.,C-USA,C-USA,1,3,3-1,4,15,25,Western Ky.,Western Ky.,FALSE
2019-10-04,Providence,Big East,Seton Hall,Big East,Big East,2,3,3-2,5,25,21,Providence,Seton Hall,TRUE
2019-10-04,Lehigh,Patriot,American,Patriot,Patriot,0,3,3-0,3,19,25,American,American,FALSE
2019-10-04,Virginia Tech,ACC,NC State,ACC,ACC,2,3,3-2,5,19,25,NC State,NC State,FALSE
2019-10-04,Clemson,ACC,Notre Dame,ACC,ACC,1,3,3-1,4,17,25,Notre Dame,Notre Dame,FALSE
2019-10-04,Western Mich.,MAC,Toledo,MAC,MAC,3,0,3-0,3,25,19,Western Mich.,Western Mich.,FALSE
2019-10-04,Texas St.,Sun Belt,Arkansas St.,Sun Belt,Sun Belt,2,3,3-2,5,23,25,Arkansas St.,Arkansas St.,FALSE
2019-10-04,Duke,ACC,Boston College,ACC,ACC,1,3,3-1,4,19,25,Boston College,Boston College,FALSE
2019-10-04,Appalachian St.,Sun Belt,Louisiana,Sun Belt,Sun Belt,3,2,3-2,5,17,25,Louisiana,Appalachian St.,TRUE
2019-10-04,Morehead St.,OVC,Jacksonville St.,OVC,OVC,2,3,3-2,5,25,23,Morehead St.,Jacksonville St.,TRUE
2019-10-04,Houston,AAC,Tulane,AAC,AAC,3,2,3-2,5,25,22,Houston,Houston,FALSE
2019-10-04,Eastern Ky.,OVC,Tennessee Tech,OVC,OVC,2,3,3-2,5,26,24,Eastern Ky.,Tennessee Tech,TRUE
2019-10-04,Texas A&M,SEC,Arkansas,SEC,SEC,3,0,3-0,3,25,19,Texas A&M,Texas A&M,FALSE
2019-10-04,Fordham,Atlantic 10,Saint Louis,Atlantic 10,Atlantic 10,2,3,3-2,5,20,25,Saint Louis,Saint Louis,FALSE
2019-10-04,Omaha,Summit League,South Dakota,Summit League,Summit League,2,3,3-2,5,21,25,South Dakota,South Dakota,FALSE
2019-10-04,Kennesaw St.,ASUN,Lipscomb,ASUN,ASUN,3,1,3-1,4,25,20,Kennesaw St.,Kennesaw St.,FALSE
2019-10-04,Fla. Atlantic,C-USA,Louisiana Tech,C-USA,C-USA,3,0,3-0,3,25,19,Fla. Atlantic,Fla. Atlantic,FALSE
2019-10-04,Wichita St.,AAC,Memphis,AAC,AAC,3,2,3-2,5,26,28,Memphis,Wichita St.,TRUE
2019-10-04,Tulsa,AAC,SMU,AAC,AAC,2,3,3-2,5,25,18,Tulsa,SMU,TRUE
2019-10-04,Purdue Fort Wayne,Summit League,North Dakota St.,Summit League,Summit League,0,3,3-0,3,25,27,North Dakota St.,North Dakota St.,FALSE
2019-10-04,Kansas City,WAC,Chicago St.,WAC,WAC,3,0,3-0,3,27,25,Kansas City,Kansas City,FALSE
2019-10-04,California,Pac-12,Oregon St.,Pac-12,Pac-12,3,0,3-0,3,25,20,California,California,FALSE
2019-10-04,Utah,Pac-12,Arizona,Pac-12,Pac-12,3,1,3-1,4,25,20,Utah,Utah,FALSE
2019-10-04,Washington St.,Pac-12,UCLA,Pac-12,Pac-12,0,3,3-0,3,20,25,UCLA,UCLA,FALSE
2019-10-04,South Dakota St.,Summit League,Denver,Summit League,Summit League,1,3,3-1,4,13,25,Denver,Denver,FALSE
2019-10-04,Idaho,Big Sky,Montana,Big Sky,Big Sky,3,1,3-1,4,25,21,Idaho,Idaho,FALSE
2019-10-04,Northern Colo.,Big Sky,Idaho St.,Big Sky,Big Sky,3,1,3-1,4,25,19,Northern Colo.,Northern Colo.,FALSE
2019-10-04,San Francisco,WCC,Santa Clara,WCC,WCC,1,3,3-1,4,25,22,San Francisco,Santa Clara,TRUE
2019-10-04,UC Riverside,Big West,Cal Poly,Big West,Big West,0,3,3-0,3,12,25,Cal Poly,Cal Poly,FALSE
2019-10-04,UC Davis,Big West,UC Santa Barbara,Big West,Big West,0,3,3-0,3,9,25,UC Santa Barbara,UC Santa Barbara,FALSE
2019-10-04,Colorado,Pac-12,Arizona St.,Pac-12,Pac-12,1,3,3-1,4,29,31,Arizona St.,Arizona St.,FALSE
2019-10-04,Stanford,Pac-12,Oregon,Pac-12,Pac-12,3,1,3-1,4,21,25,Oregon,Stanford,TRUE
2019-10-04,Washington,Pac-12,Southern California,Pac-12,Pac-12,1,3,3-1,4,21,25,Southern California,Southern California,FALSE
2019-10-05,UC Irvine,Big West,Hawaii,Big West,Big West,3,2,3-2,5,11,25,Hawaii,UC Irvine,TRUE
2019-10-05,Iowa,Big Ten,Penn St.,Big Ten,Big Ten,0,3,3-0,3,19,25,Penn St.,Penn St.,FALSE
2019-10-05,Iowa St.,Big 12,West Virginia,Big 12,Big 12,3,0,3-0,3,25,18,Iowa St.,Iowa St.,FALSE
2019-10-05,Lehigh,Patriot,Navy,Patriot,Patriot,0,3,3-0,3,18,25,Navy,Navy,FALSE
2019-10-05,SFA,Southland,McNeese,Southland,Southland,3,0,3-0,3,25,15,SFA,SFA,FALSE
2019-10-05,Rider,MAAC,Niagara,MAAC,MAAC,1,3,3-1,4,25,20,Rider,Niagara,TRUE
2019-10-05,Northwestern St.,Southland,UIW,Southland,Southland,3,2,3-2,5,25,19,Northwestern St.,Northwestern St.,FALSE
2019-10-05,Saint Peter's,MAAC,Canisius,MAAC,MAAC,0,3,3-0,3,20,25,Canisius,Canisius,FALSE
2019-10-05,Iona,MAAC,Quinnipiac,MAAC,MAAC,1,3,3-1,4,20,25,Quinnipiac,Quinnipiac,FALSE
2019-10-05,Manhattan,MAAC,Fairfield,MAAC,MAAC,0,3,3-0,3,13,25,Fairfield,Fairfield,FALSE
2019-10-05,Gardner-Webb,Big South,UNC Asheville,Big South,Big South,0,3,3-0,3,14,25,UNC Asheville,UNC Asheville,FALSE
2019-10-05,Abilene Christian,Southland,Lamar University,Southland,Southland,1,3,3-1,4,18,25,Lamar University,Lamar University,FALSE
2019-10-05,New Orleans,Southland,Houston Baptist,Southland,Southland,0,3,3-0,3,23,25,Houston Baptist,Houston Baptist,FALSE
2019-10-05,Winthrop,Big South,USC Upstate,Big South,Big South,3,1,3-1,4,23,25,USC Upstate,Winthrop,TRUE
2019-10-05,Eastern Ky.,OVC,Jacksonville St.,OVC,OVC,0,3,3-0,3,17,25,Jacksonville St.,Jacksonville St.,FALSE
2019-10-05,Southeastern La.,Southland,Sam Houston St.,Southland,Southland,0,3,3-0,3,16,25,Sam Houston St.,Sam Houston St.,FALSE
2019-10-05,Nevada,Mountain West,Utah St.,Mountain West,Mountain West,3,0,3-0,3,25,15,Nevada,Nevada,FALSE
2019-10-05,ETSU,SoCon,Mercer,SoCon,SoCon,3,0,3-0,3,27,25,ETSU,ETSU,FALSE
2019-10-05,Bucknell,Patriot,American,Patriot,Patriot,0,3,3-0,3,21,25,American,American,FALSE
2019-10-05,Campbell,Big South,High Point,Big South,Big South,0,3,3-0,3,8,25,High Point,High Point,FALSE
2019-10-05,Central Ark.,Southland,A&M-Corpus Christi,Southland,Southland,1,3,3-1,4,25,18,Central Ark.,A&M-Corpus Christi,TRUE
2019-10-05,Gonzaga,WCC,Pepperdine,WCC,WCC,0,3,3-0,3,13,25,Pepperdine,Pepperdine,FALSE
2019-10-05,Kansas St.,Big 12,Baylor,Big 12,Big 12,0,3,3-0,3,19,25,Baylor,Baylor,FALSE
2019-10-05,Eastern Ill.,OVC,Belmont,OVC,OVC,0,3,3-0,3,22,25,Belmont,Belmont,FALSE
2019-10-05,Xavier,Big East,Georgetown,Big East,Big East,3,2,3-2,5,23,25,Georgetown,Xavier,TRUE
2019-10-05,Colorado St.,Mountain West,Air Force,Mountain West,Mountain West,3,1,3-1,4,26,28,Air Force,Colorado St.,TRUE
2019-10-05,Lafayette,Patriot,Loyola Maryland,Patriot,Patriot,0,3,3-0,3,18,25,Loyola Maryland,Loyola Maryland,FALSE
2019-10-05,UT Martin,OVC,Austin Peay,OVC,OVC,1,3,3-1,4,23,25,Austin Peay,Austin Peay,FALSE
2019-10-05,SIUE,OVC,Tennessee St.,OVC,OVC,3,2,3-2,5,22,25,Tennessee St.,SIUE,TRUE
2019-10-05,San Diego,WCC,Pacific,WCC,WCC,3,1,3-1,4,25,17,San Diego,San Diego,FALSE
2019-10-05,Morehead St.,OVC,Tennessee Tech,OVC,OVC,3,1,3-1,4,25,17,Morehead St.,Morehead St.,FALSE
2019-10-05,BYU,WCC,Saint Mary's (CA),WCC,WCC,3,0,3-0,3,25,12,BYU,BYU,FALSE
2019-10-05,Seattle U,WAC,CSU Bakersfield,WAC,WAC,2,3,3-2,5,25,23,Seattle U,CSU Bakersfield,TRUE
2019-10-05,IUPUI,Horizon,Wright St.,Horizon,Horizon,0,3,3-0,3,20,25,Wright St.,Wright St.,FALSE
2019-10-05,UIC,Horizon,Oakland,Horizon,Horizon,0,3,3-0,3,20,25,Oakland,Oakland,FALSE
2019-10-05,Northern Ariz.,Big Sky,Sacramento St.,Big Sky,Big Sky,2,3,3-2,5,25,22,Northern Ariz.,Sacramento St.,TRUE
2019-10-05,Green Bay,Horizon,Cleveland St.,Horizon,Horizon,2,3,3-2,5,25,22,Green Bay,Cleveland St.,TRUE
2019-10-05,Florida A&M,MEAC,Presbyterian,Big South,Non-Conference,0,3,3-0,3,9,25,Presbyterian,Presbyterian,FALSE
2019-10-05,New Mexico,Mountain West,San Diego St.,Mountain West,Mountain West,1,3,3-1,4,18,25,San Diego St.,San Diego St.,FALSE
2019-10-05,Portland,WCC,LMU (CA),WCC,WCC,0,3,3-0,3,21,25,LMU (CA),LMU (CA),FALSE
2019-10-05,UNLV,Mountain West,Fresno St.,Mountain West,Mountain West,3,2,3-2,5,19,25,Fresno St.,UNLV,TRUE
2019-10-05,San Jose St.,Mountain West,Boise St.,Mountain West,Mountain West,1,3,3-1,4,18,25,Boise St.,Boise St.,FALSE
2019-10-05,Milwaukee,Horizon,Youngstown St.,Horizon,Horizon,3,0,3-0,3,25,14,Milwaukee,Milwaukee,FALSE
2019-10-05,Buffalo,MAC,Bowling Green,MAC,MAC,0,3,3-0,3,19,25,Bowling Green,Bowling Green,FALSE
2019-10-05,Cornell,Ivy League,Princeton,Ivy League,Ivy League,3,1,3-1,4,26,24,Cornell,Cornell,FALSE
2019-10-05,Kent St.,MAC,Central Mich.,MAC,MAC,1,3,3-1,4,25,23,Kent St.,Central Mich.,TRUE
2019-10-05,Providence,Big East,St. John's (NY),Big East,Big East,0,3,3-0,3,11,25,St. John's (NY),St. John's (NY),FALSE
2019-10-05,Ohio,MAC,Eastern Mich.,MAC,MAC,1,3,3-1,4,26,28,Eastern Mich.,Eastern Mich.,FALSE
2019-10-05,Akron,MAC,Miami (OH),MAC,MAC,3,0,3-0,3,25,22,Akron,Akron,FALSE
2019-10-05,Saint Francis (PA),NEC,Bryant,NEC,NEC,0,3,3-0,3,20,25,Bryant,Bryant,FALSE
2019-10-05,Harvard,Ivy League,Brown,Ivy League,Ivy League,3,0,3-0,3,25,17,Harvard,Harvard,FALSE
2019-10-05,LIU,NEC,Fairleigh Dickinson,NEC,NEC,3,0,3-0,3,25,20,LIU,LIU,FALSE
2019-10-05,Wofford,SoCon,UNC Greensboro,SoCon,SoCon,3,1,3-1,4,26,24,Wofford,Wofford,FALSE
2019-10-05,Columbia,Ivy League,Penn,Ivy League,Ivy League,3,1,3-1,4,25,20,Columbia,Columbia,FALSE
2019-10-05,St. Francis Brooklyn,NEC,Central Conn. St.,NEC,NEC,0,3,3-0,3,22,25,Central Conn. St.,Central Conn. St.,FALSE
2019-10-05,Dartmouth,Ivy League,Yale,Ivy League,Ivy League,1,3,3-1,4,15,25,Yale,Yale,FALSE
2019-10-05,Valparaiso,MVC,Indiana St.,MVC,MVC,3,0,3-0,3,25,21,Valparaiso,Valparaiso,FALSE
2019-10-05,FGCU,ASUN,Stetson,ASUN,ASUN,3,1,3-1,4,25,18,FGCU,FGCU,FALSE
2019-10-05,Loyola Chicago,MVC,Evansville,MVC,MVC,3,0,3-0,3,25,15,Loyola Chicago,Loyola Chicago,FALSE
2019-10-05,Hampton,Big South,Radford,Big South,Big South,0,3,3-0,3,12,25,Radford,Radford,FALSE
2019-10-05,Kansas,Big 12,Oklahoma,Big 12,Big 12,1,3,3-1,4,25,23,Kansas,Oklahoma,TRUE
2019-10-05,Robert Morris,NEC,Sacred Heart,NEC,NEC,3,1,3-1,4,25,18,Robert Morris,Robert Morris,FALSE
2019-10-05,Utah Valley,WAC,Grand Canyon,WAC,WAC,3,1,3-1,4,19,25,Grand Canyon,Utah Valley,TRUE
2019-10-05,UNI,MVC,Southern Ill.,MVC,MVC,3,0,3-0,3,25,16,UNI,UNI,FALSE
2019-10-05,The Citadel,SoCon,Furman,SoCon,SoCon,1,3,3-1,4,15,25,Furman,Furman,FALSE
2019-10-05,Western Caro.,SoCon,Chattanooga,SoCon,SoCon,3,0,3-0,3,25,21,Western Caro.,Western Caro.,FALSE
2019-10-05,South Alabama,Sun Belt,Ga. Southern,Sun Belt,Sun Belt,3,0,3-0,3,25,21,South Alabama,South Alabama,FALSE
2019-10-05,Creighton,Big East,Seton Hall,Big East,Big East,3,0,3-0,3,25,19,Creighton,Creighton,FALSE
2019-10-05,Holy Cross,Patriot,Army West Point,Patriot,Patriot,1,3,3-1,4,17,25,Army West Point,Army West Point,FALSE
2019-10-05,Butler,Big East,Villanova,Big East,Big East,0,3,3-0,3,23,25,Villanova,Villanova,FALSE
2019-10-05,Southeast Mo. St.,OVC,Murray St.,OVC,OVC,3,0,3-0,3,25,23,Southeast Mo. St.,Southeast Mo. St.,FALSE
2019-10-05,Troy,Sun Belt,Georgia St.,Sun Belt,Sun Belt,3,1,3-1,4,25,21,Troy,Troy,FALSE
2019-10-05,Western Mich.,MAC,Ball St.,MAC,MAC,1,3,3-1,4,20,25,Ball St.,Ball St.,FALSE
2019-10-05,Northwestern,Big Ten,Indiana,Big Ten,Big Ten,1,3,3-1,4,24,26,Indiana,Indiana,FALSE
2019-10-05,Drake,MVC,Missouri St.,MVC,MVC,1,3,3-1,4,23,25,Missouri St.,Missouri St.,FALSE
2019-10-05,NJIT,ASUN,North Florida,ASUN,ASUN,0,3,3-0,3,13,25,North Florida,North Florida,FALSE
2019-10-05,Michigan St.,Big Ten,Maryland,Big Ten,Big Ten,2,3,3-2,5,22,25,Maryland,Maryland,FALSE
2019-10-05,Liberty,ASUN,Lipscomb,ASUN,ASUN,0,3,3-0,3,22,25,Lipscomb,Lipscomb,FALSE
2019-10-05,Coastal Carolina,Sun Belt,Louisiana,Sun Belt,Sun Belt,3,0,3-0,3,25,19,Coastal Carolina,Coastal Carolina,FALSE
2019-10-05,UT Arlington,Sun Belt,Arkansas St.,Sun Belt,Sun Belt,0,3,3-0,3,17,25,Arkansas St.,Arkansas St.,FALSE
2019-10-05,Texas St.,Sun Belt,Little Rock,Sun Belt,Sun Belt,3,0,3-0,3,25,8,Texas St.,Texas St.,FALSE
2019-10-05,UC Riverside,Big West,UC Santa Barbara,Big West,Big West,0,3,3-0,3,8,25,UC Santa Barbara,UC Santa Barbara,FALSE
2019-10-05,Wisconsin,Big Ten,Nebraska,Big Ten,Big Ten,3,0,3-0,3,25,22,Wisconsin,Wisconsin,FALSE
2019-10-05,Northern Ill.,MAC,Toledo,MAC,MAC,3,1,3-1,4,25,23,Northern Ill.,Northern Ill.,FALSE
2019-10-05,Rutgers,Big Ten,Minnesota,Big Ten,Big Ten,1,3,3-1,4,17,25,Minnesota,Minnesota,FALSE
2019-10-05,Northern Colo.,Big Sky,Weber St.,Big Sky,Big Sky,3,0,3-0,3,25,18,Northern Colo.,Northern Colo.,FALSE
2019-10-05,Eastern Wash.,Big Sky,Montana St.,Big Sky,Big Sky,0,3,3-0,3,14,25,Montana St.,Montana St.,FALSE
2019-10-05,Stanford,Pac-12,Oregon St.,Pac-12,Pac-12,3,0,3-0,3,25,12,Stanford,Stanford,FALSE
2019-10-05,Southern Utah,Big Sky,Portland St.,Big Sky,Big Sky,2,3,3-2,5,31,33,Portland St.,Portland St.,FALSE
2019-10-05,Long Beach St.,Big West,CSUN,Big West,Big West,3,1,3-1,4,21,25,CSUN,Long Beach St.,TRUE
2019-10-05,UC Davis,Big West,Cal Poly,Big West,Big West,2,3,3-2,5,21,25,Cal Poly,Cal Poly,FALSE
2019-10-06,Cal St. Fullerton,Big West,Hawaii,Big West,Big West,2,3,3-2,5,25,22,Cal St. Fullerton,Hawaii,TRUE
2019-10-06,Fla. Atlantic,C-USA,FIU,C-USA,C-USA,2,3,3-2,5,21,25,FIU,FIU,FALSE
2019-10-06,Michigan,Big Ten,Ohio St.,Big Ten,Big Ten,3,0,3-0,3,25,20,Michigan,Michigan,FALSE
2019-10-06,Fordham,Atlantic 10,Dayton,Atlantic 10,Atlantic 10,0,3,3-0,3,20,25,Dayton,Dayton,FALSE
2019-10-06,UCF,AAC,East Carolina,AAC,AAC,3,0,3-0,3,25,12,UCF,UCF,FALSE
2019-10-06,Tulane,AAC,UConn,AAC,AAC,3,0,3-0,3,25,18,Tulane,Tulane,FALSE
2019-10-06,Hofstra,CAA,Towson,CAA,CAA,0,3,3-0,3,15,25,Towson,Towson,FALSE
2019-10-06,Pittsburgh,ACC,Florida St.,ACC,ACC,3,1,3-1,4,25,15,Pittsburgh,Pittsburgh,FALSE
2019-10-06,Saint Peter's,MAAC,Niagara,MAAC,MAAC,0,3,3-0,3,11,25,Niagara,Niagara,FALSE
2019-10-06,Rhode Island,Atlantic 10,Saint Louis,Atlantic 10,Atlantic 10,0,3,3-0,3,18,25,Saint Louis,Saint Louis,FALSE
2019-10-06,N.C. A&T,MEAC,Morgan St.,MEAC,MEAC,3,0,3-0,3,25,20,N.C. A&T,N.C. A&T,FALSE
2019-10-06,Mississippi St.,SEC,South Carolina,SEC,SEC,0,3,3-0,3,11,25,South Carolina,South Carolina,FALSE
2019-10-06,New Hampshire,America East,UMBC,America East,America East,3,2,3-2,5,25,16,New Hampshire,New Hampshire,FALSE
2019-10-06,Clemson,ACC,Louisville,ACC,ACC,0,3,3-0,3,18,25,Louisville,Louisville,FALSE
2019-10-06,South Fla.,AAC,Cincinnati,AAC,AAC,1,3,3-1,4,25,23,South Fla.,Cincinnati,TRUE
2019-10-06,Appalachian St.,Sun Belt,La.-Monroe,Sun Belt,Sun Belt,3,0,3-0,3,25,11,Appalachian St.,Appalachian St.,FALSE
2019-10-06,Duke,ACC,Syracuse,ACC,ACC,3,2,3-2,5,26,24,Duke,Duke,FALSE
2019-10-06,Manhattan,MAAC,Quinnipiac,MAAC,MAAC,3,2,3-2,5,32,30,Manhattan,Manhattan,FALSE
2019-10-06,George Washington,Atlantic 10,La Salle,Atlantic 10,Atlantic 10,3,0,3-0,3,25,19,George Washington,George Washington,FALSE
2019-10-06,N.C. Central,MEAC,Coppin St.,MEAC,MEAC,3,2,3-2,5,13,25,Coppin St.,N.C. Central,TRUE
2019-10-06,Elon,CAA,UNCW,CAA,CAA,1,3,3-1,4,17,25,UNCW,UNCW,FALSE
2019-10-06,Georgia Tech,ACC,Notre Dame,ACC,ACC,1,3,3-1,4,14,25,Notre Dame,Notre Dame,FALSE
2019-10-06,Rider,MAAC,Canisius,MAAC,MAAC,2,3,3-2,5,17,25,Canisius,Canisius,FALSE
2019-10-06,Wake Forest,ACC,Boston College,ACC,ACC,1,3,3-1,4,25,20,Wake Forest,Boston College,TRUE
2019-10-06,Virginia,ACC,Miami (FL),ACC,ACC,2,3,3-2,5,18,25,Miami (FL),Miami (FL),FALSE
2019-10-06,Houston,AAC,Temple,AAC,AAC,3,2,3-2,5,25,22,Houston,Houston,FALSE
2019-10-06,Iona,MAAC,Fairfield,MAAC,MAAC,0,3,3-0,3,17,25,Fairfield,Fairfield,FALSE
2019-10-06,William & Mary,CAA,Col. of Charleston,CAA,CAA,0,3,3-0,3,23,25,Col. of Charleston,Col. of Charleston,FALSE
2019-10-06,Marshall,C-USA,Western Ky.,C-USA,C-USA,0,3,3-0,3,13,25,Western Ky.,Western Ky.,FALSE
2019-10-06,Virginia Tech,ACC,North Carolina,ACC,ACC,1,3,3-1,4,20,25,North Carolina,North Carolina,FALSE
2019-10-06,Stony Brook,America East,Binghamton,America East,America East,3,0,3-0,3,25,16,Stony Brook,Stony Brook,FALSE
2019-10-06,Florida,SEC,Kentucky,SEC,SEC,2,3,3-2,5,12,25,Kentucky,Kentucky,FALSE
2019-10-06,George Mason,Atlantic 10,Duquesne,Atlantic 10,Atlantic 10,0,3,3-0,3,23,25,Duquesne,Duquesne,FALSE
2019-10-06,Purdue Fort Wayne,Summit League,North Dakota,Summit League,Summit League,3,0,3-0,3,25,23,Purdue Fort Wayne,Purdue Fort Wayne,FALSE
2019-10-06,Middle Tenn.,C-USA,UAB,C-USA,C-USA,1,3,3-1,4,25,21,Middle Tenn.,UAB,TRUE
2019-10-06,South Dakota,Summit League,Denver,Summit League,Summit League,3,2,3-2,5,25,23,South Dakota,South Dakota,FALSE
2019-10-06,South Dakota St.,Summit League,Oral Roberts,Summit League,Summit League,1,3,3-1,4,23,25,Oral Roberts,Oral Roberts,FALSE
2019-10-06,Norfolk St.,MEAC,Delaware St.,MEAC,MEAC,1,3,3-1,4,23,25,Delaware St.,Delaware St.,FALSE
2019-10-06,Colgate,Patriot,Army West Point,Patriot,Patriot,3,1,3-1,4,25,19,Colgate,Colgate,FALSE
2019-10-06,Western Ill.,Summit League,North Dakota St.,Summit League,Summit League,0,3,3-0,3,21,25,North Dakota St.,North Dakota St.,FALSE
2019-10-06,Texas A&M,SEC,Missouri,SEC,SEC,2,3,3-2,5,25,16,Texas A&M,Missouri,TRUE
2019-10-06,TCU,Big 12,Texas Tech,Big 12,Big 12,3,2,3-2,5,21,25,Texas Tech,TCU,TRUE
2019-10-06,Tulsa,AAC,Memphis,AAC,AAC,3,0,3-0,3,25,14,Tulsa,Tulsa,FALSE
2019-10-06,Ole Miss,SEC,LSU,SEC,SEC,3,1,3-1,4,27,25,Ole Miss,Ole Miss,FALSE
2019-10-06,North Texas,C-USA,Louisiana Tech,C-USA,C-USA,3,0,3-0,3,25,15,North Texas,North Texas,FALSE
2019-10-06,IUPUI,Horizon,Northern Ky.,Horizon,Horizon,0,3,3-0,3,22,25,Northern Ky.,Northern Ky.,FALSE
2019-10-06,Alabama,SEC,Georgia,SEC,SEC,0,3,3-0,3,22,25,Georgia,Georgia,FALSE
2019-10-06,Wichita St.,AAC,SMU,AAC,AAC,0,3,3-0,3,14,25,SMU,SMU,FALSE
2019-10-06,Tennessee,SEC,Auburn,SEC,SEC,3,0,3-0,3,25,20,Tennessee,Tennessee,FALSE
2019-10-06,Washington St.,Pac-12,Southern California,Pac-12,Pac-12,3,2,3-2,5,25,20,Washington St.,Washington St.,FALSE
2019-10-06,Illinois,Big Ten,Purdue,Big Ten,Big Ten,3,1,3-1,4,28,30,Purdue,Illinois,TRUE
2019-10-06,UTSA,C-USA,UTEP,C-USA,C-USA,3,1,3-1,4,20,25,UTEP,UTSA,TRUE
2019-10-06,Utah,Pac-12,Arizona St.,Pac-12,Pac-12,3,0,3-0,3,25,16,Utah,Utah,FALSE
2019-10-06,Colorado,Pac-12,Arizona,Pac-12,Pac-12,0,3,3-0,3,13,25,Arizona,Arizona,FALSE
2019-10-06,Howard,MEAC,UMES,MEAC,MEAC,3,1,3-1,4,25,19,Howard,Howard,FALSE
2019-10-06,California,Pac-12,Oregon,Pac-12,Pac-12,3,0,3-0,3,25,14,California,California,FALSE
2019-10-06,Washington,Pac-12,UCLA,Pac-12,Pac-12,3,1,3-1,4,25,21,Washington,Washington,FALSE
2019-10-06,Alcorn,SWAC,Alabama St.,SWAC,SWAC,0,3,3-0,3,12,25,Alabama St.,Alabama St.,FALSE
2019-10-06,Bethune-Cookman,MEAC,Stetson,ASUN,Non-Conference,0,3,3-0,3,14,25,Stetson,Stetson,FALSE
2019-10-06,Prairie View,SWAC,Grambling,SWAC,SWAC,3,0,3-0,3,25,21,Prairie View,Prairie View,FALSE
2019-10-06,Mississippi Val.,SWAC,Alabama A&M,SWAC,SWAC,0,3,3-0,3,22,25,Alabama A&M,Alabama A&M,FALSE
2019-10-07,Prairie View,SWAC,Southern U.,SWAC,SWAC,3,0,3-0,3,25,22,Prairie View,Prairie View,FALSE
2019-10-07,Alcorn,SWAC,Alabama A&M,SWAC,SWAC,0,3,3-0,3,19,25,Alabama A&M,Alabama A&M,FALSE
2019-10-07,Texas Southern,SWAC,Grambling,SWAC,SWAC,3,0,3-0,3,25,21,Texas Southern,Texas Southern,FALSE
2019-10-07,Mississippi Val.,SWAC,Alabama St.,SWAC,SWAC,0,3,3-0,3,18,25,Alabama St.,Alabama St.,FALSE
2019-10-08,Florida A&M,MEAC,Bethune-Cookman,MEAC,MEAC,3,2,3-2,5,25,23,Florida A&M,Florida A&M,FALSE
2019-10-08,Winthrop,Big South,Charlotte,C-USA,Non-Conference,2,3,3-2,5,25,21,Winthrop,Charlotte,TRUE
2019-10-08,Morgan St.,MEAC,Howard,MEAC,MEAC,0,3,3-0,3,26,28,Howard,Howard,FALSE
2019-10-08,McNeese,Southland,Central Ark.,Southland,Southland,2,3,3-2,5,18,25,Central Ark.,Central Ark.,FALSE
2019-10-08,South Alabama,Sun Belt,Southern Miss.,C-USA,Non-Conference,3,0,3-0,3,25,22,South Alabama,South Alabama,FALSE
2019-10-08,UIW,Southland,A&M-Corpus Christi,Southland,Southland,0,3,3-0,3,15,25,A&M-Corpus Christi,A&M-Corpus Christi,FALSE
2019-10-08,Texas St.,Sun Belt,UT Arlington,Sun Belt,Sun Belt,3,0,3-0,3,25,14,Texas St.,Texas St.,FALSE
2019-10-08,Lamar University,Southland,Northwestern St.,Southland,Southland,0,3,3-0,3,16,25,Northwestern St.,Northwestern St.,FALSE
2019-10-08,South Dakota,Summit League,South Dakota St.,Summit League,Summit League,3,0,3-0,3,25,16,South Dakota,South Dakota,FALSE
2019-10-08,Idaho,Big Sky,Eastern Wash.,Big Sky,Big Sky,3,1,3-1,4,25,20,Idaho,Idaho,FALSE
2019-10-08,San Jose St.,Mountain West,Nevada,Mountain West,Mountain West,2,3,3-2,5,25,16,San Jose St.,Nevada,TRUE
2019-10-09,Chattanooga,SoCon,Mercer,SoCon,SoCon,0,3,3-0,3,22,25,Mercer,Mercer,FALSE
2019-10-09,Baylor,Big 12,Iowa St.,Big 12,Big 12,3,0,3-0,3,26,24,Baylor,Baylor,FALSE
2019-10-09,Northeastern,CAA,Hofstra,CAA,CAA,0,3,3-0,3,20,25,Hofstra,Hofstra,FALSE
2019-10-09,Oakland,Horizon,Northern Ky.,Horizon,Horizon,3,2,3-2,5,22,25,Northern Ky.,Oakland,TRUE
2019-10-09,Villanova,Big East,St. John's (NY),Big East,Big East,0,3,3-0,3,18,25,St. John's (NY),St. John's (NY),FALSE
2019-10-09,Cleveland St.,Horizon,Wright St.,Horizon,Horizon,1,3,3-1,4,12,25,Wright St.,Wright St.,FALSE
2019-10-09,Youngstown St.,Horizon,IUPUI,Horizon,Horizon,3,2,3-2,5,21,25,IUPUI,Youngstown St.,TRUE
2019-10-09,Eastern Ky.,OVC,Morehead St.,OVC,OVC,0,3,3-0,3,18,25,Morehead St.,Morehead St.,FALSE
2019-10-09,Saint Francis (PA),NEC,Robert Morris,NEC,NEC,0,3,3-0,3,20,25,Robert Morris,Robert Morris,FALSE
2019-10-09,Manhattan,MAAC,St. Francis Brooklyn,NEC,Non-Conference,1,3,3-1,4,18,25,St. Francis Brooklyn,St. Francis Brooklyn,FALSE
2019-10-09,Georgetown,Big East,Seton Hall,Big East,Big East,0,3,3-0,3,13,25,Seton Hall,Seton Hall,FALSE
2019-10-09,Murray St.,OVC,Austin Peay,OVC,OVC,3,1,3-1,4,25,20,Murray St.,Murray St.,FALSE
2019-10-09,Marist,MAAC,Quinnipiac,MAAC,MAAC,1,3,3-1,4,25,18,Marist,Quinnipiac,TRUE
2019-10-09,Mississippi St.,SEC,Alabama,SEC,SEC,1,3,3-1,4,18,25,Alabama,Alabama,FALSE
2019-10-09,Georgia Tech,ACC,Clemson,ACC,ACC,3,0,3-0,3,25,17,Georgia Tech,Georgia Tech,FALSE
2019-10-09,Purdue,Big Ten,Indiana,Big Ten,Big Ten,3,2,3-2,5,26,24,Purdue,Purdue,FALSE
2019-10-09,SFA,Southland,New Orleans,Southland,Southland,3,0,3-0,3,25,17,SFA,SFA,FALSE
2019-10-09,Texas,Big 12,Kansas St.,Big 12,Big 12,3,0,3-0,3,32,30,Texas,Texas,FALSE
2019-10-09,Ole Miss,SEC,Missouri,SEC,SEC,3,1,3-1,4,18,25,Missouri,Ole Miss,TRUE
2019-10-09,Wisconsin,Big Ten,Northwestern,Big Ten,Big Ten,3,0,3-0,3,25,23,Wisconsin,Wisconsin,FALSE
2019-10-09,Minnesota,Big Ten,Illinois,Big Ten,Big Ten,3,1,3-1,4,25,18,Minnesota,Minnesota,FALSE
2019-10-10,Kansas City,WAC,Utah Valley,WAC,WAC,3,2,3-2,5,22,25,Utah Valley,Kansas City,TRUE
2019-10-10,Northern Ill.,MAC,Western Mich.,MAC,MAC,3,2,3-2,5,25,17,Northern Ill.,Northern Ill.,FALSE
2019-10-10,Jackson St.,SWAC,Alcorn,SWAC,SWAC,3,0,3-0,3,25,18,Jackson St.,Jackson St.,FALSE
2019-10-10,Bowling Green,MAC,Miami (OH),MAC,MAC,0,3,3-0,3,24,26,Miami (OH),Miami (OH),FALSE
2019-10-10,James Madison,CAA,Elon,CAA,CAA,3,0,3-0,3,25,18,James Madison,James Madison,FALSE
2019-10-10,West Virginia,Big 12,Kansas,Big 12,Big 12,2,3,3-2,5,20,25,Kansas,Kansas,FALSE
2019-10-10,Southern U.,SWAC,Ark.-Pine Bluff,SWAC,SWAC,3,2,3-2,5,22,25,Ark.-Pine Bluff,Southern U.,TRUE
2019-10-10,Houston Baptist,Southland,Sam Houston St.,Southland,Southland,2,3,3-2,5,22,25,Sam Houston St.,Sam Houston St.,FALSE
2019-10-10,Texas Southern,SWAC,Prairie View,SWAC,SWAC,0,3,3-0,3,21,25,Prairie View,Prairie View,FALSE
2019-10-10,Air Force,Mountain West,Nevada,Mountain West,Mountain West,3,1,3-1,4,25,16,Air Force,Air Force,FALSE
2019-10-10,CSU Bakersfield,WAC,New Mexico St.,WAC,WAC,1,3,3-1,4,15,25,New Mexico St.,New Mexico St.,FALSE
2019-10-10,Abilene Christian,Southland,Nicholls St.,Southland,Southland,1,3,3-1,4,26,24,Abilene Christian,Nicholls St.,TRUE
2019-10-10,Chicago St.,WAC,Seattle U,WAC,WAC,1,3,3-1,4,21,25,Seattle U,Seattle U,FALSE
2019-10-10,Grand Canyon,WAC,UTRGV,WAC,WAC,3,1,3-1,4,24,26,UTRGV,Grand Canyon,TRUE
2019-10-10,Northwestern St.,Southland,Southeastern La.,Southland,Southland,3,0,3-0,3,25,22,Northwestern St.,Northwestern St.,FALSE
2019-10-10,San Diego St.,Mountain West,Wyoming,Mountain West,Mountain West,0,3,3-0,3,19,25,Wyoming,Wyoming,FALSE
2019-10-10,Montana,Big Sky,Southern Utah,Big Sky,Big Sky,1,3,3-1,4,16,25,Southern Utah,Southern Utah,FALSE
2019-10-10,Boise St.,Mountain West,New Mexico,Mountain West,Mountain West,3,1,3-1,4,21,25,New Mexico,Boise St.,TRUE
2019-10-10,Portland St.,Big Sky,Weber St.,Big Sky,Big Sky,0,3,3-0,3,12,25,Weber St.,Weber St.,FALSE
2019-10-10,San Francisco,WCC,BYU,WCC,WCC,0,3,3-0,3,11,25,BYU,BYU,FALSE
2019-10-10,Sacramento St.,Big Sky,Idaho St.,Big Sky,Big Sky,3,2,3-2,5,25,18,Sacramento St.,Sacramento St.,FALSE
2019-10-10,Saint Mary's (CA),WCC,Gonzaga,WCC,WCC,3,1,3-1,4,19,25,Gonzaga,Saint Mary's (CA),TRUE
2019-10-10,Fresno St.,Mountain West,Colorado St.,Mountain West,Mountain West,0,3,3-0,3,22,25,Colorado St.,Colorado St.,FALSE
2019-10-10,Montana St.,Big Sky,Northern Ariz.,Big Sky,Big Sky,3,2,3-2,5,26,24,Montana St.,Montana St.,FALSE
2019-10-10,Utah St.,Mountain West,UNLV,Mountain West,Mountain West,0,3,3-0,3,20,25,UNLV,UNLV,FALSE
2019-10-10,Santa Clara,WCC,San Diego,WCC,WCC,0,3,3-0,3,23,25,San Diego,San Diego,FALSE
2019-10-10,CSUN,Big West,UC Riverside,Big West,Big West,3,0,3-0,3,25,16,CSUN,CSUN,FALSE
2019-10-10,Pacific,WCC,Portland,WCC,WCC,2,3,3-2,5,23,25,Portland,Portland,FALSE
2019-10-10,Long Beach St.,Big West,UC Davis,Big West,Big West,2,3,3-2,5,25,17,Long Beach St.,UC Davis,TRUE
2019-10-11,Georgia,SEC,Kentucky,SEC,SEC,3,2,3-2,5,25,23,Georgia,Georgia,FALSE
2019-10-11,South Carolina,SEC,Texas A&M,SEC,SEC,0,3,3-0,3,15,25,Texas A&M,Texas A&M,FALSE
2019-10-11,Creighton,Big East,DePaul,Big East,Big East,3,0,3-0,3,25,18,Creighton,Creighton,FALSE
2019-10-11,Eastern Wash.,Big Sky,Northern Colo.,Big Sky,Big Sky,0,3,3-0,3,12,25,Northern Colo.,Northern Colo.,FALSE
2019-10-11,Central Conn. St.,NEC,Sacred Heart,NEC,NEC,1,3,3-1,4,24,26,Sacred Heart,Sacred Heart,FALSE
2019-10-11,NJIT,ASUN,Liberty,ASUN,ASUN,0,3,3-0,3,16,25,Liberty,Liberty,FALSE
2019-10-11,St. John's (NY),Big East,Butler,Big East,Big East,1,3,3-1,4,21,25,Butler,Butler,FALSE
2019-10-11,The Citadel,SoCon,Western Caro.,SoCon,SoCon,0,3,3-0,3,11,25,Western Caro.,Western Caro.,FALSE
2019-10-11,Green Bay,Horizon,Youngstown St.,Horizon,Horizon,3,0,3-0,3,25,13,Green Bay,Green Bay,FALSE
2019-10-11,North Florida,ASUN,Stetson,ASUN,ASUN,1,3,3-1,4,23,25,Stetson,Stetson,FALSE
2019-10-11,Rhode Island,Atlantic 10,VCU,Atlantic 10,Atlantic 10,0,3,3-0,3,15,25,VCU,VCU,FALSE
2019-10-11,UNC Asheville,Big South,Hampton,Big South,Big South,2,3,3-2,5,25,11,UNC Asheville,Hampton,TRUE
2019-10-11,Radford,Big South,Charleston So.,Big South,Big South,2,3,3-2,5,26,24,Radford,Charleston So.,TRUE
2019-10-11,Clemson,ACC,Virginia Tech,ACC,ACC,3,1,3-1,4,18,25,Virginia Tech,Clemson,TRUE
2019-10-11,Winthrop,Big South,Gardner-Webb,Big South,Big South,3,0,3-0,3,25,20,Winthrop,Winthrop,FALSE
2019-10-11,Evansville,MVC,Indiana St.,MVC,MVC,1,3,3-1,4,22,25,Indiana St.,Indiana St.,FALSE
2019-10-11,Wofford,SoCon,ETSU,SoCon,SoCon,2,3,3-2,5,27,25,Wofford,ETSU,TRUE
2019-10-11,Kent St.,MAC,Buffalo,MAC,MAC,3,0,3-0,3,25,20,Kent St.,Kent St.,FALSE
2019-10-11,UMES,MEAC,South Carolina St.,MEAC,MEAC,3,0,3-0,3,25,20,UMES,UMES,FALSE
2019-10-11,High Point,Big South,Presbyterian,Big South,Big South,3,1,3-1,4,25,19,High Point,High Point,FALSE
2019-10-11,Coppin St.,MEAC,Norfolk St.,MEAC,MEAC,3,0,3-0,3,25,15,Coppin St.,Coppin St.,FALSE
2019-10-11,USC Upstate,Big South,Campbell,Big South,Big South,2,3,3-2,5,25,8,USC Upstate,Campbell,TRUE
2019-10-11,N.C. Central,MEAC,Florida A&M,MEAC,MEAC,0,3,3-0,3,23,25,Florida A&M,Florida A&M,FALSE
2019-10-11,Notre Dame,ACC,Wake Forest,ACC,ACC,3,1,3-1,4,29,27,Notre Dame,Notre Dame,FALSE
2019-10-11,N.C. A&T,MEAC,Bethune-Cookman,MEAC,MEAC,3,1,3-1,4,23,25,Bethune-Cookman,N.C. A&T,TRUE
2019-10-11,UNC Greensboro,SoCon,Chattanooga,SoCon,SoCon,3,1,3-1,4,18,25,Chattanooga,UNC Greensboro,TRUE
2019-10-11,Albany (NY),America East,Stony Brook,America East,America East,3,2,3-2,5,22,25,Stony Brook,Albany (NY),TRUE
2019-10-11,Louisville,ACC,Duke,ACC,ACC,3,0,3-0,3,25,21,Louisville,Louisville,FALSE
2019-10-11,Miami (FL),ACC,North Carolina,ACC,ACC,1,3,3-1,4,14,25,North Carolina,North Carolina,FALSE
2019-10-11,Missouri St.,MVC,Valparaiso,MVC,MVC,0,3,3-0,3,17,25,Valparaiso,Valparaiso,FALSE
2019-10-11,Dayton,Atlantic 10,George Mason,Atlantic 10,Atlantic 10,3,0,3-0,3,25,21,Dayton,Dayton,FALSE
2019-10-11,Jacksonville,ASUN,FGCU,ASUN,ASUN,0,3,3-0,3,14,25,FGCU,FGCU,FALSE
2019-10-11,Charlotte,C-USA,FIU,C-USA,C-USA,2,3,3-2,5,19,25,FIU,FIU,FALSE
2019-10-11,LSU,SEC,Tennessee,SEC,SEC,3,2,3-2,5,24,26,Tennessee,LSU,TRUE
2019-10-11,SIUE,OVC,UT Martin,OVC,OVC,3,0,3-0,3,25,23,SIUE,SIUE,FALSE
2019-10-11,Bradley,MVC,UNI,MVC,MVC,1,3,3-1,4,18,25,UNI,UNI,FALSE
2019-10-11,Southern Ill.,MVC,Loyola Chicago,MVC,MVC,1,3,3-1,4,18,25,Loyola Chicago,Loyola Chicago,FALSE
2019-10-11,Eastern Ill.,OVC,Southeast Mo. St.,OVC,OVC,0,3,3-0,3,22,25,Southeast Mo. St.,Southeast Mo. St.,FALSE
2019-10-11,Saint Louis,Atlantic 10,George Washington,Atlantic 10,Atlantic 10,3,0,3-0,3,25,19,Saint Louis,Saint Louis,FALSE
2019-10-11,LIU,NEC,Saint Francis (PA),NEC,NEC,3,0,3-0,3,25,18,LIU,LIU,FALSE
2019-10-11,Ball St.,MAC,Central Mich.,MAC,MAC,1,3,3-1,4,26,24,Ball St.,Central Mich.,TRUE
2019-10-11,Maryland,Big Ten,Penn St.,Big Ten,Big Ten,2,3,3-2,5,25,18,Maryland,Penn St.,TRUE
2019-10-11,Fairleigh Dickinson,NEC,Robert Morris,NEC,NEC,0,3,3-0,3,8,25,Robert Morris,Robert Morris,FALSE
2019-10-11,Oral Roberts,Summit League,Purdue Fort Wayne,Summit League,Summit League,0,3,3-0,3,23,25,Purdue Fort Wayne,Purdue Fort Wayne,FALSE
2019-10-11,Jacksonville St.,OVC,Tennessee St.,OVC,OVC,3,0,3-0,3,25,19,Jacksonville St.,Jacksonville St.,FALSE
2019-10-11,Northern Ky.,Horizon,Milwaukee,Horizon,Horizon,1,3,3-1,4,22,25,Milwaukee,Milwaukee,FALSE
2019-10-11,Cincinnati,AAC,UConn,AAC,AAC,3,0,3-0,3,25,14,Cincinnati,Cincinnati,FALSE
2019-10-11,Ohio,MAC,Akron,MAC,MAC,3,1,3-1,4,22,25,Akron,Ohio,TRUE
2019-10-11,UCF,AAC,South Fla.,AAC,AAC,3,1,3-1,4,24,26,South Fla.,UCF,TRUE
2019-10-11,Dartmouth,Ivy League,Cornell,Ivy League,Ivy League,0,3,3-0,3,17,25,Cornell,Cornell,FALSE
2019-10-11,East Carolina,AAC,Temple,AAC,AAC,1,3,3-1,4,21,25,Temple,Temple,FALSE
2019-10-11,Marshall,C-USA,Middle Tenn.,C-USA,C-USA,2,3,3-2,5,24,26,Middle Tenn.,Middle Tenn.,FALSE
2019-10-11,Illinois St.,MVC,Drake,MVC,MVC,3,0,3-0,3,25,22,Illinois St.,Illinois St.,FALSE
2019-10-11,Louisiana Tech,C-USA,UTSA,C-USA,C-USA,1,3,3-1,4,17,25,UTSA,UTSA,FALSE
2019-10-11,UMBC,America East,Hartford,America East,America East,1,3,3-1,4,25,23,UMBC,Hartford,TRUE
2019-10-11,Duquesne,Atlantic 10,La Salle,Atlantic 10,Atlantic 10,3,2,3-2,5,20,25,La Salle,Duquesne,TRUE
2019-10-11,Towson,CAA,William & Mary,CAA,CAA,3,0,3-0,3,25,16,Towson,Towson,FALSE
2019-10-11,Southern Miss.,C-USA,Rice,C-USA,C-USA,0,3,3-0,3,13,25,Rice,Rice,FALSE
2019-10-11,UNCW,CAA,Northeastern,CAA,CAA,2,3,3-2,5,25,21,UNCW,Northeastern,TRUE
2019-10-11,Col. of Charleston,CAA,Hofstra,CAA,CAA,0,3,3-0,3,23,25,Hofstra,Hofstra,FALSE
2019-10-11,Florida St.,ACC,NC State,ACC,ACC,3,0,3-0,3,25,18,Florida St.,Florida St.,FALSE
2019-10-11,Brown,Ivy League,Penn,Ivy League,Ivy League,0,3,3-0,3,27,29,Penn,Penn,FALSE
2019-10-11,Army West Point,Patriot,Bucknell,Patriot,Patriot,3,1,3-1,4,20,25,Bucknell,Army West Point,TRUE
2019-10-11,Tennessee Tech,OVC,Belmont,OVC,OVC,3,0,3-0,3,25,22,Tennessee Tech,Tennessee Tech,FALSE
2019-10-11,Holy Cross,Patriot,Lafayette,Patriot,Patriot,2,3,3-2,5,25,18,Holy Cross,Lafayette,TRUE
2019-10-11,Toledo,MAC,Eastern Mich.,MAC,MAC,1,3,3-1,4,23,25,Eastern Mich.,Eastern Mich.,FALSE
2019-10-11,Wright St.,Horizon,UIC,Horizon,Horizon,0,3,3-0,3,23,25,UIC,UIC,FALSE
2019-10-11,Binghamton,America East,New Hampshire,America East,America East,0,3,3-0,3,23,25,New Hampshire,New Hampshire,FALSE
2019-10-11,Seton Hall,Big East,Xavier,Big East,Big East,0,3,3-0,3,19,25,Xavier,Xavier,FALSE
2019-10-11,Navy,Patriot,Loyola Maryland,Patriot,Patriot,3,1,3-1,4,25,18,Navy,Navy,FALSE
2019-10-11,Pittsburgh,ACC,Syracuse,ACC,ACC,3,0,3-0,3,26,24,Pittsburgh,Pittsburgh,FALSE
2019-10-11,Fordham,Atlantic 10,Davidson,Atlantic 10,Atlantic 10,1,3,3-1,4,25,27,Davidson,Davidson,FALSE
2019-10-11,Ohio St.,Big Ten,Rutgers,Big Ten,Big Ten,3,0,3-0,3,25,14,Ohio St.,Ohio St.,FALSE
2019-10-11,Western Ky.,C-USA,Fla. Atlantic,C-USA,C-USA,3,1,3-1,4,23,25,Fla. Atlantic,Western Ky.,TRUE
2019-10-11,Harvard,Ivy League,Columbia,Ivy League,Ivy League,0,3,3-0,3,23,25,Columbia,Columbia,FALSE
2019-10-11,Colgate,Patriot,Lehigh,Patriot,Patriot,3,0,3-0,3,25,22,Colgate,Colgate,FALSE
2019-10-11,Ga. Southern,Sun Belt,UT Arlington,Sun Belt,Sun Belt,0,3,3-0,3,21,25,UT Arlington,UT Arlington,FALSE
2019-10-11,Louisiana,Sun Belt,South Alabama,Sun Belt,Sun Belt,1,3,3-1,4,18,25,South Alabama,South Alabama,FALSE
2019-10-11,Appalachian St.,Sun Belt,Arkansas St.,Sun Belt,Sun Belt,3,1,3-1,4,27,25,Appalachian St.,Appalachian St.,FALSE
2019-10-11,Virginia,ACC,Boston College,ACC,ACC,0,3,3-0,3,23,25,Boston College,Boston College,FALSE
2019-10-11,Georgia St.,Sun Belt,Texas St.,Sun Belt,Sun Belt,0,3,3-0,3,10,25,Texas St.,Texas St.,FALSE
2019-10-11,La.-Monroe,Sun Belt,Troy,Sun Belt,Sun Belt,1,3,3-1,4,25,20,La.-Monroe,Troy,TRUE
2019-10-11,Coastal Carolina,Sun Belt,Little Rock,Sun Belt,Sun Belt,3,0,3-0,3,25,9,Coastal Carolina,Coastal Carolina,FALSE
2019-10-11,Tulane,AAC,Tulsa,AAC,AAC,1,3,3-1,4,20,25,Tulsa,Tulsa,FALSE
2019-10-11,Memphis,AAC,SMU,AAC,AAC,1,3,3-1,4,23,25,SMU,SMU,FALSE
2019-10-11,Omaha,Summit League,Western Ill.,Summit League,Summit League,3,0,3-0,3,25,14,Omaha,Omaha,FALSE
2019-10-11,Florida,SEC,Arkansas,SEC,SEC,3,0,3-0,3,26,24,Florida,Florida,FALSE
2019-10-11,UAB,C-USA,UTEP,C-USA,C-USA,3,0,3-0,3,25,22,UAB,UAB,FALSE
2019-10-11,Houston,AAC,Wichita St.,AAC,AAC,3,1,3-1,4,21,25,Wichita St.,Houston,TRUE
2019-10-11,Furman,SoCon,Samford,SoCon,SoCon,0,3,3-0,3,22,25,Samford,Samford,FALSE
2019-10-11,Michigan,Big Ten,Iowa,Big Ten,Big Ten,3,1,3-1,4,27,25,Michigan,Michigan,FALSE
2019-10-11,Providence,Big East,Marquette,Big East,Big East,0,3,3-0,3,14,25,Marquette,Marquette,FALSE
2019-10-11,South Dakota,Summit League,North Dakota St.,Summit League,Summit League,3,2,3-2,5,20,25,North Dakota St.,South Dakota,TRUE
2019-10-11,Southern California,Pac-12,Colorado,Pac-12,Pac-12,3,1,3-1,4,26,24,Southern California,Southern California,FALSE
2019-10-11,UCLA,Pac-12,Utah,Pac-12,Pac-12,0,3,3-0,3,17,25,Utah,Utah,FALSE
2019-10-11,Oregon,Pac-12,Washington St.,Pac-12,Pac-12,1,3,3-1,4,17,25,Washington St.,Washington St.,FALSE
2019-10-11,Michigan St.,Big Ten,Nebraska,Big Ten,Big Ten,1,3,3-1,4,25,21,Michigan St.,Nebraska,TRUE
2019-10-11,Pepperdine,WCC,LMU (CA),WCC,WCC,3,1,3-1,4,25,23,Pepperdine,Pepperdine,FALSE
2019-10-11,Oregon St.,Pac-12,Washington,Pac-12,Pac-12,0,3,3-0,3,19,25,Washington,Washington,FALSE
2019-10-11,Hawaii,Big West,Cal Poly,Big West,Big West,0,3,3-0,3,22,25,Cal Poly,Cal Poly,FALSE
2019-10-11,Arizona St.,Pac-12,California,Pac-12,Pac-12,0,3,3-0,3,20,25,California,California,FALSE
2019-10-11,Arizona,Pac-12,Stanford,Pac-12,Pac-12,0,3,3-0,3,16,25,Stanford,Stanford,FALSE
2019-10-12,Bowling Green,MAC,Western Mich.,MAC,MAC,3,0,3-0,3,25,22,Bowling Green,Bowling Green,FALSE
2019-10-12,UIW,Southland,Nicholls St.,Southland,Southland,2,3,3-2,5,21,25,Nicholls St.,Nicholls St.,FALSE
2019-10-12,Fairfield,MAAC,Saint Peter's,MAAC,MAAC,3,0,3-0,3,25,23,Fairfield,Fairfield,FALSE
2019-10-12,Houston Baptist,Southland,McNeese,Southland,Southland,3,2,3-2,5,25,21,Houston Baptist,Houston Baptist,FALSE
2019-10-12,CSU Bakersfield,WAC,UTRGV,WAC,WAC,1,3,3-1,4,25,16,CSU Bakersfield,UTRGV,TRUE
2019-10-12,Central Ark.,Southland,New Orleans,Southland,Southland,1,3,3-1,4,25,19,Central Ark.,New Orleans,TRUE
2019-10-12,Canisius,MAAC,Marist,MAAC,MAAC,3,2,3-2,5,19,25,Marist,Canisius,TRUE
2019-10-12,Quinnipiac,MAAC,Rider,MAAC,MAAC,0,3,3-0,3,25,27,Rider,Rider,FALSE
2019-10-12,Iona,MAAC,Manhattan,MAAC,MAAC,3,0,3-0,3,25,23,Iona,Iona,FALSE
2019-10-12,Niagara,MAAC,Siena,MAAC,MAAC,3,0,3-0,3,27,25,Niagara,Niagara,FALSE
2019-10-12,Holy Cross,Patriot,Bucknell,Patriot,Patriot,2,3,3-2,5,25,27,Bucknell,Bucknell,FALSE
2019-10-12,Abilene Christian,Southland,SFA,Southland,Southland,0,3,3-0,3,13,25,SFA,SFA,FALSE
2019-10-12,Lamar University,Southland,Sam Houston St.,Southland,Southland,0,3,3-0,3,21,25,Sam Houston St.,Sam Houston St.,FALSE
2019-10-12,West Virginia,Big 12,Kansas St.,Big 12,Big 12,3,1,3-1,4,18,25,Kansas St.,West Virginia,TRUE
2019-10-12,Texas Tech,Big 12,Iowa St.,Big 12,Big 12,3,1,3-1,4,25,22,Texas Tech,Texas Tech,FALSE
2019-10-12,Murray St.,OVC,Eastern Ky.,OVC,OVC,2,3,3-2,5,26,24,Murray St.,Eastern Ky.,TRUE
2019-10-12,Navy,Patriot,American,Patriot,Patriot,2,3,3-2,5,17,25,American,American,FALSE
2019-10-12,Baylor,Big 12,TCU,Big 12,Big 12,3,0,3-0,3,25,18,Baylor,Baylor,FALSE
2019-10-12,UNC Asheville,Big South,Campbell,Big South,Big South,0,3,3-0,3,19,25,Campbell,Campbell,FALSE
2019-10-12,Austin Peay,OVC,Morehead St.,OVC,OVC,1,3,3-1,4,20,25,Morehead St.,Morehead St.,FALSE
2019-10-12,High Point,Big South,Charleston So.,Big South,Big South,3,1,3-1,4,25,18,High Point,High Point,FALSE
2019-10-12,San Francisco,WCC,San Diego,WCC,WCC,0,3,3-0,3,18,25,San Diego,San Diego,FALSE
2019-10-12,Fresno St.,Mountain West,Wyoming,Mountain West,Mountain West,0,3,3-0,3,14,25,Wyoming,Wyoming,FALSE
2019-10-12,Montana St.,Big Sky,Southern Utah,Big Sky,Big Sky,1,3,3-1,4,19,25,Southern Utah,Southern Utah,FALSE
2019-10-12,San Diego St.,Mountain West,Colorado St.,Mountain West,Mountain West,0,3,3-0,3,19,25,Colorado St.,Colorado St.,FALSE
2019-10-12,Saint Mary's (CA),WCC,Portland,WCC,WCC,3,1,3-1,4,25,19,Saint Mary's (CA),Saint Mary's (CA),FALSE
2019-10-12,SIUE,OVC,Southeast Mo. St.,OVC,OVC,3,2,3-2,5,16,25,Southeast Mo. St.,SIUE,TRUE
2019-10-12,Santa Clara,WCC,BYU,WCC,WCC,0,3,3-0,3,16,25,BYU,BYU,FALSE
2019-10-12,Utah St.,Mountain West,New Mexico,Mountain West,Mountain West,3,2,3-2,5,19,25,New Mexico,Utah St.,TRUE
2019-10-12,Eastern Ill.,OVC,UT Martin,OVC,OVC,0,3,3-0,3,20,25,UT Martin,UT Martin,FALSE
2019-10-12,Jacksonville St.,OVC,Belmont,OVC,OVC,3,0,3-0,3,25,12,Jacksonville St.,Jacksonville St.,FALSE
2019-10-12,The Citadel,SoCon,ETSU,SoCon,SoCon,1,3,3-1,4,16,25,ETSU,ETSU,FALSE
2019-10-12,Sacramento St.,Big Sky,Weber St.,Big Sky,Big Sky,3,2,3-2,5,25,21,Sacramento St.,Sacramento St.,FALSE
2019-10-12,Pacific,WCC,Gonzaga,WCC,WCC,3,1,3-1,4,25,27,Gonzaga,Pacific,TRUE
2019-10-12,Grand Canyon,WAC,New Mexico St.,WAC,WAC,0,3,3-0,3,18,25,New Mexico St.,New Mexico St.,FALSE
2019-10-12,USC Upstate,Big South,Hampton,Big South,Big South,3,0,3-0,3,25,10,USC Upstate,USC Upstate,FALSE
2019-10-12,Montana,Big Sky,Northern Ariz.,Big Sky,Big Sky,2,3,3-2,5,25,22,Montana,Northern Ariz.,TRUE
2019-10-12,Kansas City,WAC,Seattle U,WAC,WAC,3,2,3-2,5,25,19,Kansas City,Kansas City,FALSE
2019-10-12,Army West Point,Patriot,Lehigh,Patriot,Patriot,3,0,3-0,3,25,19,Army West Point,Army West Point,FALSE
2019-10-12,Radford,Big South,Presbyterian,Big South,Big South,0,3,3-0,3,18,25,Presbyterian,Presbyterian,FALSE
2019-10-12,LIU,NEC,Robert Morris,NEC,NEC,0,3,3-0,3,22,25,Robert Morris,Robert Morris,FALSE
2019-10-12,Idaho,Big Sky,Northern Colo.,Big Sky,Big Sky,1,3,3-1,4,25,15,Idaho,Northern Colo.,TRUE
2019-10-12,Colgate,Patriot,Lafayette,Patriot,Patriot,3,2,3-2,5,25,18,Colgate,Colgate,FALSE
2019-10-12,Boise St.,Mountain West,UNLV,Mountain West,Mountain West,2,3,3-2,5,25,23,Boise St.,UNLV,TRUE
2019-10-12,Fairleigh Dickinson,NEC,Saint Francis (PA),NEC,NEC,1,3,3-1,4,11,25,Saint Francis (PA),Saint Francis (PA),FALSE
2019-10-12,Missouri St.,MVC,Loyola Chicago,MVC,MVC,0,3,3-0,3,14,25,Loyola Chicago,Loyola Chicago,FALSE
2019-10-12,Harvard,Ivy League,Cornell,Ivy League,Ivy League,1,3,3-1,4,17,25,Cornell,Cornell,FALSE
2019-10-12,Dartmouth,Ivy League,Columbia,Ivy League,Ivy League,1,3,3-1,4,20,25,Columbia,Columbia,FALSE
2019-10-12,Dayton,Atlantic 10,George Washington,Atlantic 10,Atlantic 10,3,0,3-0,3,26,24,Dayton,Dayton,FALSE
2019-10-12,Air Force,Mountain West,San Jose St.,Mountain West,Mountain West,0,3,3-0,3,17,25,San Jose St.,San Jose St.,FALSE
2019-10-12,Yale,Ivy League,Penn,Ivy League,Ivy League,3,0,3-0,3,25,18,Yale,Yale,FALSE
2019-10-12,Brown,Ivy League,Princeton,Ivy League,Ivy League,1,3,3-1,4,21,25,Princeton,Princeton,FALSE
2019-10-12,Bradley,MVC,Drake,MVC,MVC,3,1,3-1,4,29,27,Bradley,Bradley,FALSE
2019-10-12,Wofford,SoCon,Western Caro.,SoCon,SoCon,1,3,3-1,4,16,25,Western Caro.,Western Caro.,FALSE
2019-10-12,Oklahoma,Big 12,Texas,Big 12,Big 12,0,3,3-0,3,17,25,Texas,Texas,FALSE
2019-10-12,St. John's (NY),Big East,Xavier,Big East,Big East,3,0,3-0,3,25,14,St. John's (NY),St. John's (NY),FALSE
2019-10-12,Seton Hall,Big East,Butler,Big East,Big East,0,3,3-0,3,13,25,Butler,Butler,FALSE
2019-10-12,Ohio,MAC,Buffalo,MAC,MAC,3,2,3-2,5,14,25,Buffalo,Ohio,TRUE
2019-10-12,Furman,SoCon,Chattanooga,SoCon,SoCon,3,2,3-2,5,25,27,Chattanooga,Furman,TRUE
2019-10-12,Sacred Heart,NEC,Bryant,NEC,NEC,3,0,3-0,3,25,20,Sacred Heart,Sacred Heart,FALSE
2019-10-12,Tennessee Tech,OVC,Tennessee St.,OVC,OVC,3,0,3-0,3,25,22,Tennessee Tech,Tennessee Tech,FALSE
2019-10-12,Illinois St.,MVC,UNI,MVC,MVC,3,2,3-2,5,23,25,UNI,Illinois St.,TRUE
2019-10-12,Southern Ill.,MVC,Valparaiso,MVC,MVC,0,3,3-0,3,17,25,Valparaiso,Valparaiso,FALSE
2019-10-12,James Madison,CAA,William & Mary,CAA,CAA,3,0,3-0,3,25,16,James Madison,James Madison,FALSE
2019-10-12,UNC Greensboro,SoCon,Samford,SoCon,SoCon,1,3,3-1,4,13,25,Samford,Samford,FALSE
2019-10-12,Ohio St.,Big Ten,Penn St.,Big Ten,Big Ten,0,3,3-0,3,12,25,Penn St.,Penn St.,FALSE
2019-10-12,Kent St.,MAC,Akron,MAC,MAC,1,3,3-1,4,22,25,Akron,Akron,FALSE
2019-10-12,Delaware,CAA,Elon,CAA,CAA,2,3,3-2,5,25,21,Delaware,Elon,TRUE
2019-10-12,Creighton,Big East,Marquette,Big East,Big East,3,2,3-2,5,25,21,Creighton,Creighton,FALSE
2019-10-12,Miami (OH),MAC,Northern Ill.,MAC,MAC,3,2,3-2,5,21,25,Northern Ill.,Miami (OH),TRUE
2019-10-12,Providence,Big East,DePaul,Big East,Big East,1,3,3-1,4,17,25,DePaul,DePaul,FALSE
2019-10-12,Villanova,Big East,La Salle,Atlantic 10,Non-Conference,2,3,3-2,5,25,22,Villanova,La Salle,TRUE
2019-10-12,Maryland,Big Ten,Rutgers,Big Ten,Big Ten,3,1,3-1,4,23,25,Rutgers,Maryland,TRUE
2019-10-12,Saint Louis,Atlantic 10,George Mason,Atlantic 10,Atlantic 10,3,0,3-0,3,25,18,Saint Louis,Saint Louis,FALSE
2019-10-12,Coastal Carolina,Sun Belt,Arkansas St.,Sun Belt,Sun Belt,3,1,3-1,4,25,18,Coastal Carolina,Coastal Carolina,FALSE
2019-10-12,Appalachian St.,Sun Belt,Little Rock,Sun Belt,Sun Belt,1,3,3-1,4,21,25,Little Rock,Little Rock,FALSE
2019-10-12,La.-Monroe,Sun Belt,South Alabama,Sun Belt,Sun Belt,0,3,3-0,3,19,25,South Alabama,South Alabama,FALSE
2019-10-12,Ga. Southern,Sun Belt,Texas St.,Sun Belt,Sun Belt,0,3,3-0,3,10,25,Texas St.,Texas St.,FALSE
2019-10-12,Louisiana,Sun Belt,Troy,Sun Belt,Sun Belt,1,3,3-1,4,23,25,Troy,Troy,FALSE
2019-10-12,Georgia St.,Sun Belt,UT Arlington,Sun Belt,Sun Belt,3,2,3-2,5,25,13,Georgia St.,Georgia St.,FALSE
2019-10-12,Ball St.,MAC,Eastern Mich.,MAC,MAC,3,2,3-2,5,20,25,Eastern Mich.,Ball St.,TRUE
2019-10-12,Toledo,MAC,Central Mich.,MAC,MAC,2,3,3-2,5,15,25,Central Mich.,Central Mich.,FALSE
2019-10-12,Indiana,Big Ten,Illinois,Big Ten,Big Ten,0,3,3-0,3,10,25,Illinois,Illinois,FALSE
2019-10-12,Long Beach St.,Big West,UC Riverside,Big West,Big West,3,0,3-0,3,26,24,Long Beach St.,Long Beach St.,FALSE
2019-10-12,Purdue,Big Ten,Northwestern,Big Ten,Big Ten,3,0,3-0,3,25,22,Purdue,Purdue,FALSE
2019-10-12,Portland St.,Big Sky,Idaho St.,Big Sky,Big Sky,2,3,3-2,5,22,25,Idaho St.,Idaho St.,FALSE
2019-10-12,Hawaii,Big West,UC Santa Barbara,Big West,Big West,3,0,3-0,3,25,20,Hawaii,Hawaii,FALSE
2019-10-12,Cal St. Fullerton,Big West,UC Irvine,Big West,Big West,3,1,3-1,4,19,25,UC Irvine,Cal St. Fullerton,TRUE
2019-10-13,Mississippi St.,SEC,Tennessee,SEC,SEC,0,3,3-0,3,15,25,Tennessee,Tennessee,FALSE
2019-10-13,Col. of Charleston,CAA,Northeastern,CAA,CAA,1,3,3-1,4,22,25,Northeastern,Northeastern,FALSE
2019-10-13,South Carolina,SEC,Arkansas,SEC,SEC,3,2,3-2,5,23,25,Arkansas,South Carolina,TRUE
2019-10-13,Charlotte,C-USA,Fla. Atlantic,C-USA,C-USA,0,3,3-0,3,23,25,Fla. Atlantic,Fla. Atlantic,FALSE
2019-10-13,Memphis,AAC,UCF,AAC,AAC,0,3,3-0,3,14,25,UCF,UCF,FALSE
2019-10-13,East Carolina,AAC,UConn,AAC,AAC,3,0,3-0,3,25,20,East Carolina,East Carolina,FALSE
2019-10-13,SMU,AAC,South Fla.,AAC,AAC,3,1,3-1,4,25,22,SMU,SMU,FALSE
2019-10-13,Western Ky.,C-USA,FIU,C-USA,C-USA,3,0,3-0,3,25,12,Western Ky.,Western Ky.,FALSE
2019-10-13,Miami (FL),ACC,NC State,ACC,ACC,0,3,3-0,3,17,25,NC State,NC State,FALSE
2019-10-13,Georgia Tech,ACC,Virginia Tech,ACC,ACC,3,0,3-0,3,25,15,Georgia Tech,Georgia Tech,FALSE
2019-10-13,Florida,SEC,Texas A&M,SEC,SEC,3,2,3-2,5,25,23,Florida,Florida,FALSE
2019-10-13,Canisius,MAAC,Siena,MAAC,MAAC,2,3,3-2,5,25,21,Canisius,Siena,TRUE
2019-10-13,Yale,Ivy League,Princeton,Ivy League,Ivy League,0,3,3-0,3,19,25,Princeton,Princeton,FALSE
2019-10-13,Cincinnati,AAC,Temple,AAC,AAC,3,0,3-0,3,25,17,Cincinnati,Cincinnati,FALSE
2019-10-13,UMBC,America East,Stony Brook,America East,America East,0,3,3-0,3,20,25,Stony Brook,Stony Brook,FALSE
2019-10-13,Rhode Island,Atlantic 10,Davidson,Atlantic 10,Atlantic 10,0,3,3-0,3,17,25,Davidson,Davidson,FALSE
2019-10-13,UNCW,CAA,Hofstra,CAA,CAA,2,3,3-2,5,25,16,UNCW,Hofstra,TRUE
2019-10-13,Coppin St.,MEAC,Howard,MEAC,MEAC,0,3,3-0,3,22,25,Howard,Howard,FALSE
2019-10-13,Virginia,ACC,Syracuse,ACC,ACC,0,3,3-0,3,16,25,Syracuse,Syracuse,FALSE
2019-10-13,Fairfield,MAAC,Rider,MAAC,MAAC,3,0,3-0,3,25,17,Fairfield,Fairfield,FALSE
2019-10-13,Fordham,Atlantic 10,VCU,Atlantic 10,Atlantic 10,0,3,3-0,3,13,25,VCU,VCU,FALSE
2019-10-13,Louisville,ACC,Wake Forest,ACC,ACC,3,0,3-0,3,25,17,Louisville,Louisville,FALSE
2019-10-13,Quinnipiac,MAAC,Saint Peter's,MAAC,MAAC,3,0,3-0,3,25,18,Quinnipiac,Quinnipiac,FALSE
2019-10-13,N.C. Central,MEAC,Bethune-Cookman,MEAC,MEAC,1,3,3-1,4,19,25,Bethune-Cookman,Bethune-Cookman,FALSE
2019-10-13,Michigan,Big Ten,Nebraska,Big Ten,Big Ten,0,3,3-0,3,21,25,Nebraska,Nebraska,FALSE
2019-10-13,Stetson,ASUN,Liberty,ASUN,ASUN,3,2,3-2,5,23,25,Liberty,Stetson,TRUE
2019-10-13,Niagara,MAAC,Marist,MAAC,MAAC,0,3,3-0,3,18,25,Marist,Marist,FALSE
2019-10-13,N.C. A&T,MEAC,Florida A&M,MEAC,MEAC,3,1,3-1,4,23,25,Florida A&M,N.C. A&T,TRUE
2019-10-13,North Florida,ASUN,Jacksonville,ASUN,ASUN,3,2,3-2,5,26,24,North Florida,North Florida,FALSE
2019-10-13,Florida St.,ACC,North Carolina,ACC,ACC,2,3,3-2,5,26,24,Florida St.,North Carolina,TRUE
2019-10-13,Houston,AAC,Tulsa,AAC,AAC,3,1,3-1,4,28,26,Houston,Houston,FALSE
2019-10-13,Denver,Summit League,North Dakota St.,Summit League,Summit League,3,1,3-1,4,25,20,Denver,Denver,FALSE
2019-10-13,LSU,SEC,Georgia,SEC,SEC,2,3,3-2,5,25,16,LSU,Georgia,TRUE
2019-10-13,Michigan St.,Big Ten,Iowa,Big Ten,Big Ten,3,2,3-2,5,25,15,Michigan St.,Michigan St.,FALSE
2019-10-13,North Dakota,Summit League,South Dakota St.,Summit League,Summit League,1,3,3-1,4,17,25,South Dakota St.,South Dakota St.,FALSE
2019-10-13,Oral Roberts,Summit League,Western Ill.,Summit League,Summit League,0,3,3-0,3,18,25,Western Ill.,Western Ill.,FALSE
2019-10-13,Middle Tenn.,C-USA,Rice,C-USA,C-USA,0,3,3-0,3,18,25,Rice,Rice,FALSE
2019-10-13,Southern California,Pac-12,Utah,Pac-12,Pac-12,2,3,3-2,5,25,20,Southern California,Utah,TRUE
2019-10-13,UIC,Horizon,Cleveland St.,Horizon,Horizon,3,1,3-1,4,25,19,UIC,UIC,FALSE
2019-10-13,Tulane,AAC,Wichita St.,AAC,AAC,3,2,3-2,5,25,27,Wichita St.,Tulane,TRUE
2019-10-13,Towson,CAA,Elon,CAA,CAA,3,1,3-1,4,23,25,Elon,Towson,TRUE
2019-10-13,UAB,C-USA,UTSA,C-USA,C-USA,0,3,3-0,3,13,25,UTSA,UTSA,FALSE
2019-10-13,IUPUI,Horizon,Green Bay,Horizon,Horizon,2,3,3-2,5,16,25,Green Bay,Green Bay,FALSE
2019-10-13,Southern Miss.,C-USA,North Texas,C-USA,C-USA,0,3,3-0,3,14,25,North Texas,North Texas,FALSE
2019-10-13,Purdue Fort Wayne,Summit League,Omaha,Summit League,Summit League,3,2,3-2,5,25,22,Purdue Fort Wayne,Purdue Fort Wayne,FALSE
2019-10-13,Kennesaw St.,ASUN,FGCU,ASUN,ASUN,1,3,3-1,4,21,25,FGCU,FGCU,FALSE
2019-10-13,Louisiana Tech,C-USA,UTEP,C-USA,C-USA,0,3,3-0,3,16,25,UTEP,UTEP,FALSE
2019-10-13,Auburn,SEC,Ole Miss,SEC,SEC,0,3,3-0,3,21,25,Ole Miss,Ole Miss,FALSE
2019-10-13,Pittsburgh,ACC,Boston College,ACC,ACC,3,0,3-0,3,25,23,Pittsburgh,Pittsburgh,FALSE
2019-10-13,Oregon St.,Pac-12,Washington St.,Pac-12,Pac-12,1,3,3-1,4,21,25,Washington St.,Washington St.,FALSE
2019-10-13,Arizona,Pac-12,California,Pac-12,Pac-12,0,3,3-0,3,23,25,California,California,FALSE
2019-10-13,Lipscomb,ASUN,NJIT,ASUN,ASUN,3,0,3-0,3,25,22,Lipscomb,Lipscomb,FALSE
2019-10-13,Notre Dame,ACC,Duke,ACC,ACC,3,1,3-1,4,26,24,Notre Dame,Notre Dame,FALSE
2019-10-13,UCLA,Pac-12,Colorado,Pac-12,Pac-12,3,0,3-0,3,25,15,UCLA,UCLA,FALSE
2019-10-13,Minnesota,Big Ten,Wisconsin,Big Ten,Big Ten,0,3,3-0,3,18,25,Wisconsin,Wisconsin,FALSE
2019-10-13,Arizona St.,Pac-12,Stanford,Pac-12,Pac-12,0,3,3-0,3,18,25,Stanford,Stanford,FALSE
2019-10-13,CSUN,Big West,UC Davis,Big West,Big West,2,3,3-2,5,25,23,CSUN,UC Davis,TRUE
2019-10-13,Oregon,Pac-12,Washington,Pac-12,Pac-12,2,3,3-2,5,25,23,Oregon,Washington,TRUE
2019-10-13,Albany (NY),America East,Hartford,America East,America East,3,0,3-0,3,25,16,Albany (NY),Albany (NY),FALSE
2019-10-13,Milwaukee,Horizon,Oakland,Horizon,Horizon,2,3,3-2,5,25,23,Milwaukee,Oakland,TRUE
2019-10-13,Grambling,SWAC,Southern U.,SWAC,SWAC,0,3,3-0,3,19,25,Southern U.,Southern U.,FALSE
2019-10-13,Ark.-Pine Bluff,SWAC,Prairie View,SWAC,SWAC,0,3,3-0,3,15,25,Prairie View,Prairie View,FALSE
2019-10-13,Delaware St.,MEAC,The Citadel,SoCon,Non-Conference,0,3,3-0,3,18,25,The Citadel,The Citadel,FALSE
2019-10-13,Alabama St.,SWAC,Jackson St.,SWAC,SWAC,2,3,3-2,5,16,25,Jackson St.,Jackson St.,FALSE
2019-10-14,N.C. Central,MEAC,The Citadel,SoCon,Non-Conference,1,3,3-1,4,25,23,N.C. Central,The Citadel,TRUE
2019-10-14,Delaware,CAA,William & Mary,CAA,CAA,0,3,3-0,3,23,25,William & Mary,William & Mary,FALSE
2019-10-14,Morgan St.,MEAC,Norfolk St.,MEAC,MEAC,0,3,3-0,3,15,25,Norfolk St.,Norfolk St.,FALSE
2019-10-14,Mississippi Val.,SWAC,Alcorn,SWAC,SWAC,0,3,3-0,3,18,25,Alcorn,Alcorn,FALSE
2019-10-14,Ark.-Pine Bluff,SWAC,Texas Southern,SWAC,SWAC,2,3,3-2,5,27,25,Ark.-Pine Bluff,Texas Southern,TRUE
2019-10-14,Alabama A&M,SWAC,Jackson St.,SWAC,SWAC,3,0,3-0,3,25,10,Alabama A&M,Alabama A&M,FALSE
2019-10-14,Chicago St.,WAC,Utah Valley,WAC,WAC,0,3,3-0,3,12,25,Utah Valley,Utah Valley,FALSE
2019-10-14,San Diego St.,Mountain West,Fresno St.,Mountain West,Mountain West,0,3,3-0,3,24,26,Fresno St.,Fresno St.,FALSE
2019-10-15,Florida A&M,MEAC,North Florida,ASUN,Non-Conference,2,3,3-2,5,25,22,Florida A&M,North Florida,TRUE
2019-10-15,Delaware St.,MEAC,UMES,MEAC,MEAC,1,3,3-1,4,27,25,Delaware St.,UMES,TRUE
2019-10-15,West Virginia,Big 12,Morehead St.,OVC,Non-Conference,3,1,3-1,4,25,21,West Virginia,West Virginia,FALSE
2019-10-15,Lehigh,Patriot,Loyola Maryland,Patriot,Patriot,3,0,3-0,3,27,25,Lehigh,Lehigh,FALSE
2019-10-15,Central Conn. St.,NEC,Bryant,NEC,NEC,2,3,3-2,5,25,17,Central Conn. St.,Bryant,TRUE
2019-10-15,Bucknell,Patriot,Navy,Patriot,Patriot,0,3,3-0,3,16,25,Navy,Navy,FALSE
2019-10-15,Lafayette,Patriot,Army West Point,Patriot,Patriot,1,3,3-1,4,17,25,Army West Point,Army West Point,FALSE
2019-10-15,Northwestern St.,Southland,Central Ark.,Southland,Southland,3,1,3-1,4,27,25,Northwestern St.,Northwestern St.,FALSE
2019-10-15,McNeese,Southland,New Orleans,Southland,Southland,0,3,3-0,3,17,25,New Orleans,New Orleans,FALSE
2019-10-15,Southern U.,SWAC,Southeastern La.,Southland,Non-Conference,0,3,3-0,3,16,25,Southeastern La.,Southeastern La.,FALSE
2019-10-15,North Dakota St.,Summit League,North Dakota,Summit League,Summit League,3,1,3-1,4,25,22,North Dakota St.,North Dakota St.,FALSE
2019-10-15,Denver,Summit League,Omaha,Summit League,Summit League,3,2,3-2,5,19,25,Omaha,Denver,TRUE
2019-10-15,Portland St.,Big Sky,Sacramento St.,Big Sky,Big Sky,0,3,3-0,3,15,25,Sacramento St.,Sacramento St.,FALSE
2019-10-16,St. John's (NY),Big East,Georgetown,Big East,Big East,3,1,3-1,4,25,23,St. John's (NY),St. John's (NY),FALSE
2019-10-16,ETSU,SoCon,Western Caro.,SoCon,SoCon,3,0,3-0,3,25,20,ETSU,ETSU,FALSE
2019-10-16,St. Francis Brooklyn,NEC,LIU,NEC,NEC,1,3,3-1,4,25,15,St. Francis Brooklyn,LIU,TRUE
2019-10-16,UNC Greensboro,SoCon,Furman,SoCon,SoCon,1,3,3-1,4,24,26,Furman,Furman,FALSE
2019-10-16,Wofford,SoCon,The Citadel,SoCon,SoCon,1,3,3-1,4,23,25,The Citadel,The Citadel,FALSE
2019-10-16,FGCU,ASUN,FIU,C-USA,Non-Conference,3,0,3-0,3,25,18,FGCU,FGCU,FALSE
2019-10-16,Elon,CAA,N.C. Central,MEAC,Non-Conference,3,1,3-1,4,25,22,Elon,Elon,FALSE
2019-10-16,Appalachian St.,Sun Belt,Coastal Carolina,Sun Belt,Sun Belt,1,3,3-1,4,25,21,Appalachian St.,Coastal Carolina,TRUE
2019-10-16,Kansas,Big 12,Texas Tech,Big 12,Big 12,2,3,3-2,5,22,25,Texas Tech,Texas Tech,FALSE
2019-10-16,Seton Hall,Big East,Villanova,Big East,Big East,1,3,3-1,4,19,25,Villanova,Villanova,FALSE
2019-10-16,Manhattan,MAAC,Saint Peter's,MAAC,MAAC,3,1,3-1,4,25,20,Manhattan,Manhattan,FALSE
2019-10-16,Indiana,Big Ten,Maryland,Big Ten,Big Ten,2,3,3-2,5,27,25,Indiana,Maryland,TRUE
2019-10-16,Rider,MAAC,Iona,MAAC,MAAC,3,1,3-1,4,25,16,Rider,Rider,FALSE
2019-10-16,Louisville,ACC,Notre Dame,ACC,ACC,3,2,3-2,5,22,25,Notre Dame,Louisville,TRUE
2019-10-16,Kentucky,SEC,Tennessee,SEC,SEC,3,0,3-0,3,25,23,Kentucky,Kentucky,FALSE
2019-10-16,TCU,Big 12,Iowa St.,Big 12,Big 12,0,3,3-0,3,23,25,Iowa St.,Iowa St.,FALSE
2019-10-16,South Carolina,SEC,Florida,SEC,SEC,0,3,3-0,3,17,25,Florida,Florida,FALSE
2019-10-16,Iowa,Big Ten,Ohio St.,Big Ten,Big Ten,0,3,3-0,3,22,25,Ohio St.,Ohio St.,FALSE
2019-10-16,Kansas St.,Big 12,Oklahoma,Big 12,Big 12,2,3,3-2,5,25,20,Kansas St.,Oklahoma,TRUE
2019-10-16,Purdue,Big Ten,Nebraska,Big Ten,Big Ten,1,3,3-1,4,21,25,Nebraska,Nebraska,FALSE
2019-10-17,La.-Monroe,Sun Belt,Ga. Southern,Sun Belt,Sun Belt,3,2,3-2,5,19,25,Ga. Southern,La.-Monroe,TRUE
2019-10-17,Jackson St.,SWAC,Mississippi Val.,SWAC,SWAC,3,0,3-0,3,25,12,Jackson St.,Jackson St.,FALSE
2019-10-17,Southeastern La.,Southland,Abilene Christian,Southland,Southland,3,1,3-1,4,25,15,Southeastern La.,Southeastern La.,FALSE
2019-10-17,Grambling,SWAC,Ark.-Pine Bluff,SWAC,SWAC,2,3,3-2,5,16,25,Ark.-Pine Bluff,Ark.-Pine Bluff,FALSE
2019-10-17,Houston Baptist,Southland,UIW,Southland,Southland,3,0,3-0,3,25,16,Houston Baptist,Houston Baptist,FALSE
2019-10-17,Sam Houston St.,Southland,A&M-Corpus Christi,Southland,Southland,1,3,3-1,4,21,25,A&M-Corpus Christi,A&M-Corpus Christi,FALSE
2019-10-17,Nicholls St.,Southland,SFA,Southland,Southland,0,3,3-0,3,22,25,SFA,SFA,FALSE
2019-10-17,New Mexico,Mountain West,Nevada,Mountain West,Mountain West,3,2,3-2,5,21,25,Nevada,New Mexico,TRUE
2019-10-17,New Mexico St.,WAC,Kansas City,WAC,WAC,3,1,3-1,4,25,21,New Mexico St.,New Mexico St.,FALSE
2019-10-17,Central Ark.,Southland,Lamar University,Southland,Southland,3,0,3-0,3,25,23,Central Ark.,Central Ark.,FALSE
2019-10-17,UTRGV,WAC,Chicago St.,WAC,WAC,3,0,3-0,3,25,20,UTRGV,UTRGV,FALSE
2019-10-17,Fresno St.,Mountain West,Air Force,Mountain West,Mountain West,1,3,3-1,4,18,25,Air Force,Air Force,FALSE
2019-10-17,Weber St.,Big Sky,Montana St.,Big Sky,Big Sky,3,0,3-0,3,25,23,Weber St.,Weber St.,FALSE
2019-10-17,Northern Ariz.,Big Sky,Idaho,Big Sky,Big Sky,1,3,3-1,4,25,22,Northern Ariz.,Idaho,TRUE
2019-10-17,Wyoming,Mountain West,Utah St.,Mountain West,Mountain West,3,2,3-2,5,25,13,Wyoming,Wyoming,FALSE
2019-10-17,Idaho St.,Big Sky,Montana,Big Sky,Big Sky,3,0,3-0,3,25,22,Idaho St.,Idaho St.,FALSE
2019-10-17,UNLV,Mountain West,San Jose St.,Mountain West,Mountain West,3,0,3-0,3,25,18,UNLV,UNLV,FALSE
2019-10-17,Colorado St.,Mountain West,Boise St.,Mountain West,Mountain West,3,2,3-2,5,21,25,Boise St.,Colorado St.,TRUE
2019-10-17,Southern Utah,Big Sky,Eastern Wash.,Big Sky,Big Sky,2,3,3-2,5,13,25,Eastern Wash.,Eastern Wash.,FALSE
2019-10-17,Portland,WCC,San Francisco,WCC,WCC,3,2,3-2,5,25,14,Portland,Portland,FALSE
2019-10-17,Gonzaga,WCC,Santa Clara,WCC,WCC,0,3,3-0,3,17,25,Santa Clara,Santa Clara,FALSE
2019-10-17,Grand Canyon,WAC,CSU Bakersfield,WAC,WAC,3,2,3-2,5,25,18,Grand Canyon,Grand Canyon,FALSE
2019-10-17,Pepperdine,WCC,Pacific,WCC,WCC,3,1,3-1,4,15,25,Pacific,Pepperdine,TRUE
2019-10-17,LMU (CA),WCC,Saint Mary's (CA),WCC,WCC,3,2,3-2,5,24,26,Saint Mary's (CA),LMU (CA),TRUE
2019-10-17,Northern Colo.,Big Sky,Sacramento St.,Big Sky,Big Sky,3,1,3-1,4,25,16,Northern Colo.,Northern Colo.,FALSE
2019-10-18,Saint Francis (PA),NEC,St. Francis Brooklyn,NEC,NEC,0,3,3-0,3,17,25,St. Francis Brooklyn,St. Francis Brooklyn,FALSE
2019-10-18,DePaul,Big East,Georgetown,Big East,Big East,2,3,3-2,5,23,25,Georgetown,Georgetown,FALSE
2019-10-18,Morgan St.,MEAC,Bethune-Cookman,MEAC,MEAC,3,2,3-2,5,25,22,Morgan St.,Morgan St.,FALSE
2019-10-18,Chattanooga,SoCon,Wofford,SoCon,SoCon,2,3,3-2,5,25,21,Chattanooga,Wofford,TRUE
2019-10-18,Coppin St.,MEAC,Florida A&M,MEAC,MEAC,3,1,3-1,4,25,21,Coppin St.,Coppin St.,FALSE
2019-10-18,Rice,C-USA,Marshall,C-USA,C-USA,3,0,3-0,3,25,22,Rice,Rice,FALSE
2019-10-18,High Point,Big South,Winthrop,Big South,Big South,0,3,3-0,3,24,26,Winthrop,Winthrop,FALSE
2019-10-18,Campbell,Big South,Charleston So.,Big South,Big South,3,0,3-0,3,25,20,Campbell,Campbell,FALSE
2019-10-18,Delaware St.,MEAC,N.C. Central,MEAC,MEAC,2,3,3-2,5,15,25,N.C. Central,N.C. Central,FALSE
2019-10-18,Eastern Ky.,OVC,UT Martin,OVC,OVC,0,3,3-0,3,19,25,UT Martin,UT Martin,FALSE
2019-10-18,North Texas,C-USA,Charlotte,C-USA,C-USA,3,0,3-0,3,25,13,North Texas,North Texas,FALSE
2019-10-18,Toledo,MAC,Kent St.,MAC,MAC,2,3,3-2,5,22,25,Kent St.,Kent St.,FALSE
2019-10-18,Dayton,Atlantic 10,Fordham,Atlantic 10,Atlantic 10,3,0,3-0,3,25,19,Dayton,Dayton,FALSE
2019-10-18,Norfolk St.,MEAC,Howard,MEAC,MEAC,0,3,3-0,3,18,25,Howard,Howard,FALSE
2019-10-18,UMES,MEAC,N.C. A&T,MEAC,MEAC,2,3,3-2,5,26,24,UMES,N.C. A&T,TRUE
2019-10-18,Saint Louis,Atlantic 10,Rhode Island,Atlantic 10,Atlantic 10,3,2,3-2,5,25,23,Saint Louis,Saint Louis,FALSE
2019-10-18,Xavier,Big East,Providence,Big East,Big East,3,1,3-1,4,25,19,Xavier,Xavier,FALSE
2019-10-18,NJIT,ASUN,Stetson,ASUN,ASUN,0,3,3-0,3,15,25,Stetson,Stetson,FALSE
2019-10-18,Radford,Big South,Gardner-Webb,Big South,Big South,3,0,3-0,3,26,24,Radford,Radford,FALSE
2019-10-18,Mercer,SoCon,Furman,SoCon,SoCon,2,3,3-2,5,25,21,Mercer,Furman,TRUE
2019-10-18,Central Mich.,MAC,Bowling Green,MAC,MAC,3,0,3-0,3,25,22,Central Mich.,Central Mich.,FALSE
2019-10-18,Notre Dame,ACC,Virginia Tech,ACC,ACC,3,1,3-1,4,19,25,Virginia Tech,Notre Dame,TRUE
2019-10-18,Morehead St.,OVC,Southeast Mo. St.,OVC,OVC,0,3,3-0,3,10,25,Southeast Mo. St.,Southeast Mo. St.,FALSE
2019-10-18,Hampton,Big South,Presbyterian,Big South,Big South,0,3,3-0,3,17,25,Presbyterian,Presbyterian,FALSE
2019-10-18,Western Mich.,MAC,Buffalo,MAC,MAC,2,3,3-2,5,19,25,Buffalo,Buffalo,FALSE
2019-10-18,Youngstown St.,Horizon,Cleveland St.,Horizon,Horizon,3,1,3-1,4,25,18,Youngstown St.,Youngstown St.,FALSE
2019-10-18,American,Patriot,Holy Cross,Patriot,Patriot,3,0,3-0,3,27,25,American,American,FALSE
2019-10-18,Coastal Carolina,Sun Belt,Appalachian St.,Sun Belt,Sun Belt,3,0,3-0,3,25,17,Coastal Carolina,Coastal Carolina,FALSE
2019-10-18,Hofstra,CAA,Delaware,CAA,CAA,3,0,3-0,3,25,20,Hofstra,Hofstra,FALSE
2019-10-18,NC State,ACC,Virginia,ACC,ACC,3,1,3-1,4,25,21,NC State,NC State,FALSE
2019-10-18,Boston College,ACC,Florida St.,ACC,ACC,0,3,3-0,3,24,26,Florida St.,Florida St.,FALSE
2019-10-18,La.-Monroe,Sun Belt,Georgia St.,Sun Belt,Sun Belt,0,3,3-0,3,24,26,Georgia St.,Georgia St.,FALSE
2019-10-18,Louisiana,Sun Belt,Ga. Southern,Sun Belt,Sun Belt,3,1,3-1,4,25,15,Louisiana,Louisiana,FALSE
2019-10-18,Belmont,OVC,Murray St.,OVC,OVC,0,3,3-0,3,19,25,Murray St.,Murray St.,FALSE
2019-10-18,Wright St.,Horizon,Green Bay,Horizon,Horizon,1,3,3-1,4,25,18,Wright St.,Green Bay,TRUE
2019-10-18,ETSU,SoCon,Samford,SoCon,SoCon,3,2,3-2,5,25,21,ETSU,ETSU,FALSE
2019-10-18,Hartford,America East,New Hampshire,America East,America East,0,3,3-0,3,19,25,New Hampshire,New Hampshire,FALSE
2019-10-18,Penn St.,Big Ten,Michigan,Big Ten,Big Ten,3,1,3-1,4,25,23,Penn St.,Penn St.,FALSE
2019-10-18,UTEP,C-USA,FIU,C-USA,C-USA,3,1,3-1,4,12,25,FIU,UTEP,TRUE
2019-10-18,Marquette,Big East,Villanova,Big East,Big East,3,0,3-0,3,25,22,Marquette,Marquette,FALSE
2019-10-18,IUPUI,Horizon,Milwaukee,Horizon,Horizon,0,3,3-0,3,14,25,Milwaukee,Milwaukee,FALSE
2019-10-18,Loyola Chicago,MVC,Illinois St.,MVC,MVC,1,3,3-1,4,25,19,Loyola Chicago,Illinois St.,TRUE
2019-10-18,Penn,Ivy League,Dartmouth,Ivy League,Ivy League,3,1,3-1,4,25,21,Penn,Penn,FALSE
2019-10-18,Duquesne,Atlantic 10,George Mason,Atlantic 10,Atlantic 10,3,1,3-1,4,25,23,Duquesne,Duquesne,FALSE
2019-10-18,Wake Forest,ACC,Georgia Tech,ACC,ACC,0,3,3-0,3,10,25,Georgia Tech,Georgia Tech,FALSE
2019-10-18,Columbia,Ivy League,Yale,Ivy League,Ivy League,0,3,3-0,3,20,25,Yale,Yale,FALSE
2019-10-18,Loyola Maryland,Patriot,Army West Point,Patriot,Patriot,0,3,3-0,3,14,25,Army West Point,Army West Point,FALSE
2019-10-18,Valparaiso,MVC,Bradley,MVC,MVC,0,3,3-0,3,19,25,Bradley,Bradley,FALSE
2019-10-18,Cornell,Ivy League,Brown,Ivy League,Ivy League,3,0,3-0,3,25,22,Cornell,Cornell,FALSE
2019-10-18,Duke,ACC,Clemson,ACC,ACC,2,3,3-2,5,15,25,Clemson,Clemson,FALSE
2019-10-18,Liberty,ASUN,Kennesaw St.,ASUN,ASUN,1,3,3-1,4,25,21,Liberty,Kennesaw St.,TRUE
2019-10-18,Navy,Patriot,Colgate,Patriot,Patriot,1,3,3-1,4,23,25,Colgate,Colgate,FALSE
2019-10-18,Northeastern,CAA,James Madison,CAA,CAA,0,3,3-0,3,23,25,James Madison,James Madison,FALSE
2019-10-18,Rutgers,Big Ten,Michigan St.,Big Ten,Big Ten,0,3,3-0,3,21,25,Michigan St.,Michigan St.,FALSE
2019-10-18,Drake,MVC,UNI,MVC,MVC,0,3,3-0,3,18,25,UNI,UNI,FALSE
2019-10-18,Sacred Heart,NEC,Fairleigh Dickinson,NEC,NEC,3,0,3-0,3,25,18,Sacred Heart,Sacred Heart,FALSE
2019-10-18,Eastern Mich.,MAC,Miami (OH),MAC,MAC,1,3,3-1,4,22,25,Miami (OH),Miami (OH),FALSE
2019-10-18,La Salle,Atlantic 10,George Washington,Atlantic 10,Atlantic 10,2,3,3-2,5,23,25,George Washington,George Washington,FALSE
2019-10-18,Binghamton,America East,Albany (NY),America East,America East,0,3,3-0,3,10,25,Albany (NY),Albany (NY),FALSE
2019-10-18,Tennessee St.,OVC,Austin Peay,OVC,OVC,0,3,3-0,3,8,25,Austin Peay,Austin Peay,FALSE
2019-10-18,Evansville,MVC,Southern Ill.,MVC,MVC,3,0,3-0,3,27,25,Evansville,Evansville,FALSE
2019-10-18,Jacksonville St.,OVC,SIUE,OVC,OVC,1,3,3-1,4,21,25,SIUE,SIUE,FALSE
2019-10-18,Syracuse,ACC,Miami (FL),ACC,ACC,1,3,3-1,4,25,18,Syracuse,Miami (FL),TRUE
2019-10-18,Northern Ill.,MAC,Akron,MAC,MAC,0,3,3-0,3,22,25,Akron,Akron,FALSE
2019-10-18,UNCW,CAA,Towson,CAA,CAA,1,3,3-1,4,15,25,Towson,Towson,FALSE
2019-10-18,Western Ky.,C-USA,Middle Tenn.,C-USA,C-USA,3,0,3-0,3,25,15,Western Ky.,Western Ky.,FALSE
2019-10-18,Tennessee Tech,OVC,Eastern Ill.,OVC,OVC,2,3,3-2,5,37,39,Eastern Ill.,Eastern Ill.,FALSE
2019-10-18,Northern Ky.,Horizon,UIC,Horizon,Horizon,2,3,3-2,5,25,16,Northern Ky.,UIC,TRUE
2019-10-18,Princeton,Ivy League,Harvard,Ivy League,Ivy League,3,0,3-0,3,25,15,Princeton,Princeton,FALSE
2019-10-18,North Carolina,ACC,Pittsburgh,ACC,ACC,0,3,3-0,3,22,25,Pittsburgh,Pittsburgh,FALSE
2019-10-18,Ball St.,MAC,Ohio,MAC,MAC,3,0,3-0,3,25,20,Ball St.,Ball St.,FALSE
2019-10-18,Robert Morris,NEC,Central Conn. St.,NEC,NEC,3,1,3-1,4,18,25,Central Conn. St.,Robert Morris,TRUE
2019-10-18,Indiana St.,MVC,Missouri St.,MVC,MVC,2,3,3-2,5,25,27,Missouri St.,Missouri St.,FALSE
2019-10-18,UTSA,C-USA,Southern Miss.,C-USA,C-USA,3,2,3-2,5,25,22,UTSA,UTSA,FALSE
2019-10-18,Jacksonville,ASUN,Lipscomb,ASUN,ASUN,0,3,3-0,3,11,25,Lipscomb,Lipscomb,FALSE
2019-10-18,Troy,Sun Belt,Texas St.,Sun Belt,Sun Belt,0,3,3-0,3,35,37,Texas St.,Texas St.,FALSE
2019-10-18,South Alabama,Sun Belt,UT Arlington,Sun Belt,Sun Belt,3,1,3-1,4,22,25,UT Arlington,South Alabama,TRUE
2019-10-18,East Carolina,AAC,Houston,AAC,AAC,2,3,3-2,5,25,21,East Carolina,Houston,TRUE
2019-10-18,Western Ill.,Summit League,South Dakota,Summit League,Summit League,0,3,3-0,3,17,25,South Dakota,South Dakota,FALSE
2019-10-18,Cincinnati,AAC,Tulane,AAC,AAC,0,3,3-0,3,23,25,Tulane,Tulane,FALSE
2019-10-18,Alabama St.,SWAC,Alabama A&M,SWAC,SWAC,3,0,3-0,3,25,23,Alabama St.,Alabama St.,FALSE
2019-10-18,UCF,AAC,Wichita St.,AAC,AAC,3,1,3-1,4,23,25,Wichita St.,UCF,TRUE
2019-10-18,Alabama,SEC,LSU,SEC,SEC,1,3,3-1,4,19,25,LSU,LSU,FALSE
2019-10-18,Missouri,SEC,Auburn,SEC,SEC,3,1,3-1,4,25,12,Missouri,Missouri,FALSE
2019-10-18,South Fla.,AAC,Tulsa,AAC,AAC,0,3,3-0,3,14,25,Tulsa,Tulsa,FALSE
2019-10-18,Northwestern,Big Ten,Minnesota,Big Ten,Big Ten,0,3,3-0,3,18,25,Minnesota,Minnesota,FALSE
2019-10-18,Butler,Big East,Creighton,Big East,Big East,0,3,3-0,3,17,25,Creighton,Creighton,FALSE
2019-10-18,Texas A&M,SEC,Mississippi St.,SEC,SEC,3,1,3-1,4,25,22,Texas A&M,Texas A&M,FALSE
2019-10-18,UConn,AAC,Memphis,AAC,AAC,2,3,3-2,5,25,17,UConn,Memphis,TRUE
2019-10-18,Temple,AAC,SMU,AAC,AAC,0,3,3-0,3,19,25,SMU,SMU,FALSE
2019-10-18,North Dakota,Summit League,Oral Roberts,Summit League,Summit League,3,2,3-2,5,26,28,Oral Roberts,North Dakota,TRUE
2019-10-18,Southern Utah,Big Sky,Idaho,Big Sky,Big Sky,1,3,3-1,4,20,25,Idaho,Idaho,FALSE
2019-10-18,Arkansas,SEC,Ole Miss,SEC,SEC,1,3,3-1,4,25,19,Arkansas,Ole Miss,TRUE
2019-10-18,Illinois,Big Ten,Wisconsin,Big Ten,Big Ten,2,3,3-2,5,12,25,Wisconsin,Wisconsin,FALSE
2019-10-18,San Diego,WCC,BYU,WCC,WCC,3,2,3-2,5,25,18,San Diego,San Diego,FALSE
2019-10-18,UCLA,Pac-12,Oregon,Pac-12,Pac-12,0,3,3-0,3,23,25,Oregon,Oregon,FALSE
2019-10-18,Purdue Fort Wayne,Summit League,South Dakota St.,Summit League,Summit League,3,2,3-2,5,25,23,Purdue Fort Wayne,Purdue Fort Wayne,FALSE
2019-10-18,Southern California,Pac-12,Oregon St.,Pac-12,Pac-12,3,1,3-1,4,21,25,Oregon St.,Southern California,TRUE
2019-10-18,UC Irvine,Big West,CSUN,Big West,Big West,2,3,3-2,5,17,25,CSUN,CSUN,FALSE
2019-10-18,Arizona St.,Pac-12,Washington,Pac-12,Pac-12,1,3,3-1,4,25,20,Arizona St.,Washington,TRUE
2019-10-18,Utah,Pac-12,California,Pac-12,Pac-12,2,3,3-2,5,26,28,California,California,FALSE
2019-10-18,Arizona,Pac-12,Washington St.,Pac-12,Pac-12,0,3,3-0,3,20,25,Washington St.,Washington St.,FALSE
2019-10-18,Cal St. Fullerton,Big West,Long Beach St.,Big West,Big West,3,0,3-0,3,25,23,Cal St. Fullerton,Cal St. Fullerton,FALSE
2019-10-18,Colorado,Pac-12,Stanford,Pac-12,Pac-12,0,3,3-0,3,22,25,Stanford,Stanford,FALSE
2019-10-19,UC Riverside,Big West,Hawaii,Big West,Big West,0,3,3-0,3,17,25,Hawaii,Hawaii,FALSE
2019-10-19,Nebraska,Big Ten,Maryland,Big Ten,Big Ten,3,0,3-0,3,25,19,Nebraska,Nebraska,FALSE
2019-10-19,Tennessee St.,OVC,Murray St.,OVC,OVC,0,3,3-0,3,12,25,Murray St.,Murray St.,FALSE
2019-10-19,Colorado St.,Mountain West,Utah St.,Mountain West,Mountain West,3,0,3-0,3,25,11,Colorado St.,Colorado St.,FALSE
2019-10-19,LMU (CA),WCC,Pacific,WCC,WCC,3,2,3-2,5,25,17,LMU (CA),LMU (CA),FALSE
2019-10-19,Sam Houston St.,Southland,UIW,Southland,Southland,3,0,3-0,3,25,19,Sam Houston St.,Sam Houston St.,FALSE
2019-10-19,Morehead St.,OVC,UT Martin,OVC,OVC,3,0,3-0,3,25,14,Morehead St.,Morehead St.,FALSE
2019-10-19,McNeese,Southland,Northwestern St.,Southland,Southland,1,3,3-1,4,22,25,Northwestern St.,Northwestern St.,FALSE
2019-10-19,Davidson,Atlantic 10,VCU,Atlantic 10,Atlantic 10,0,3,3-0,3,20,25,VCU,VCU,FALSE
2019-10-19,Rider,MAAC,Saint Peter's,MAAC,MAAC,3,0,3-0,3,25,23,Rider,Rider,FALSE
2019-10-19,Texas,Big 12,West Virginia,Big 12,Big 12,3,0,3-0,3,25,13,Texas,Texas,FALSE
2019-10-19,Canisius,MAAC,Quinnipiac,MAAC,MAAC,1,3,3-1,4,25,19,Canisius,Quinnipiac,TRUE
2019-10-19,New Mexico St.,WAC,Chicago St.,WAC,WAC,3,0,3-0,3,25,22,New Mexico St.,New Mexico St.,FALSE
2019-10-19,Siena,MAAC,Manhattan,MAAC,MAAC,0,3,3-0,3,11,25,Manhattan,Manhattan,FALSE
2019-10-19,Niagara,MAAC,Fairfield,MAAC,MAAC,0,3,3-0,3,8,25,Fairfield,Fairfield,FALSE
2019-10-19,TCU,Big 12,Kansas,Big 12,Big 12,0,3,3-0,3,18,25,Kansas,Kansas,FALSE
2019-10-19,A&M-Corpus Christi,Southland,Houston Baptist,Southland,Southland,3,1,3-1,4,25,23,A&M-Corpus Christi,A&M-Corpus Christi,FALSE
2019-10-19,High Point,Big South,Gardner-Webb,Big South,Big South,3,0,3-0,3,25,14,High Point,High Point,FALSE
2019-10-19,Nicholls St.,Southland,Lamar University,Southland,Southland,0,3,3-0,3,24,26,Lamar University,Lamar University,FALSE
2019-10-19,Seattle U,WAC,Utah Valley,WAC,WAC,0,3,3-0,3,21,25,Utah Valley,Utah Valley,FALSE
2019-10-19,Radford,Big South,Winthrop,Big South,Big South,1,3,3-1,4,22,25,Winthrop,Winthrop,FALSE
2019-10-19,Hampton,Big South,Charleston So.,Big South,Big South,1,3,3-1,4,28,26,Hampton,Charleston So.,TRUE
2019-10-19,UNC Asheville,Big South,USC Upstate,Big South,Big South,3,0,3-0,3,25,22,UNC Asheville,UNC Asheville,FALSE
2019-10-19,UTRGV,WAC,Kansas City,WAC,WAC,1,3,3-1,4,17,25,Kansas City,Kansas City,FALSE
2019-10-19,Southeastern La.,Southland,SFA,Southland,Southland,0,3,3-0,3,25,27,SFA,SFA,FALSE
2019-10-19,Saint Louis,Atlantic 10,Fordham,Atlantic 10,Atlantic 10,3,1,3-1,4,23,25,Fordham,Saint Louis,TRUE
2019-10-19,Dayton,Atlantic 10,Rhode Island,Atlantic 10,Atlantic 10,3,0,3-0,3,25,16,Dayton,Dayton,FALSE
2019-10-19,Tennessee Tech,OVC,SIUE,OVC,OVC,3,1,3-1,4,25,23,Tennessee Tech,Tennessee Tech,FALSE
2019-10-19,Gonzaga,WCC,San Francisco,WCC,WCC,2,3,3-2,5,20,25,San Francisco,San Francisco,FALSE
2019-10-19,Portland,WCC,Santa Clara,WCC,WCC,2,3,3-2,5,25,20,Portland,Santa Clara,TRUE
2019-10-19,New Mexico,Mountain West,San Jose St.,Mountain West,Mountain West,1,3,3-1,4,25,21,New Mexico,San Jose St.,TRUE
2019-10-19,Eastern Ky.,OVC,Southeast Mo. St.,OVC,OVC,0,3,3-0,3,22,25,Southeast Mo. St.,Southeast Mo. St.,FALSE
2019-10-19,Jacksonville St.,OVC,Eastern Ill.,OVC,OVC,3,0,3-0,3,25,20,Jacksonville St.,Jacksonville St.,FALSE
2019-10-19,San Diego St.,Mountain West,Air Force,Mountain West,Mountain West,2,3,3-2,5,13,25,Air Force,Air Force,FALSE
2019-10-19,Belmont,OVC,Austin Peay,OVC,OVC,0,3,3-0,3,17,25,Austin Peay,Austin Peay,FALSE
2019-10-19,Northern Colo.,Big Sky,Portland St.,Big Sky,Big Sky,3,0,3-0,3,25,16,Northern Colo.,Northern Colo.,FALSE
2019-10-19,Bryant,NEC,LIU,NEC,NEC,3,1,3-1,4,25,22,Bryant,Bryant,FALSE
2019-10-19,Chattanooga,SoCon,The Citadel,SoCon,SoCon,2,3,3-2,5,25,21,Chattanooga,The Citadel,TRUE
2019-10-19,Campbell,Big South,Presbyterian,Big South,Big South,1,3,3-1,4,22,25,Presbyterian,Presbyterian,FALSE
2019-10-19,Oakland,Horizon,Cleveland St.,Horizon,Horizon,3,2,3-2,5,25,20,Oakland,Oakland,FALSE
2019-10-19,Wyoming,Mountain West,Boise St.,Mountain West,Mountain West,3,1,3-1,4,23,25,Boise St.,Wyoming,TRUE
2019-10-19,UNLV,Mountain West,Nevada,Mountain West,Mountain West,3,1,3-1,4,25,21,UNLV,UNLV,FALSE
2019-10-19,American,Patriot,Lafayette,Patriot,Patriot,3,1,3-1,4,23,25,Lafayette,American,TRUE
2019-10-19,Robert Morris,NEC,St. Francis Brooklyn,NEC,NEC,3,0,3-0,3,25,21,Robert Morris,Robert Morris,FALSE
2019-10-19,Pepperdine,WCC,Saint Mary's (CA),WCC,WCC,1,3,3-1,4,18,25,Saint Mary's (CA),Saint Mary's (CA),FALSE
2019-10-19,Princeton,Ivy League,Dartmouth,Ivy League,Ivy League,3,0,3-0,3,25,13,Princeton,Princeton,FALSE
2019-10-19,Marist,MAAC,Iona,MAAC,MAAC,3,1,3-1,4,25,13,Marist,Marist,FALSE
2019-10-19,Bucknell,Patriot,Colgate,Patriot,Patriot,0,3,3-0,3,14,25,Colgate,Colgate,FALSE
2019-10-19,Cornell,Ivy League,Yale,Ivy League,Ivy League,1,3,3-1,4,25,18,Cornell,Yale,TRUE
2019-10-19,Penn,Ivy League,Harvard,Ivy League,Ivy League,1,3,3-1,4,22,25,Harvard,Harvard,FALSE
2019-10-19,Columbia,Ivy League,Brown,Ivy League,Ivy League,1,3,3-1,4,25,19,Columbia,Brown,TRUE
2019-10-19,Marquette,Big East,Georgetown,Big East,Big East,3,0,3-0,3,25,15,Marquette,Marquette,FALSE
2019-10-19,Ball St.,MAC,Kent St.,MAC,MAC,0,3,3-0,3,17,25,Kent St.,Kent St.,FALSE
2019-10-19,Saint Francis (PA),NEC,Central Conn. St.,NEC,NEC,1,3,3-1,4,25,22,Saint Francis (PA),Central Conn. St.,TRUE
2019-10-19,Wright St.,Horizon,Milwaukee,Horizon,Horizon,1,3,3-1,4,16,25,Milwaukee,Milwaukee,FALSE
2019-10-19,IUPUI,Horizon,UIC,Horizon,Horizon,1,3,3-1,4,25,18,IUPUI,UIC,TRUE
2019-10-19,Northern Ky.,Horizon,Green Bay,Horizon,Horizon,1,3,3-1,4,15,25,Green Bay,Green Bay,FALSE
2019-10-19,Eastern Mich.,MAC,Bowling Green,MAC,MAC,2,3,3-2,5,19,25,Bowling Green,Bowling Green,FALSE
2019-10-19,Jacksonville,ASUN,Kennesaw St.,ASUN,ASUN,0,3,3-0,3,15,25,Kennesaw St.,Kennesaw St.,FALSE
2019-10-19,Northern Ariz.,Big Sky,Eastern Wash.,Big Sky,Big Sky,3,1,3-1,4,25,14,Northern Ariz.,Northern Ariz.,FALSE
2019-10-19,Indiana St.,MVC,Southern Ill.,MVC,MVC,3,2,3-2,5,20,25,Southern Ill.,Indiana St.,TRUE
2019-10-19,Loyola Chicago,MVC,Bradley,MVC,MVC,3,0,3-0,3,25,19,Loyola Chicago,Loyola Chicago,FALSE
2019-10-19,Valparaiso,MVC,Illinois St.,MVC,MVC,1,3,3-1,4,23,25,Illinois St.,Illinois St.,FALSE
2019-10-19,Toledo,MAC,Ohio,MAC,MAC,0,3,3-0,3,14,25,Ohio,Ohio,FALSE
2019-10-19,Northern Ill.,MAC,Buffalo,MAC,MAC,0,3,3-0,3,20,25,Buffalo,Buffalo,FALSE
2019-10-19,Western Caro.,SoCon,Samford,SoCon,SoCon,2,3,3-2,5,14,25,Samford,Samford,FALSE
2019-10-19,DePaul,Big East,Villanova,Big East,Big East,1,3,3-1,4,14,25,Villanova,Villanova,FALSE
2019-10-19,Evansville,MVC,Missouri St.,MVC,MVC,3,1,3-1,4,25,23,Evansville,Evansville,FALSE
2019-10-19,Purdue,Big Ten,Ohio St.,Big Ten,Big Ten,3,2,3-2,5,25,17,Purdue,Purdue,FALSE
2019-10-19,Duquesne,Atlantic 10,George Washington,Atlantic 10,Atlantic 10,0,3,3-0,3,17,25,George Washington,George Washington,FALSE
2019-10-19,La Salle,Atlantic 10,George Mason,Atlantic 10,Atlantic 10,3,1,3-1,4,25,17,La Salle,La Salle,FALSE
2019-10-19,Rutgers,Big Ten,Michigan,Big Ten,Big Ten,0,3,3-0,3,10,25,Michigan,Michigan,FALSE
2019-10-19,NJIT,ASUN,FGCU,ASUN,ASUN,0,3,3-0,3,7,25,FGCU,FGCU,FALSE
2019-10-19,Western Mich.,MAC,Akron,MAC,MAC,2,3,3-2,5,22,25,Akron,Akron,FALSE
2019-10-19,Troy,Sun Belt,UT Arlington,Sun Belt,Sun Belt,3,1,3-1,4,25,22,Troy,Troy,FALSE
2019-10-19,South Alabama,Sun Belt,Texas St.,Sun Belt,Sun Belt,1,3,3-1,4,7,25,Texas St.,Texas St.,FALSE
2019-10-19,Arkansas St.,Sun Belt,Little Rock,Sun Belt,Sun Belt,3,0,3-0,3,25,15,Arkansas St.,Arkansas St.,FALSE
2019-10-19,Iowa St.,Big 12,Oklahoma,Big 12,Big 12,1,3,3-1,4,15,25,Oklahoma,Oklahoma,FALSE
2019-10-19,Texas Tech,Big 12,Baylor,Big 12,Big 12,0,3,3-0,3,19,25,Baylor,Baylor,FALSE
2019-10-19,Illinois,Big Ten,Minnesota,Big Ten,Big Ten,1,3,3-1,4,16,25,Minnesota,Minnesota,FALSE
2019-10-19,Northwestern,Big Ten,Wisconsin,Big Ten,Big Ten,0,3,3-0,3,22,25,Wisconsin,Wisconsin,FALSE
2019-10-19,Idaho St.,Big Sky,Montana St.,Big Sky,Big Sky,1,3,3-1,4,25,23,Idaho St.,Montana St.,TRUE
2019-10-19,Weber St.,Big Sky,Montana,Big Sky,Big Sky,3,1,3-1,4,25,18,Weber St.,Weber St.,FALSE
2019-10-19,Cal Poly,Big West,UC Santa Barbara,Big West,Big West,1,3,3-1,4,19,25,UC Santa Barbara,UC Santa Barbara,FALSE
2019-10-19,UC Irvine,Big West,Long Beach St.,Big West,Big West,0,3,3-0,3,22,25,Long Beach St.,Long Beach St.,FALSE
2019-10-19,Cal St. Fullerton,Big West,CSUN,Big West,Big West,0,3,3-0,3,21,25,CSUN,CSUN,FALSE
2019-10-20,Northeastern,CAA,Delaware,CAA,CAA,3,0,3-0,3,25,16,Northeastern,Northeastern,FALSE
2019-10-20,UTEP,C-USA,Fla. Atlantic,C-USA,C-USA,0,3,3-0,3,25,27,Fla. Atlantic,Fla. Atlantic,FALSE
2019-10-20,Syracuse,ACC,Florida St.,ACC,ACC,0,3,3-0,3,23,25,Florida St.,Florida St.,FALSE
2019-10-20,Louisiana,Sun Belt,Georgia St.,Sun Belt,Sun Belt,3,0,3-0,3,25,23,Louisiana,Louisiana,FALSE
2019-10-20,North Texas,C-USA,Marshall,C-USA,C-USA,3,1,3-1,4,25,19,North Texas,North Texas,FALSE
2019-10-20,Delaware St.,MEAC,N.C. A&T,MEAC,MEAC,0,3,3-0,3,10,25,N.C. A&T,N.C. A&T,FALSE
2019-10-20,Boston College,ACC,Miami (FL),ACC,ACC,3,2,3-2,5,25,16,Boston College,Boston College,FALSE
2019-10-20,Louisville,ACC,Virginia Tech,ACC,ACC,1,3,3-1,4,25,19,Louisville,Virginia Tech,TRUE
2019-10-20,NC State,ACC,Pittsburgh,ACC,ACC,0,3,3-0,3,9,25,Pittsburgh,Pittsburgh,FALSE
2019-10-20,Southern Miss.,C-USA,Charlotte,C-USA,C-USA,0,3,3-0,3,17,25,Charlotte,Charlotte,FALSE
2019-10-20,Coppin St.,MEAC,Bethune-Cookman,MEAC,MEAC,3,0,3-0,3,25,21,Coppin St.,Coppin St.,FALSE
2019-10-20,Stony Brook,America East,New Hampshire,America East,America East,0,3,3-0,3,15,25,New Hampshire,New Hampshire,FALSE
2019-10-20,Marist,MAAC,Manhattan,MAAC,MAAC,3,1,3-1,4,25,15,Marist,Marist,FALSE
2019-10-20,Canisius,MAAC,Fairfield,MAAC,MAAC,0,3,3-0,3,18,25,Fairfield,Fairfield,FALSE
2019-10-20,Binghamton,America East,UMBC,America East,America East,0,3,3-0,3,19,25,UMBC,UMBC,FALSE
2019-10-20,Col. of Charleston,CAA,Towson,CAA,CAA,0,3,3-0,3,18,25,Towson,Towson,FALSE
2019-10-20,Niagara,MAAC,Quinnipiac,MAAC,MAAC,3,1,3-1,4,25,21,Niagara,Niagara,FALSE
2019-10-20,UMES,MEAC,N.C. Central,MEAC,MEAC,1,3,3-1,4,11,25,N.C. Central,N.C. Central,FALSE
2019-10-20,Hofstra,CAA,James Madison,CAA,CAA,0,3,3-0,3,19,25,James Madison,James Madison,FALSE
2019-10-20,Georgia,SEC,Auburn,SEC,SEC,3,1,3-1,4,27,25,Georgia,Georgia,FALSE
2019-10-20,Butler,Big East,Providence,Big East,Big East,3,1,3-1,4,25,20,Butler,Butler,FALSE
2019-10-20,William & Mary,CAA,Elon,CAA,CAA,1,3,3-1,4,25,23,William & Mary,Elon,TRUE
2019-10-20,North Carolina,ACC,Virginia,ACC,ACC,3,0,3-0,3,26,24,North Carolina,North Carolina,FALSE
2019-10-20,UTSA,C-USA,Western Ky.,C-USA,C-USA,0,3,3-0,3,10,25,Western Ky.,Western Ky.,FALSE
2019-10-20,East Carolina,AAC,Tulane,AAC,AAC,3,2,3-2,5,14,25,Tulane,East Carolina,TRUE
2019-10-20,Cincinnati,AAC,Houston,AAC,AAC,3,2,3-2,5,23,25,Houston,Cincinnati,TRUE
2019-10-20,UCF,AAC,Tulsa,AAC,AAC,3,0,3-0,3,25,17,UCF,UCF,FALSE
2019-10-20,Penn St.,Big Ten,Michigan St.,Big Ten,Big Ten,3,0,3-0,3,26,24,Penn St.,Penn St.,FALSE
2019-10-20,Arkansas,SEC,Mississippi St.,SEC,SEC,3,1,3-1,4,25,19,Arkansas,Arkansas,FALSE
2019-10-20,Temple,AAC,Memphis,AAC,AAC,0,3,3-0,3,17,25,Memphis,Memphis,FALSE
2019-10-20,Oakland,Horizon,Youngstown St.,Horizon,Horizon,3,0,3-0,3,27,25,Oakland,Oakland,FALSE
2019-10-20,UConn,AAC,SMU,AAC,AAC,0,3,3-0,3,10,25,SMU,SMU,FALSE
2019-10-20,Western Ill.,Summit League,Denver,Summit League,Summit League,0,3,3-0,3,14,25,Denver,Denver,FALSE
2019-10-20,North Florida,ASUN,Lipscomb,ASUN,ASUN,0,3,3-0,3,19,25,Lipscomb,Lipscomb,FALSE
2019-10-20,FIU,C-USA,UAB,C-USA,C-USA,0,3,3-0,3,24,26,UAB,UAB,FALSE
2019-10-20,Rice,C-USA,Louisiana Tech,C-USA,C-USA,3,0,3-0,3,25,15,Rice,Rice,FALSE
2019-10-20,Purdue Fort Wayne,Summit League,South Dakota,Summit League,Summit League,0,3,3-0,3,22,25,South Dakota,South Dakota,FALSE
2019-10-20,Xavier,Big East,Creighton,Big East,Big East,0,3,3-0,3,17,25,Creighton,Creighton,FALSE
2019-10-20,South Fla.,AAC,Wichita St.,AAC,AAC,0,3,3-0,3,10,25,Wichita St.,Wichita St.,FALSE
2019-10-20,Florida,SEC,LSU,SEC,SEC,3,0,3-0,3,25,20,Florida,Florida,FALSE
2019-10-20,Duke,ACC,Georgia Tech,ACC,ACC,0,3,3-0,3,18,25,Georgia Tech,Georgia Tech,FALSE
2019-10-20,Central Mich.,MAC,Miami (OH),MAC,MAC,2,3,3-2,5,16,25,Miami (OH),Miami (OH),FALSE
2019-10-20,Texas A&M,SEC,Ole Miss,SEC,SEC,3,2,3-2,5,20,25,Ole Miss,Texas A&M,TRUE
2019-10-20,Indiana,Big Ten,Iowa,Big Ten,Big Ten,1,3,3-1,4,25,20,Indiana,Iowa,TRUE
2019-10-20,Arizona St.,Pac-12,Washington St.,Pac-12,Pac-12,3,2,3-2,5,19,25,Washington St.,Arizona St.,TRUE
2019-10-20,North Dakota St.,Summit League,Oral Roberts,Summit League,Summit League,3,2,3-2,5,25,18,North Dakota St.,North Dakota St.,FALSE
2019-10-20,Arizona,Pac-12,Washington,Pac-12,Pac-12,1,3,3-1,4,23,25,Washington,Washington,FALSE
2019-10-20,Colorado,Pac-12,California,Pac-12,Pac-12,2,3,3-2,5,23,25,California,California,FALSE
2019-10-20,Tennessee,SEC,Missouri,SEC,SEC,1,3,3-1,4,14,25,Missouri,Missouri,FALSE
2019-10-20,Kentucky,SEC,Alabama,SEC,SEC,3,0,3-0,3,25,7,Kentucky,Kentucky,FALSE
2019-10-20,Holy Cross,Patriot,Lehigh,Patriot,Patriot,0,3,3-0,3,23,25,Lehigh,Lehigh,FALSE
2019-10-20,UCLA,Pac-12,Oregon St.,Pac-12,Pac-12,3,2,3-2,5,25,23,UCLA,UCLA,FALSE
2019-10-20,Siena,MAAC,Iona,MAAC,MAAC,1,3,3-1,4,25,22,Siena,Iona,TRUE
2019-10-20,Utah,Pac-12,Stanford,Pac-12,Pac-12,2,3,3-2,5,17,25,Stanford,Stanford,FALSE
2019-10-20,Wake Forest,ACC,Clemson,ACC,ACC,0,3,3-0,3,16,25,Clemson,Clemson,FALSE
2019-10-20,Sacred Heart,NEC,Hartford,America East,Non-Conference,3,2,3-2,5,22,25,Hartford,Sacred Heart,TRUE
2019-10-20,Southern California,Pac-12,Oregon,Pac-12,Pac-12,3,0,3-0,3,25,23,Southern California,Southern California,FALSE
2019-10-20,UC Davis,Big West,Hawaii,Big West,Big West,2,3,3-2,5,25,22,UC Davis,Hawaii,TRUE
2019-10-21,George Washington,Atlantic 10,Norfolk St.,MEAC,Non-Conference,3,0,3-0,3,25,17,George Washington,George Washington,FALSE
2019-10-21,Missouri St.,MVC,Southern Ill.,MVC,MVC,2,3,3-2,5,19,25,Southern Ill.,Southern Ill.,FALSE
2019-10-21,UNI,MVC,Loyola Chicago,MVC,MVC,3,1,3-1,4,25,16,UNI,UNI,FALSE
2019-10-21,South Dakota St.,Summit League,Omaha,Summit League,Summit League,0,3,3-0,3,17,25,Omaha,Omaha,FALSE
2019-10-21,Northern Ariz.,Big Sky,Southern Utah,Big Sky,Big Sky,3,1,3-1,4,13,25,Southern Utah,Northern Ariz.,TRUE
2019-10-22,Denver,Summit League,North Dakota,Summit League,Summit League,3,0,3-0,3,25,22,Denver,Denver,FALSE
2019-10-22,N.C. Central,MEAC,Charlotte,C-USA,Non-Conference,0,3,3-0,3,15,25,Charlotte,Charlotte,FALSE
2019-10-22,Bethune-Cookman,MEAC,FGCU,ASUN,Non-Conference,0,3,3-0,3,15,25,FGCU,FGCU,FALSE
2019-10-22,UNC Asheville,Big South,South Carolina St.,MEAC,Non-Conference,3,0,3-0,3,25,13,UNC Asheville,UNC Asheville,FALSE
2019-10-22,Albany (NY),America East,Siena,MAAC,Non-Conference,3,0,3-0,3,25,20,Albany (NY),Albany (NY),FALSE
2019-10-22,Loyola Maryland,Patriot,American,Patriot,Patriot,2,3,3-2,5,21,25,American,American,FALSE
2019-10-22,St. Francis Brooklyn,NEC,Saint Peter's,MAAC,Non-Conference,3,1,3-1,4,22,25,Saint Peter's,St. Francis Brooklyn,TRUE
2019-10-22,New Orleans,Southland,Abilene Christian,Southland,Southland,0,3,3-0,3,15,25,Abilene Christian,Abilene Christian,FALSE
2019-10-22,UNCW,CAA,Col. of Charleston,CAA,CAA,0,3,3-0,3,26,28,Col. of Charleston,Col. of Charleston,FALSE
2019-10-22,Purdue Fort Wayne,Summit League,Western Ill.,Summit League,Summit League,3,2,3-2,5,24,26,Western Ill.,Purdue Fort Wayne,TRUE
2019-10-22,Middle Tenn.,C-USA,UT Martin,OVC,Non-Conference,3,1,3-1,4,25,23,Middle Tenn.,Middle Tenn.,FALSE
2019-10-22,Lamar University,Southland,McNeese,Southland,Southland,3,0,3-0,3,25,21,Lamar University,Lamar University,FALSE
2019-10-22,New Mexico,Mountain West,UNLV,Mountain West,Mountain West,1,3,3-1,4,12,25,UNLV,UNLV,FALSE
2019-10-23,Rutgers,Big Ten,Ohio St.,Big Ten,Big Ten,1,3,3-1,4,20,25,Ohio St.,Ohio St.,FALSE
2019-10-23,Samford,SoCon,Chattanooga,SoCon,SoCon,3,2,3-2,5,23,25,Chattanooga,Samford,TRUE
2019-10-23,Wake Forest,ACC,Duke,ACC,ACC,0,3,3-0,3,14,25,Duke,Duke,FALSE
2019-10-23,Kansas,Big 12,Kansas St.,Big 12,Big 12,2,3,3-2,5,33,31,Kansas,Kansas St.,TRUE
2019-10-23,Ole Miss,SEC,Georgia,SEC,SEC,1,3,3-1,4,20,25,Georgia,Georgia,FALSE
2019-10-23,NJIT,ASUN,Manhattan,MAAC,Non-Conference,0,3,3-0,3,22,25,Manhattan,Manhattan,FALSE
2019-10-23,Baylor,Big 12,Texas,Big 12,Big 12,0,3,3-0,3,19,25,Texas,Texas,FALSE
2019-10-23,LSU,SEC,Kentucky,SEC,SEC,0,3,3-0,3,17,25,Kentucky,Kentucky,FALSE
2019-10-23,Maryland,Big Ten,Northwestern,Big Ten,Big Ten,3,2,3-2,5,22,25,Northwestern,Maryland,TRUE
2019-10-23,Illinois,Big Ten,Penn St.,Big Ten,Big Ten,2,3,3-2,5,25,18,Illinois,Penn St.,TRUE
2019-10-24,Buffalo,MAC,Eastern Mich.,MAC,MAC,0,3,3-0,3,15,25,Eastern Mich.,Eastern Mich.,FALSE
2019-10-24,SFA,Southland,Central Ark.,Southland,Southland,3,0,3-0,3,25,18,SFA,SFA,FALSE
2019-10-24,New Orleans,Southland,UIW,Southland,Southland,1,3,3-1,4,19,25,UIW,UIW,FALSE
2019-10-24,Elon,CAA,Hofstra,CAA,CAA,1,3,3-1,4,19,25,Hofstra,Hofstra,FALSE
2019-10-24,Nicholls St.,Southland,A&M-Corpus Christi,Southland,Southland,2,3,3-2,5,25,14,Nicholls St.,A&M-Corpus Christi,TRUE
2019-10-24,Abilene Christian,Southland,Northwestern St.,Southland,Southland,0,3,3-0,3,20,25,Northwestern St.,Northwestern St.,FALSE
2019-10-24,McNeese,Southland,Sam Houston St.,Southland,Southland,3,2,3-2,5,25,19,McNeese,McNeese,FALSE
2019-10-24,Southeastern La.,Southland,Houston Baptist,Southland,Southland,1,3,3-1,4,25,16,Southeastern La.,Houston Baptist,TRUE
2019-10-24,Utah Valley,WAC,New Mexico St.,WAC,WAC,1,3,3-1,4,25,27,New Mexico St.,New Mexico St.,FALSE
2019-10-24,Seattle U,WAC,UTRGV,WAC,WAC,0,3,3-0,3,8,25,UTRGV,UTRGV,FALSE
2019-10-24,West Virginia,Big 12,TCU,Big 12,Big 12,0,3,3-0,3,23,25,TCU,TCU,FALSE
2019-10-24,Nevada,Mountain West,Wyoming,Mountain West,Mountain West,0,3,3-0,3,16,25,Wyoming,Wyoming,FALSE
2019-10-24,Air Force,Mountain West,UNLV,Mountain West,Mountain West,1,3,3-1,4,23,25,UNLV,UNLV,FALSE
2019-10-24,San Jose St.,Mountain West,Colorado St.,Mountain West,Mountain West,0,3,3-0,3,16,25,Colorado St.,Colorado St.,FALSE
2019-10-24,BYU,WCC,LMU (CA),WCC,WCC,3,1,3-1,4,25,22,BYU,BYU,FALSE
2019-10-24,Washington St.,Pac-12,Colorado,Pac-12,Pac-12,3,0,3-0,3,25,17,Washington St.,Washington St.,FALSE
2019-10-24,Utah St.,Mountain West,Fresno St.,Mountain West,Mountain West,0,3,3-0,3,23,25,Fresno St.,Fresno St.,FALSE
2019-10-24,Boise St.,Mountain West,San Diego St.,Mountain West,Mountain West,3,2,3-2,5,25,18,Boise St.,Boise St.,FALSE
2019-10-24,Idaho,Big Sky,Weber St.,Big Sky,Big Sky,2,3,3-2,5,20,25,Weber St.,Weber St.,FALSE
2019-10-24,Chicago St.,WAC,Grand Canyon,WAC,WAC,1,3,3-1,4,19,25,Grand Canyon,Grand Canyon,FALSE
2019-10-24,Eastern Wash.,Big Sky,Idaho St.,Big Sky,Big Sky,3,0,3-0,3,25,19,Eastern Wash.,Eastern Wash.,FALSE
2019-10-24,Northern Colo.,Big Sky,Northern Ariz.,Big Sky,Big Sky,0,3,3-0,3,17,25,Northern Ariz.,Northern Ariz.,FALSE
2019-10-24,Cal Poly,Big West,UC Riverside,Big West,Big West,3,0,3-0,3,25,16,Cal Poly,Cal Poly,FALSE
2019-10-24,Kansas City,WAC,CSU Bakersfield,WAC,WAC,3,1,3-1,4,27,29,CSU Bakersfield,Kansas City,TRUE
2019-10-24,Santa Clara,WCC,Saint Mary's (CA),WCC,WCC,3,1,3-1,4,25,20,Santa Clara,Santa Clara,FALSE
2019-10-24,Montana,Big Sky,Sacramento St.,Big Sky,Big Sky,1,3,3-1,4,14,25,Sacramento St.,Sacramento St.,FALSE
2019-10-24,San Francisco,WCC,Pacific,WCC,WCC,1,3,3-1,4,24,26,Pacific,Pacific,FALSE
2019-10-24,UC Santa Barbara,Big West,UC Davis,Big West,Big West,3,0,3-0,3,25,18,UC Santa Barbara,UC Santa Barbara,FALSE
2019-10-24,Montana St.,Big Sky,Portland St.,Big Sky,Big Sky,1,3,3-1,4,23,25,Portland St.,Portland St.,FALSE
2019-10-24,San Diego,WCC,Pepperdine,WCC,WCC,0,3,3-0,3,19,25,Pepperdine,Pepperdine,FALSE
2019-10-25,Tennessee,SEC,South Carolina,SEC,SEC,0,3,3-0,3,15,25,South Carolina,South Carolina,FALSE
2019-10-25,Wisconsin,Big Ten,Michigan St.,Big Ten,Big Ten,3,0,3-0,3,25,19,Wisconsin,Wisconsin,FALSE
2019-10-25,Towson,CAA,Northeastern,CAA,CAA,3,0,3-0,3,28,26,Towson,Towson,FALSE
2019-10-25,Wofford,SoCon,Mercer,SoCon,SoCon,0,3,3-0,3,18,25,Mercer,Mercer,FALSE
2019-10-25,Fla. Atlantic,C-USA,Southern Miss.,C-USA,C-USA,3,0,3-0,3,25,15,Fla. Atlantic,Fla. Atlantic,FALSE
2019-10-25,Texas Southern,SWAC,Alcorn,SWAC,SWAC,3,0,3-0,3,25,14,Texas Southern,Texas Southern,FALSE
2019-10-25,DePaul,Big East,Seton Hall,Big East,Big East,3,1,3-1,4,25,17,DePaul,DePaul,FALSE
2019-10-25,Alabama St.,SWAC,Prairie View,SWAC,SWAC,3,1,3-1,4,19,25,Prairie View,Alabama St.,TRUE
2019-10-25,Ark.-Pine Bluff,SWAC,Alabama A&M,SWAC,SWAC,0,3,3-0,3,21,25,Alabama A&M,Alabama A&M,FALSE
2019-10-25,Grambling,SWAC,Jackson St.,SWAC,SWAC,1,3,3-1,4,22,25,Jackson St.,Jackson St.,FALSE
2019-10-25,Liberty,ASUN,NJIT,ASUN,ASUN,3,0,3-0,3,25,20,Liberty,Liberty,FALSE
2019-10-25,Southern U.,SWAC,Mississippi Val.,SWAC,SWAC,3,0,3-0,3,25,19,Southern U.,Southern U.,FALSE
2019-10-25,Alabama St.,SWAC,Ark.-Pine Bluff,SWAC,SWAC,3,1,3-1,4,23,25,Ark.-Pine Bluff,Alabama St.,TRUE
2019-10-25,St. Francis Brooklyn,NEC,Sacred Heart,NEC,NEC,0,3,3-0,3,18,25,Sacred Heart,Sacred Heart,FALSE
2019-10-25,Villanova,Big East,Butler,Big East,Big East,3,2,3-2,5,17,25,Butler,Villanova,TRUE
2019-10-25,VCU,Atlantic 10,Duquesne,Atlantic 10,Atlantic 10,3,0,3-0,3,25,19,VCU,VCU,FALSE
2019-10-25,Akron,MAC,Central Mich.,MAC,MAC,0,3,3-0,3,16,25,Central Mich.,Central Mich.,FALSE
2019-10-25,N.C. Central,MEAC,Howard,MEAC,MEAC,2,3,3-2,5,25,23,N.C. Central,Howard,TRUE
2019-10-25,Bethune-Cookman,MEAC,Delaware St.,MEAC,MEAC,0,3,3-0,3,19,25,Delaware St.,Delaware St.,FALSE
2019-10-25,Gardner-Webb,Big South,Charleston So.,Big South,Big South,0,3,3-0,3,12,25,Charleston So.,Charleston So.,FALSE
2019-10-25,Winthrop,Big South,Presbyterian,Big South,Big South,3,0,3-0,3,26,24,Winthrop,Winthrop,FALSE
2019-10-25,N.C. A&T,MEAC,Norfolk St.,MEAC,MEAC,3,0,3-0,3,25,22,N.C. A&T,N.C. A&T,FALSE
2019-10-25,South Carolina St.,MEAC,Morgan St.,MEAC,MEAC,0,3,3-0,3,13,25,Morgan St.,Morgan St.,FALSE
2019-10-25,Wright St.,Horizon,Northern Ky.,Horizon,Horizon,3,1,3-1,4,25,23,Wright St.,Wright St.,FALSE
2019-10-25,Minnesota,Big Ten,Michigan,Big Ten,Big Ten,3,2,3-2,5,22,25,Michigan,Minnesota,TRUE
2019-10-25,UNI,MVC,Indiana St.,MVC,MVC,3,0,3-0,3,25,19,UNI,UNI,FALSE
2019-10-25,Creighton,Big East,Providence,Big East,Big East,3,0,3-0,3,25,23,Creighton,Creighton,FALSE
2019-10-25,USC Upstate,Big South,Radford,Big South,Big South,0,3,3-0,3,21,25,Radford,Radford,FALSE
2019-10-25,Florida A&M,MEAC,UMES,MEAC,MEAC,3,2,3-2,5,25,21,Florida A&M,Florida A&M,FALSE
2019-10-25,Central Conn. St.,NEC,LIU,NEC,NEC,3,2,3-2,5,13,25,LIU,Central Conn. St.,TRUE
2019-10-25,Fairleigh Dickinson,NEC,Bryant,NEC,NEC,0,3,3-0,3,14,25,Bryant,Bryant,FALSE
2019-10-25,SIUE,OVC,Eastern Ky.,OVC,OVC,3,0,3-0,3,25,18,SIUE,SIUE,FALSE
2019-10-25,Eastern Ill.,OVC,Morehead St.,OVC,OVC,0,3,3-0,3,15,25,Morehead St.,Morehead St.,FALSE
2019-10-25,Furman,SoCon,ETSU,SoCon,SoCon,3,2,3-2,5,25,18,Furman,Furman,FALSE
2019-10-25,UNC Greensboro,SoCon,Western Caro.,SoCon,SoCon,0,3,3-0,3,21,25,Western Caro.,Western Caro.,FALSE
2019-10-25,UT Arlington,Sun Belt,Appalachian St.,Sun Belt,Sun Belt,3,0,3-0,3,25,14,UT Arlington,UT Arlington,FALSE
2019-10-25,Mississippi Val.,SWAC,Grambling,SWAC,SWAC,0,3,3-0,3,22,25,Grambling,Grambling,FALSE
2019-10-25,Virginia Tech,ACC,Duke,ACC,ACC,1,3,3-1,4,12,25,Duke,Duke,FALSE
2019-10-25,Hartford,America East,Stony Brook,America East,America East,1,3,3-1,4,25,20,Hartford,Stony Brook,TRUE
2019-10-25,Prairie View,SWAC,Jackson St.,SWAC,SWAC,0,3,3-0,3,23,25,Jackson St.,Jackson St.,FALSE
2019-10-25,Syracuse,ACC,North Carolina,ACC,ACC,1,3,3-1,4,21,25,North Carolina,North Carolina,FALSE
2019-10-25,UT Martin,OVC,Belmont,OVC,OVC,3,0,3-0,3,28,26,UT Martin,UT Martin,FALSE
2019-10-25,Bowling Green,MAC,Toledo,MAC,MAC,3,1,3-1,4,27,25,Bowling Green,Bowling Green,FALSE
2019-10-25,Georgetown,Big East,Xavier,Big East,Big East,2,3,3-2,5,25,21,Georgetown,Xavier,TRUE
2019-10-25,Harvard,Ivy League,Dartmouth,Ivy League,Ivy League,0,3,3-0,3,22,25,Dartmouth,Dartmouth,FALSE
2019-10-25,SMU,AAC,East Carolina,AAC,AAC,3,1,3-1,4,25,23,SMU,SMU,FALSE
2019-10-25,Arkansas St.,Sun Belt,La.-Monroe,Sun Belt,Sun Belt,3,2,3-2,5,25,27,La.-Monroe,Arkansas St.,TRUE
2019-10-25,Bucknell,Patriot,Lafayette,Patriot,Patriot,1,3,3-1,4,25,19,Bucknell,Lafayette,TRUE
2019-10-25,George Washington,Atlantic 10,Dayton,Atlantic 10,Atlantic 10,0,3,3-0,3,20,25,Dayton,Dayton,FALSE
2019-10-25,Tulane,AAC,South Fla.,AAC,AAC,3,0,3-0,3,25,17,Tulane,Tulane,FALSE
2019-10-25,Miami (OH),MAC,Ball St.,MAC,MAC,3,0,3-0,3,25,15,Miami (OH),Miami (OH),FALSE
2019-10-25,Houston,AAC,UCF,AAC,AAC,0,3,3-0,3,25,27,UCF,UCF,FALSE
2019-10-25,Miami (FL),ACC,Clemson,ACC,ACC,0,3,3-0,3,18,25,Clemson,Clemson,FALSE
2019-10-25,Drake,MVC,Evansville,MVC,MVC,3,2,3-2,5,25,23,Drake,Drake,FALSE
2019-10-25,Illinois St.,MVC,Southern Ill.,MVC,MVC,1,3,3-1,4,18,25,Southern Ill.,Southern Ill.,FALSE
2019-10-25,Marquette,Big East,St. John's (NY),Big East,Big East,3,1,3-1,4,25,23,Marquette,Marquette,FALSE
2019-10-25,Princeton,Ivy League,Penn,Ivy League,Ivy League,3,0,3-0,3,25,19,Princeton,Princeton,FALSE
2019-10-25,Holy Cross,Patriot,Navy,Patriot,Patriot,0,3,3-0,3,15,25,Navy,Navy,FALSE
2019-10-25,Wichita St.,AAC,UConn,AAC,AAC,3,1,3-1,4,25,17,Wichita St.,Wichita St.,FALSE
2019-10-25,UNC Asheville,Big South,High Point,Big South,Big South,0,3,3-0,3,25,27,High Point,High Point,FALSE
2019-10-25,Alabama,SEC,Florida,SEC,SEC,0,3,3-0,3,18,25,Florida,Florida,FALSE
2019-10-25,UMBC,America East,Albany (NY),America East,America East,0,3,3-0,3,21,25,Albany (NY),Albany (NY),FALSE
2019-10-25,Boston College,ACC,NC State,ACC,ACC,3,2,3-2,5,25,15,Boston College,Boston College,FALSE
2019-10-25,Army West Point,Patriot,American,Patriot,Patriot,0,3,3-0,3,20,25,American,American,FALSE
2019-10-25,Loyola Chicago,MVC,Valparaiso,MVC,MVC,3,0,3-0,3,25,19,Loyola Chicago,Loyola Chicago,FALSE
2019-10-25,Cleveland St.,Horizon,Green Bay,Horizon,Horizon,0,3,3-0,3,21,25,Green Bay,Green Bay,FALSE
2019-10-25,Youngstown St.,Horizon,Milwaukee,Horizon,Horizon,0,3,3-0,3,16,25,Milwaukee,Milwaukee,FALSE
2019-10-25,Florida St.,ACC,Georgia Tech,ACC,ACC,0,3,3-0,3,23,25,Georgia Tech,Georgia Tech,FALSE
2019-10-25,Virginia,ACC,Louisville,ACC,ACC,0,3,3-0,3,18,25,Louisville,Louisville,FALSE
2019-10-25,Memphis,AAC,Cincinnati,AAC,AAC,0,3,3-0,3,14,25,Cincinnati,Cincinnati,FALSE
2019-10-25,Oakland,Horizon,UIC,Horizon,Horizon,0,3,3-0,3,22,25,UIC,UIC,FALSE
2019-10-25,Stetson,ASUN,North Florida,ASUN,ASUN,3,2,3-2,5,25,27,North Florida,Stetson,TRUE
2019-10-25,Tulsa,AAC,Temple,AAC,AAC,3,0,3-0,3,29,27,Tulsa,Tulsa,FALSE
2019-10-25,Southeast Mo. St.,OVC,Tennessee St.,OVC,OVC,3,0,3-0,3,25,13,Southeast Mo. St.,Southeast Mo. St.,FALSE
2019-10-25,FGCU,ASUN,Jacksonville,ASUN,ASUN,3,0,3-0,3,25,8,FGCU,FGCU,FALSE
2019-10-25,Delaware,CAA,UNCW,CAA,CAA,0,3,3-0,3,22,25,UNCW,UNCW,FALSE
2019-10-25,Ohio,MAC,Western Mich.,MAC,MAC,2,3,3-2,5,23,25,Western Mich.,Western Mich.,FALSE
2019-10-25,James Madison,CAA,Col. of Charleston,CAA,CAA,3,1,3-1,4,25,16,James Madison,James Madison,FALSE
2019-10-25,Bradley,MVC,Missouri St.,MVC,MVC,2,3,3-2,5,21,25,Missouri St.,Missouri St.,FALSE
2019-10-25,Colgate,Patriot,Loyola Maryland,Patriot,Patriot,3,1,3-1,4,20,25,Loyola Maryland,Colgate,TRUE
2019-10-25,Davidson,Atlantic 10,La Salle,Atlantic 10,Atlantic 10,1,3,3-1,4,18,25,La Salle,La Salle,FALSE
2019-10-25,Iowa,Big Ten,Purdue,Big Ten,Big Ten,1,3,3-1,4,25,20,Iowa,Purdue,TRUE
2019-10-25,Kent St.,MAC,Northern Ill.,MAC,MAC,1,3,3-1,4,24,26,Northern Ill.,Northern Ill.,FALSE
2019-10-25,Pittsburgh,ACC,Notre Dame,ACC,ACC,3,0,3-0,3,25,20,Pittsburgh,Pittsburgh,FALSE
2019-10-25,Georgia St.,Sun Belt,Troy,Sun Belt,Sun Belt,0,3,3-0,3,21,25,Troy,Troy,FALSE
2019-10-25,Texas St.,Sun Belt,Coastal Carolina,Sun Belt,Sun Belt,3,1,3-1,4,25,23,Texas St.,Texas St.,FALSE
2019-10-25,Little Rock,Sun Belt,Louisiana,Sun Belt,Sun Belt,0,3,3-0,3,22,25,Louisiana,Louisiana,FALSE
2019-10-25,Ga. Southern,Sun Belt,South Alabama,Sun Belt,Sun Belt,2,3,3-2,5,14,25,South Alabama,South Alabama,FALSE
2019-10-25,The Citadel,SoCon,Samford,SoCon,SoCon,1,3,3-1,4,25,23,The Citadel,Samford,TRUE
2019-10-25,Nebraska,Big Ten,Indiana,Big Ten,Big Ten,3,1,3-1,4,22,25,Indiana,Nebraska,TRUE
2019-10-25,Missouri,SEC,Arkansas,SEC,SEC,3,0,3-0,3,25,15,Missouri,Missouri,FALSE
2019-10-25,South Dakota,Summit League,Oral Roberts,Summit League,Summit League,3,0,3-0,3,25,22,South Dakota,South Dakota,FALSE
2019-10-25,Alabama A&M,SWAC,Texas Southern,SWAC,SWAC,3,0,3-0,3,25,20,Alabama A&M,Alabama A&M,FALSE
2019-10-25,Southern U.,SWAC,Alcorn,SWAC,SWAC,3,2,3-2,5,25,21,Southern U.,Southern U.,FALSE
2019-10-25,South Dakota St.,Summit League,North Dakota St.,Summit League,Summit League,1,3,3-1,4,23,25,North Dakota St.,North Dakota St.,FALSE
2019-10-25,Middle Tenn.,C-USA,North Texas,C-USA,C-USA,3,2,3-2,5,25,20,Middle Tenn.,Middle Tenn.,FALSE
2019-10-25,Murray St.,OVC,Jacksonville St.,OVC,OVC,1,3,3-1,4,19,25,Jacksonville St.,Jacksonville St.,FALSE
2019-10-25,FIU,C-USA,Louisiana Tech,C-USA,C-USA,1,3,3-1,4,25,19,FIU,Louisiana Tech,TRUE
2019-10-25,Marshall,C-USA,UTEP,C-USA,C-USA,0,3,3-0,3,19,25,UTEP,UTEP,FALSE
2019-10-25,George Mason,Atlantic 10,Saint Louis,Atlantic 10,Atlantic 10,2,3,3-2,5,25,23,George Mason,Saint Louis,TRUE
2019-10-25,Western Ky.,C-USA,UAB,C-USA,C-USA,3,0,3-0,3,25,12,Western Ky.,Western Ky.,FALSE
2019-10-25,Austin Peay,OVC,Tennessee Tech,OVC,OVC,1,3,3-1,4,25,22,Austin Peay,Tennessee Tech,TRUE
2019-10-25,Auburn,SEC,Mississippi St.,SEC,SEC,1,3,3-1,4,25,19,Auburn,Mississippi St.,TRUE
2019-10-25,Washington,Pac-12,Utah,Pac-12,Pac-12,1,3,3-1,4,25,19,Washington,Utah,TRUE
2019-10-25,Purdue Fort Wayne,Summit League,Denver,Summit League,Summit League,1,3,3-1,4,9,25,Denver,Denver,FALSE
2019-10-25,Hawaii,Big West,Cal St. Fullerton,Big West,Big West,3,0,3-0,3,25,12,Hawaii,Hawaii,FALSE
2019-10-25,Stanford,Pac-12,UCLA,Pac-12,Pac-12,0,3,3-0,3,22,25,UCLA,UCLA,FALSE
2019-10-25,Oregon St.,Pac-12,Arizona,Pac-12,Pac-12,3,2,3-2,5,13,25,Arizona,Oregon St.,TRUE
2019-10-25,Oregon,Pac-12,Arizona St.,Pac-12,Pac-12,2,3,3-2,5,25,21,Oregon,Arizona St.,TRUE
2019-10-25,California,Pac-12,Southern California,Pac-12,Pac-12,1,3,3-1,4,14,25,Southern California,Southern California,FALSE
2019-10-26,The Citadel,SoCon,Mercer,SoCon,SoCon,0,3,3-0,3,20,25,Mercer,Mercer,FALSE
2019-10-26,Holy Cross,Patriot,Loyola Maryland,Patriot,Patriot,1,3,3-1,4,25,22,Holy Cross,Loyola Maryland,TRUE
2019-10-26,Kansas St.,Big 12,Iowa St.,Big 12,Big 12,0,3,3-0,3,20,25,Iowa St.,Iowa St.,FALSE
2019-10-26,Texas,Big 12,Kansas,Big 12,Big 12,3,0,3-0,3,25,19,Texas,Texas,FALSE
2019-10-26,San Jose St.,Mountain West,Wyoming,Mountain West,Mountain West,0,3,3-0,3,27,29,Wyoming,Wyoming,FALSE
2019-10-26,Air Force,Mountain West,New Mexico,Mountain West,Mountain West,3,0,3-0,3,25,21,Air Force,Air Force,FALSE
2019-10-26,Hawaii,Big West,UC Irvine,Big West,Big West,3,0,3-0,3,27,25,Hawaii,Hawaii,FALSE
2019-10-26,Mississippi Val.,SWAC,Ark.-Pine Bluff,SWAC,SWAC,1,3,3-1,4,20,25,Ark.-Pine Bluff,Ark.-Pine Bluff,FALSE
2019-10-26,Grambling,SWAC,Alabama A&M,SWAC,SWAC,0,3,3-0,3,17,25,Alabama A&M,Alabama A&M,FALSE
2019-10-26,Lamar University,Southland,Houston Baptist,Southland,Southland,0,3,3-0,3,13,25,Houston Baptist,Houston Baptist,FALSE
2019-10-26,Austin Peay,OVC,Jacksonville St.,OVC,OVC,0,3,3-0,3,24,26,Jacksonville St.,Jacksonville St.,FALSE
2019-10-26,Southeastern La.,Southland,UIW,Southland,Southland,3,0,3-0,3,26,24,Southeastern La.,Southeastern La.,FALSE
2019-10-26,Omaha,Summit League,North Dakota,Summit League,Summit League,3,0,3-0,3,25,14,Omaha,Omaha,FALSE
2019-10-26,Furman,SoCon,Western Caro.,SoCon,SoCon,0,3,3-0,3,20,25,Western Caro.,Western Caro.,FALSE
2019-10-26,Abilene Christian,Southland,Central Ark.,Southland,Southland,0,3,3-0,3,17,25,Central Ark.,Central Ark.,FALSE
2019-10-26,Iona,MAAC,Niagara,MAAC,MAAC,0,3,3-0,3,21,25,Niagara,Niagara,FALSE
2019-10-26,Fairfield,MAAC,Quinnipiac,MAAC,MAAC,3,0,3-0,3,25,22,Fairfield,Fairfield,FALSE
2019-10-26,Rider,MAAC,Marist,MAAC,MAAC,3,0,3-0,3,29,27,Rider,Rider,FALSE
2019-10-26,Manhattan,MAAC,Canisius,MAAC,MAAC,0,3,3-0,3,19,25,Canisius,Canisius,FALSE
2019-10-26,Saint Peter's,MAAC,Siena,MAAC,MAAC,1,3,3-1,4,23,25,Siena,Siena,FALSE
2019-10-26,William & Mary,CAA,Hofstra,CAA,CAA,1,3,3-1,4,23,25,Hofstra,Hofstra,FALSE
2019-10-26,Southern U.,SWAC,Alabama St.,SWAC,SWAC,3,2,3-2,5,25,23,Southern U.,Southern U.,FALSE
2019-10-26,Prairie View,SWAC,Alcorn,SWAC,SWAC,3,0,3-0,3,25,12,Prairie View,Prairie View,FALSE
2019-10-26,Oklahoma,Big 12,Texas Tech,Big 12,Big 12,3,1,3-1,4,22,25,Texas Tech,Oklahoma,TRUE
2019-10-26,SIUE,OVC,Morehead St.,OVC,OVC,2,3,3-2,5,22,25,Morehead St.,Morehead St.,FALSE
2019-10-26,USC Upstate,Big South,High Point,Big South,Big South,1,3,3-1,4,23,25,High Point,High Point,FALSE
2019-10-26,Nicholls St.,Southland,Sam Houston St.,Southland,Southland,0,3,3-0,3,12,25,Sam Houston St.,Sam Houston St.,FALSE
2019-10-26,SFA,Southland,Northwestern St.,Southland,Southland,3,1,3-1,4,23,25,Northwestern St.,SFA,TRUE
2019-10-26,Eastern Ill.,OVC,Eastern Ky.,OVC,OVC,0,3,3-0,3,25,27,Eastern Ky.,Eastern Ky.,FALSE
2019-10-26,Cornell,Ivy League,Columbia,Ivy League,Ivy League,3,0,3-0,3,25,17,Cornell,Cornell,FALSE
2019-10-26,Hampton,Big South,Campbell,Big South,Big South,0,3,3-0,3,22,25,Campbell,Campbell,FALSE
2019-10-26,New Orleans,Southland,A&M-Corpus Christi,Southland,Southland,0,3,3-0,3,21,25,A&M-Corpus Christi,A&M-Corpus Christi,FALSE
2019-10-26,Yale,Ivy League,Brown,Ivy League,Ivy League,3,0,3-0,3,25,22,Yale,Yale,FALSE
2019-10-26,BYU,WCC,Pepperdine,WCC,WCC,3,0,3-0,3,25,21,BYU,BYU,FALSE
2019-10-26,Nevada,Mountain West,Colorado St.,Mountain West,Mountain West,0,3,3-0,3,12,25,Colorado St.,Colorado St.,FALSE
2019-10-26,UT Martin,OVC,Tennessee St.,OVC,OVC,3,1,3-1,4,25,17,UT Martin,UT Martin,FALSE
2019-10-26,Southeast Mo. St.,OVC,Belmont,OVC,OVC,3,1,3-1,4,25,13,Southeast Mo. St.,Southeast Mo. St.,FALSE
2019-10-26,Gonzaga,WCC,Portland,WCC,WCC,0,3,3-0,3,22,25,Portland,Portland,FALSE
2019-10-26,West Virginia,Big 12,Baylor,Big 12,Big 12,1,3,3-1,4,19,25,Baylor,Baylor,FALSE
2019-10-26,Seattle U,WAC,New Mexico St.,WAC,WAC,0,3,3-0,3,16,25,New Mexico St.,New Mexico St.,FALSE
2019-10-26,UNC Greensboro,SoCon,ETSU,SoCon,SoCon,0,3,3-0,3,13,25,ETSU,ETSU,FALSE
2019-10-26,Winthrop,Big South,Charleston So.,Big South,Big South,3,0,3-0,3,27,25,Winthrop,Winthrop,FALSE
2019-10-26,Southern Utah,Big Sky,Northern Colo.,Big Sky,Big Sky,0,3,3-0,3,15,25,Northern Colo.,Northern Colo.,FALSE
2019-10-26,Gardner-Webb,Big South,Presbyterian,Big South,Big South,0,3,3-0,3,15,25,Presbyterian,Presbyterian,FALSE
2019-10-26,Colgate,Patriot,American,Patriot,Patriot,0,3,3-0,3,14,25,American,American,FALSE
2019-10-26,Bucknell,Patriot,Lehigh,Patriot,Patriot,0,3,3-0,3,20,25,Lehigh,Lehigh,FALSE
2019-10-26,San Francisco,WCC,Saint Mary's (CA),WCC,WCC,0,3,3-0,3,27,29,Saint Mary's (CA),Saint Mary's (CA),FALSE
2019-10-26,San Diego,WCC,LMU (CA),WCC,WCC,3,1,3-1,4,21,25,LMU (CA),San Diego,TRUE
2019-10-26,Elon,CAA,Northeastern,CAA,CAA,1,3,3-1,4,14,25,Northeastern,Northeastern,FALSE
2019-10-26,Boise St.,Mountain West,Fresno St.,Mountain West,Mountain West,3,0,3-0,3,27,25,Boise St.,Boise St.,FALSE
2019-10-26,Santa Clara,WCC,Pacific,WCC,WCC,3,1,3-1,4,14,25,Pacific,Santa Clara,TRUE
2019-10-26,Chicago St.,WAC,CSU Bakersfield,WAC,WAC,2,3,3-2,5,25,22,Chicago St.,CSU Bakersfield,TRUE
2019-10-26,Wright St.,Horizon,IUPUI,Horizon,Horizon,3,1,3-1,4,21,25,IUPUI,Wright St.,TRUE
2019-10-26,UNC Asheville,Big South,Radford,Big South,Big South,0,3,3-0,3,21,25,Radford,Radford,FALSE
2019-10-26,Texas Southern,SWAC,Jackson St.,SWAC,SWAC,2,3,3-2,5,12,25,Jackson St.,Jackson St.,FALSE
2019-10-26,Grambling,SWAC,Alcorn,SWAC,SWAC,3,2,3-2,5,25,13,Grambling,Grambling,FALSE
2019-10-26,Cleveland St.,Horizon,Milwaukee,Horizon,Horizon,1,3,3-1,4,25,22,Cleveland St.,Milwaukee,TRUE
2019-10-26,Akron,MAC,Eastern Mich.,MAC,MAC,3,1,3-1,4,25,18,Akron,Akron,FALSE
2019-10-26,Utah St.,Mountain West,San Diego St.,Mountain West,Mountain West,0,3,3-0,3,19,25,San Diego St.,San Diego St.,FALSE
2019-10-26,Wofford,SoCon,Samford,SoCon,SoCon,1,3,3-1,4,20,25,Samford,Samford,FALSE
2019-10-26,New Hampshire,America East,Dartmouth,Ivy League,Non-Conference,1,3,3-1,4,25,21,New Hampshire,Dartmouth,TRUE
2019-10-26,LIU,NEC,Sacred Heart,NEC,NEC,0,3,3-0,3,19,25,Sacred Heart,Sacred Heart,FALSE
2019-10-26,St. Francis Brooklyn,NEC,Bryant,NEC,NEC,0,3,3-0,3,23,25,Bryant,Bryant,FALSE
2019-10-26,Kent St.,MAC,Western Mich.,MAC,MAC,3,2,3-2,5,23,25,Western Mich.,Kent St.,TRUE
2019-10-26,Youngstown St.,Horizon,UIC,Horizon,Horizon,0,3,3-0,3,19,25,UIC,UIC,FALSE
2019-10-26,Oakland,Horizon,Green Bay,Horizon,Horizon,0,3,3-0,3,14,25,Green Bay,Green Bay,FALSE
2019-10-26,Drake,MVC,Indiana St.,MVC,MVC,1,3,3-1,4,25,27,Indiana St.,Indiana St.,FALSE
2019-10-26,Marquette,Big East,Seton Hall,Big East,Big East,3,0,3-0,3,25,12,Marquette,Marquette,FALSE
2019-10-26,DePaul,Big East,St. John's (NY),Big East,Big East,1,3,3-1,4,19,25,St. John's (NY),St. John's (NY),FALSE
2019-10-26,Weber St.,Big Sky,Eastern Wash.,Big Sky,Big Sky,3,1,3-1,4,25,11,Weber St.,Weber St.,FALSE
2019-10-26,Miami (OH),MAC,Toledo,MAC,MAC,3,0,3-0,3,25,14,Miami (OH),Miami (OH),FALSE
2019-10-26,Bradley,MVC,Southern Ill.,MVC,MVC,3,0,3-0,3,25,23,Bradley,Bradley,FALSE
2019-10-26,UNI,MVC,Evansville,MVC,MVC,3,2,3-2,5,23,25,Evansville,UNI,TRUE
2019-10-26,Villanova,Big East,Xavier,Big East,Big East,3,0,3-0,3,25,19,Villanova,Villanova,FALSE
2019-10-26,Illinois St.,MVC,Missouri St.,MVC,MVC,1,3,3-1,4,23,25,Missouri St.,Missouri St.,FALSE
2019-10-26,Kansas City,WAC,Grand Canyon,WAC,WAC,1,3,3-1,4,16,25,Grand Canyon,Grand Canyon,FALSE
2019-10-26,Murray St.,OVC,Tennessee Tech,OVC,OVC,3,1,3-1,4,25,21,Murray St.,Murray St.,FALSE
2019-10-26,Creighton,Big East,Providence,Big East,Big East,3,0,3-0,3,25,14,Creighton,Creighton,FALSE
2019-10-26,Southern U.,SWAC,Alabama A&M,SWAC,SWAC,0,3,3-0,3,16,25,Alabama A&M,Alabama A&M,FALSE
2019-10-26,Prairie View,SWAC,Mississippi Val.,SWAC,SWAC,3,0,3-0,3,25,15,Prairie View,Prairie View,FALSE
2019-10-26,Central Conn. St.,NEC,Fairleigh Dickinson,NEC,NEC,3,0,3-0,3,25,18,Central Conn. St.,Central Conn. St.,FALSE
2019-10-26,Buffalo,MAC,Central Mich.,MAC,MAC,3,2,3-2,5,16,25,Central Mich.,Buffalo,TRUE
2019-10-26,Bowling Green,MAC,Ball St.,MAC,MAC,3,2,3-2,5,19,25,Ball St.,Bowling Green,TRUE
2019-10-26,Little Rock,Sun Belt,La.-Monroe,Sun Belt,Sun Belt,3,0,3-0,3,25,16,Little Rock,Little Rock,FALSE
2019-10-26,Iowa,Big Ten,Indiana,Big Ten,Big Ten,3,2,3-2,5,27,25,Iowa,Iowa,FALSE
2019-10-26,Rhode Island,Atlantic 10,Fordham,Atlantic 10,Atlantic 10,0,3,3-0,3,23,25,Fordham,Fordham,FALSE
2019-10-26,Penn St.,Big Ten,Maryland,Big Ten,Big Ten,3,0,3-0,3,25,19,Penn St.,Penn St.,FALSE
2019-10-26,Arkansas St.,Sun Belt,Louisiana,Sun Belt,Sun Belt,0,3,3-0,3,12,25,Louisiana,Louisiana,FALSE
2019-10-26,Ga. Southern,Sun Belt,Troy,Sun Belt,Sun Belt,0,3,3-0,3,17,25,Troy,Troy,FALSE
2019-10-26,Army West Point,Patriot,Navy,Patriot,Patriot,2,3,3-2,5,19,25,Navy,Navy,FALSE
2019-10-26,Nebraska,Big Ten,Purdue,Big Ten,Big Ten,2,3,3-2,5,25,23,Nebraska,Purdue,TRUE
2019-10-26,Texas Southern,SWAC,Alabama St.,SWAC,SWAC,0,3,3-0,3,21,25,Alabama St.,Alabama St.,FALSE
2019-10-26,Ohio St.,Big Ten,Illinois,Big Ten,Big Ten,0,3,3-0,3,21,25,Illinois,Illinois,FALSE
2019-10-26,Ark.-Pine Bluff,SWAC,Jackson St.,SWAC,SWAC,2,3,3-2,5,15,25,Jackson St.,Jackson St.,FALSE
2019-10-26,Ohio,MAC,Northern Ill.,MAC,MAC,1,3,3-1,4,25,13,Ohio,Northern Ill.,TRUE
2019-10-26,Idaho St.,Big Sky,Idaho,Big Sky,Big Sky,0,3,3-0,3,15,25,Idaho,Idaho,FALSE
2019-10-26,Portland St.,Big Sky,Montana,Big Sky,Big Sky,1,3,3-1,4,12,25,Montana,Montana,FALSE
2019-10-26,Sacramento St.,Big Sky,Montana St.,Big Sky,Big Sky,2,3,3-2,5,25,21,Sacramento St.,Montana St.,TRUE
2019-10-26,CSUN,Big West,Long Beach St.,Big West,Big West,2,3,3-2,5,24,26,Long Beach St.,Long Beach St.,FALSE
2019-10-26,Cal Poly,Big West,UC Davis,Big West,Big West,3,0,3-0,3,25,19,Cal Poly,Cal Poly,FALSE
2019-10-26,UC Santa Barbara,Big West,UC Riverside,Big West,Big West,3,0,3-0,3,25,22,UC Santa Barbara,UC Santa Barbara,FALSE
2019-10-27,Alabama,SEC,South Carolina,SEC,SEC,0,3,3-0,3,15,25,South Carolina,South Carolina,FALSE
2019-10-27,Georgia,SEC,Texas A&M,SEC,SEC,0,3,3-0,3,16,25,Texas A&M,Texas A&M,FALSE
2019-10-27,Washington St.,Pac-12,Utah,Pac-12,Pac-12,3,2,3-2,5,23,25,Utah,Washington St.,TRUE
2019-10-27,Prairie View,SWAC,Alabama A&M,SWAC,SWAC,3,1,3-1,4,25,22,Prairie View,Prairie View,FALSE
2019-10-27,Texas Southern,SWAC,Mississippi Val.,SWAC,SWAC,3,0,3-0,3,25,11,Texas Southern,Texas Southern,FALSE
2019-10-27,Memphis,AAC,East Carolina,AAC,AAC,3,2,3-2,5,17,25,East Carolina,Memphis,TRUE
2019-10-27,Tulsa,AAC,UConn,AAC,AAC,1,3,3-1,4,25,20,Tulsa,UConn,TRUE
2019-10-27,Houston,AAC,South Fla.,AAC,AAC,3,2,3-2,5,22,25,South Fla.,Houston,TRUE
2019-10-27,Minnesota,Big Ten,Michigan St.,Big Ten,Big Ten,3,1,3-1,4,25,21,Minnesota,Minnesota,FALSE
2019-10-27,Miami (FL),ACC,Georgia Tech,ACC,ACC,0,3,3-0,3,12,25,Georgia Tech,Georgia Tech,FALSE
2019-10-27,UT Arlington,Sun Belt,Coastal Carolina,Sun Belt,Sun Belt,3,2,3-2,5,23,25,Coastal Carolina,UT Arlington,TRUE
2019-10-27,Texas St.,Sun Belt,Appalachian St.,Sun Belt,Sun Belt,3,2,3-2,5,16,25,Appalachian St.,Texas St.,TRUE
2019-10-27,South Carolina St.,MEAC,Coppin St.,MEAC,MEAC,0,3,3-0,3,14,25,Coppin St.,Coppin St.,FALSE
2019-10-27,SMU,AAC,Cincinnati,AAC,AAC,0,3,3-0,3,21,25,Cincinnati,Cincinnati,FALSE
2019-10-27,Wisconsin,Big Ten,Michigan,Big Ten,Big Ten,3,1,3-1,4,24,26,Michigan,Wisconsin,TRUE
2019-10-27,Bethune-Cookman,MEAC,UMES,MEAC,MEAC,1,3,3-1,4,19,25,UMES,UMES,FALSE
2019-10-27,Northwestern,Big Ten,Rutgers,Big Ten,Big Ten,2,3,3-2,5,25,27,Rutgers,Rutgers,FALSE
2019-10-27,Florida St.,ACC,Clemson,ACC,ACC,3,1,3-1,4,15,25,Clemson,Florida St.,TRUE
2019-10-27,Georgetown,Big East,Butler,Big East,Big East,0,3,3-0,3,13,25,Butler,Butler,FALSE
2019-10-27,VCU,Atlantic 10,La Salle,Atlantic 10,Atlantic 10,3,0,3-0,3,31,29,VCU,VCU,FALSE
2019-10-27,Syracuse,ACC,NC State,ACC,ACC,3,0,3-0,3,25,21,Syracuse,Syracuse,FALSE
2019-10-27,Marshall,C-USA,UTSA,C-USA,C-USA,3,0,3-0,3,25,23,Marshall,Marshall,FALSE
2019-10-27,Virginia,ACC,Notre Dame,ACC,ACC,0,3,3-0,3,21,25,Notre Dame,Notre Dame,FALSE
2019-10-27,Liberty,ASUN,Jacksonville,ASUN,ASUN,3,1,3-1,4,25,20,Liberty,Liberty,FALSE
2019-10-27,Saint Peter's,MAAC,Marist,MAAC,MAAC,1,3,3-1,4,25,23,Saint Peter's,Marist,TRUE
2019-10-27,George Mason,Atlantic 10,Dayton,Atlantic 10,Atlantic 10,0,3,3-0,3,10,25,Dayton,Dayton,FALSE
2019-10-27,N.C. Central,MEAC,Norfolk St.,MEAC,MEAC,3,1,3-1,4,23,25,Norfolk St.,N.C. Central,TRUE
2019-10-27,James Madison,CAA,UNCW,CAA,CAA,3,0,3-0,3,25,20,James Madison,James Madison,FALSE
2019-10-27,Stetson,ASUN,Lipscomb,ASUN,ASUN,3,2,3-2,5,20,25,Lipscomb,Stetson,TRUE
2019-10-27,Manhattan,MAAC,Niagara,MAAC,MAAC,0,3,3-0,3,24,26,Niagara,Niagara,FALSE
2019-10-27,Kennesaw St.,ASUN,North Florida,ASUN,ASUN,1,3,3-1,4,25,19,Kennesaw St.,North Florida,TRUE
2019-10-27,Davidson,Atlantic 10,Duquesne,Atlantic 10,Atlantic 10,3,0,3-0,3,25,14,Davidson,Davidson,FALSE
2019-10-27,Tulane,AAC,UCF,AAC,AAC,1,3,3-1,4,19,25,UCF,UCF,FALSE
2019-10-27,Delaware,CAA,Col. of Charleston,CAA,CAA,3,1,3-1,4,25,23,Delaware,Delaware,FALSE
2019-10-27,Iona,MAAC,Canisius,MAAC,MAAC,0,3,3-0,3,18,25,Canisius,Canisius,FALSE
2019-10-27,George Washington,Atlantic 10,Saint Louis,Atlantic 10,Atlantic 10,0,3,3-0,3,17,25,Saint Louis,Saint Louis,FALSE
2019-10-27,Wichita St.,AAC,Temple,AAC,AAC,0,3,3-0,3,19,25,Temple,Temple,FALSE
2019-10-27,Florida A&M,MEAC,Delaware St.,MEAC,MEAC,0,3,3-0,3,29,31,Delaware St.,Delaware St.,FALSE
2019-10-27,Tennessee,SEC,Florida,SEC,SEC,1,3,3-1,4,18,25,Florida,Florida,FALSE
2019-10-27,Virginia Tech,ACC,Wake Forest,ACC,ACC,3,2,3-2,5,25,20,Virginia Tech,Virginia Tech,FALSE
2019-10-27,Rider,MAAC,Siena,MAAC,MAAC,3,1,3-1,4,21,25,Siena,Rider,TRUE
2019-10-27,Western Ky.,C-USA,Charlotte,C-USA,C-USA,3,0,3-0,3,25,17,Western Ky.,Western Ky.,FALSE
2019-10-27,N.C. A&T,MEAC,Howard,MEAC,MEAC,2,3,3-2,5,23,25,Howard,Howard,FALSE
2019-10-27,Georgia St.,Sun Belt,South Alabama,Sun Belt,Sun Belt,0,3,3-0,3,17,25,South Alabama,South Alabama,FALSE
2019-10-27,Grambling,SWAC,Alabama St.,SWAC,SWAC,0,3,3-0,3,23,25,Alabama St.,Alabama St.,FALSE
2019-10-27,Ark.-Pine Bluff,SWAC,Alcorn,SWAC,SWAC,3,0,3-0,3,25,15,Ark.-Pine Bluff,Ark.-Pine Bluff,FALSE
2019-10-27,Louisiana Tech,C-USA,North Texas,C-USA,C-USA,0,3,3-0,3,17,25,North Texas,North Texas,FALSE
2019-10-27,Omaha,Summit League,North Dakota St.,Summit League,Summit League,3,0,3-0,3,25,13,Omaha,Omaha,FALSE
2019-10-27,Fla. Atlantic,C-USA,UAB,C-USA,C-USA,3,1,3-1,4,25,20,Fla. Atlantic,Fla. Atlantic,FALSE
2019-10-27,South Dakota St.,Summit League,Western Ill.,Summit League,Summit League,0,3,3-0,3,21,25,Western Ill.,Western Ill.,FALSE
2019-10-27,FIU,C-USA,Rice,C-USA,C-USA,1,3,3-1,4,22,25,Rice,Rice,FALSE
2019-10-27,Middle Tenn.,C-USA,Southern Miss.,C-USA,C-USA,3,1,3-1,4,24,26,Southern Miss.,Middle Tenn.,TRUE
2019-10-27,Mississippi St.,SEC,Missouri,SEC,SEC,0,3,3-0,3,19,25,Missouri,Missouri,FALSE
2019-10-27,South Dakota,Summit League,North Dakota,Summit League,Summit League,3,0,3-0,3,25,14,South Dakota,South Dakota,FALSE
2019-10-27,Auburn,SEC,Arkansas,SEC,SEC,0,3,3-0,3,22,25,Arkansas,Arkansas,FALSE
2019-10-27,Boston College,ACC,North Carolina,ACC,ACC,0,3,3-0,3,17,25,North Carolina,North Carolina,FALSE
2019-10-27,Kentucky,SEC,Ole Miss,SEC,SEC,3,1,3-1,4,25,23,Kentucky,Kentucky,FALSE
2019-10-27,Oregon,Pac-12,Arizona,Pac-12,Pac-12,1,3,3-1,4,21,25,Arizona,Arizona,FALSE
2019-10-27,Washington,Pac-12,Colorado,Pac-12,Pac-12,3,1,3-1,4,25,15,Washington,Washington,FALSE
2019-10-27,Towson,CAA,Hofstra,CAA,CAA,3,1,3-1,4,21,25,Hofstra,Towson,TRUE
2019-10-27,Pittsburgh,ACC,Louisville,ACC,ACC,3,0,3-0,3,25,21,Pittsburgh,Pittsburgh,FALSE
2019-10-27,California,Pac-12,UCLA,Pac-12,Pac-12,1,3,3-1,4,19,25,UCLA,UCLA,FALSE
2019-10-27,Oregon St.,Pac-12,Arizona St.,Pac-12,Pac-12,0,3,3-0,3,21,25,Arizona St.,Arizona St.,FALSE
2019-10-27,Lafayette,Patriot,Lehigh,Patriot,Patriot,1,3,3-1,4,25,23,Lafayette,Lehigh,TRUE
2019-10-27,Southern U.,SWAC,Jackson St.,SWAC,SWAC,3,0,3-0,3,25,19,Southern U.,Southern U.,FALSE
2019-10-27,Stanford,Pac-12,Southern California,Pac-12,Pac-12,3,2,3-2,5,23,25,Southern California,Stanford,TRUE
2019-10-27,Oral Roberts,Summit League,Denver,Summit League,Summit League,0,3,3-0,3,12,25,Denver,Denver,FALSE
2019-10-27,Northern Ky.,Horizon,IUPUI,Horizon,Horizon,3,0,3-0,3,25,21,Northern Ky.,Northern Ky.,FALSE
2019-10-28,William & Mary,CAA,Northeastern,CAA,CAA,0,3,3-0,3,22,25,Northeastern,Northeastern,FALSE
2019-10-28,Drake,MVC,Valparaiso,MVC,MVC,3,2,3-2,5,24,26,Valparaiso,Drake,TRUE
2019-10-28,Utah Valley,WAC,UTRGV,WAC,WAC,2,3,3-2,5,17,25,UTRGV,UTRGV,FALSE
2019-10-29,NJIT,ASUN,Kennesaw St.,ASUN,ASUN,0,3,3-0,3,15,25,Kennesaw St.,Kennesaw St.,FALSE
2019-10-29,East Carolina,AAC,N.C. Central,MEAC,Non-Conference,3,1,3-1,4,25,16,East Carolina,East Carolina,FALSE
2019-10-29,Liberty,ASUN,FGCU,ASUN,ASUN,0,3,3-0,3,17,25,FGCU,FGCU,FALSE
2019-10-29,Southeast Mo. St.,OVC,UT Martin,OVC,OVC,3,2,3-2,5,22,25,UT Martin,Southeast Mo. St.,TRUE
2019-10-29,Coppin St.,MEAC,Morgan St.,MEAC,MEAC,1,3,3-1,4,24,26,Morgan St.,Morgan St.,FALSE
2019-10-29,Alabama St.,SWAC,Florida A&M,MEAC,Non-Conference,0,3,3-0,3,8,25,Florida A&M,Florida A&M,FALSE
2019-10-29,Houston Baptist,Southland,Abilene Christian,Southland,Southland,3,0,3-0,3,25,22,Houston Baptist,Houston Baptist,FALSE
2019-10-29,Troy,Sun Belt,South Alabama,Sun Belt,Sun Belt,0,3,3-0,3,19,25,South Alabama,South Alabama,FALSE
2019-10-29,New Orleans,Southland,Southeastern La.,Southland,Southland,0,3,3-0,3,24,26,Southeastern La.,Southeastern La.,FALSE
2019-10-29,Oral Roberts,Summit League,Omaha,Summit League,Summit League,0,3,3-0,3,14,25,Omaha,Omaha,FALSE
2019-10-29,Wyoming,Mountain West,Colorado St.,Mountain West,Mountain West,1,3,3-1,4,25,27,Colorado St.,Colorado St.,FALSE
2019-10-29,Montana,Big Sky,Montana St.,Big Sky,Big Sky,3,1,3-1,4,25,21,Montana,Montana,FALSE
2019-10-29,CSUN,Big West,Cal Poly,Big West,Big West,0,3,3-0,3,19,25,Cal Poly,Cal Poly,FALSE
2019-10-29,Long Beach St.,Big West,UC Santa Barbara,Big West,Big West,1,3,3-1,4,22,25,UC Santa Barbara,UC Santa Barbara,FALSE
2019-10-30,Miami (FL),ACC,Florida St.,ACC,ACC,1,3,3-1,4,21,25,Florida St.,Florida St.,FALSE
2019-10-30,Jackson St.,SWAC,La.-Monroe,Sun Belt,Non-Conference,0,3,3-0,3,21,25,La.-Monroe,La.-Monroe,FALSE
2019-10-30,Jacksonville,ASUN,Stetson,ASUN,ASUN,0,3,3-0,3,20,25,Stetson,Stetson,FALSE
2019-10-30,Indiana,Big Ten,Purdue,Big Ten,Big Ten,0,3,3-0,3,16,25,Purdue,Purdue,FALSE
2019-10-30,Kansas St.,Big 12,West Virginia,Big 12,Big 12,1,3,3-1,4,28,26,Kansas St.,West Virginia,TRUE
2019-10-30,LIU,NEC,St. Francis Brooklyn,NEC,NEC,1,3,3-1,4,25,27,St. Francis Brooklyn,St. Francis Brooklyn,FALSE
2019-10-30,Siena,MAAC,Fairfield,MAAC,MAAC,1,3,3-1,4,17,25,Fairfield,Fairfield,FALSE
2019-10-30,Texas,Big 12,Texas Tech,Big 12,Big 12,3,0,3-0,3,25,20,Texas,Texas,FALSE
2019-10-30,Elon,CAA,William & Mary,CAA,CAA,3,0,3-0,3,25,22,Elon,Elon,FALSE
2019-10-30,Robert Morris,NEC,Saint Francis (PA),NEC,NEC,3,0,3-0,3,25,15,Robert Morris,Robert Morris,FALSE
2019-10-30,Arkansas,SEC,Georgia,SEC,SEC,0,3,3-0,3,23,25,Georgia,Georgia,FALSE
2019-10-30,Dayton,Atlantic 10,Cincinnati,AAC,Non-Conference,1,3,3-1,4,15,25,Cincinnati,Cincinnati,FALSE
2019-10-30,Ohio St.,Big Ten,Minnesota,Big Ten,Big Ten,2,3,3-2,5,19,25,Minnesota,Minnesota,FALSE
2019-10-30,Maryland,Big Ten,Wisconsin,Big Ten,Big Ten,0,3,3-0,3,21,25,Wisconsin,Wisconsin,FALSE
2019-10-30,Mercer,SoCon,Samford,SoCon,SoCon,0,3,3-0,3,10,25,Samford,Samford,FALSE
2019-10-30,Jacksonville St.,OVC,Tennessee Tech,OVC,OVC,3,1,3-1,4,21,25,Tennessee Tech,Jacksonville St.,TRUE
2019-10-30,Baylor,Big 12,Oklahoma,Big 12,Big 12,3,2,3-2,5,26,24,Baylor,Baylor,FALSE
2019-10-30,Iowa St.,Big 12,TCU,Big 12,Big 12,3,0,3-0,3,25,15,Iowa St.,Iowa St.,FALSE
2019-10-30,Florida,SEC,Missouri,SEC,SEC,3,2,3-2,5,25,22,Florida,Florida,FALSE
2019-10-31,South Carolina St.,MEAC,Florida A&M,MEAC,MEAC,1,3,3-1,4,14,25,Florida A&M,Florida A&M,FALSE
2019-10-31,Lipscomb,ASUN,Liberty,ASUN,ASUN,1,3,3-1,4,18,25,Liberty,Liberty,FALSE
2019-10-31,Western Mich.,MAC,Central Mich.,MAC,MAC,1,3,3-1,4,25,22,Western Mich.,Central Mich.,TRUE
2019-10-31,Buffalo,MAC,Akron,MAC,MAC,3,2,3-2,5,30,28,Buffalo,Buffalo,FALSE
2019-10-31,Toledo,MAC,Ball St.,MAC,MAC,2,3,3-2,5,25,17,Toledo,Ball St.,TRUE
2019-10-31,Sam Houston St.,Southland,SFA,Southland,Southland,1,3,3-1,4,25,17,Sam Houston St.,SFA,TRUE
2019-10-31,Northwestern St.,Southland,New Orleans,Southland,Southland,3,0,3-0,3,25,23,Northwestern St.,Northwestern St.,FALSE
2019-10-31,A&M-Corpus Christi,Southland,McNeese,Southland,Southland,3,0,3-0,3,25,21,A&M-Corpus Christi,A&M-Corpus Christi,FALSE
2019-10-31,Chicago St.,WAC,Kansas City,WAC,WAC,0,3,3-0,3,13,25,Kansas City,Kansas City,FALSE
2019-10-31,CSU Bakersfield,WAC,Utah Valley,WAC,WAC,1,3,3-1,4,19,25,Utah Valley,Utah Valley,FALSE
2019-10-31,UIW,Southland,Lamar University,Southland,Southland,3,1,3-1,4,25,22,UIW,UIW,FALSE
2019-10-31,Central Ark.,Southland,Nicholls St.,Southland,Southland,3,0,3-0,3,25,20,Central Ark.,Central Ark.,FALSE
2019-10-31,Boise St.,Mountain West,San Jose St.,Mountain West,Mountain West,3,0,3-0,3,25,14,Boise St.,Boise St.,FALSE
2019-10-31,Air Force,Mountain West,Colorado St.,Mountain West,Mountain West,0,3,3-0,3,21,25,Colorado St.,Colorado St.,FALSE
2019-10-31,Utah St.,Mountain West,Nevada,Mountain West,Mountain West,0,3,3-0,3,20,25,Nevada,Nevada,FALSE
2019-10-31,Saint Mary's (CA),WCC,BYU,WCC,WCC,0,3,3-0,3,15,25,BYU,BYU,FALSE
2019-10-31,Grand Canyon,WAC,Seattle U,WAC,WAC,3,0,3-0,3,25,22,Grand Canyon,Grand Canyon,FALSE
2019-10-31,Pepperdine,WCC,Gonzaga,WCC,WCC,3,2,3-2,5,25,14,Pepperdine,Pepperdine,FALSE
2019-10-31,Southern Utah,Big Sky,Weber St.,Big Sky,Big Sky,1,3,3-1,4,16,25,Weber St.,Weber St.,FALSE
2019-10-31,Northern Colo.,Big Sky,Montana St.,Big Sky,Big Sky,3,2,3-2,5,22,25,Montana St.,Northern Colo.,TRUE
2019-10-31,Northern Ariz.,Big Sky,Idaho St.,Big Sky,Big Sky,3,1,3-1,4,28,26,Northern Ariz.,Northern Ariz.,FALSE
2019-10-31,San Diego St.,Mountain West,New Mexico,Mountain West,Mountain West,3,1,3-1,4,25,20,San Diego St.,San Diego St.,FALSE
2019-10-31,Fresno St.,Mountain West,UNLV,Mountain West,Mountain West,1,3,3-1,4,25,22,Fresno St.,UNLV,TRUE
2019-10-31,Pacific,WCC,San Diego,WCC,WCC,0,3,3-0,3,18,25,San Diego,San Diego,FALSE
2019-10-31,LMU (CA),WCC,Portland,WCC,WCC,3,1,3-1,4,18,25,Portland,LMU (CA),TRUE
2019-10-31,Idaho,Big Sky,Sacramento St.,Big Sky,Big Sky,2,3,3-2,5,25,21,Idaho,Sacramento St.,TRUE
2019-10-31,Eastern Wash.,Big Sky,Portland St.,Big Sky,Big Sky,1,3,3-1,4,25,16,Eastern Wash.,Portland St.,TRUE
2019-11-01,Texas A&M,SEC,Kentucky,SEC,SEC,3,1,3-1,4,25,18,Texas A&M,Texas A&M,FALSE
2019-11-01,George Washington,Atlantic 10,Davidson,Atlantic 10,Atlantic 10,3,1,3-1,4,25,19,George Washington,George Washington,FALSE
2019-11-01,Villanova,Big East,Georgetown,Big East,Big East,3,0,3-0,3,25,19,Villanova,Villanova,FALSE
2019-11-01,South Fla.,AAC,UCF,AAC,AAC,0,3,3-0,3,14,25,UCF,UCF,FALSE
2019-11-01,Rice,C-USA,Charlotte,C-USA,C-USA,3,0,3-0,3,25,18,Rice,Rice,FALSE
2019-11-01,UNC Greensboro,SoCon,Wofford,SoCon,SoCon,0,3,3-0,3,17,25,Wofford,Wofford,FALSE
2019-11-01,Cleveland St.,Horizon,Youngstown St.,Horizon,Horizon,3,0,3-0,3,25,10,Cleveland St.,Cleveland St.,FALSE
2019-11-01,St. Francis Brooklyn,NEC,Fairleigh Dickinson,NEC,NEC,3,0,3-0,3,25,21,St. Francis Brooklyn,St. Francis Brooklyn,FALSE
2019-11-01,Seton Hall,Big East,Providence,Big East,Big East,0,3,3-0,3,16,25,Providence,Providence,FALSE
2019-11-01,Charleston So.,Big South,UNC Asheville,Big South,Big South,0,3,3-0,3,21,25,UNC Asheville,UNC Asheville,FALSE
2019-11-01,Norfolk St.,MEAC,Coppin St.,MEAC,MEAC,0,3,3-0,3,13,25,Coppin St.,Coppin St.,FALSE
2019-11-01,N.C. A&T,MEAC,N.C. Central,MEAC,MEAC,3,1,3-1,4,27,25,N.C. A&T,N.C. A&T,FALSE
2019-11-01,North Florida,ASUN,NJIT,ASUN,ASUN,3,0,3-0,3,25,18,North Florida,North Florida,FALSE
2019-11-01,Gardner-Webb,Big South,Campbell,Big South,Big South,1,3,3-1,4,24,26,Campbell,Campbell,FALSE
2019-11-01,Chattanooga,SoCon,Western Caro.,SoCon,SoCon,0,3,3-0,3,15,25,Western Caro.,Western Caro.,FALSE
2019-11-01,Green Bay,Horizon,Northern Ky.,Horizon,Horizon,3,1,3-1,4,25,21,Green Bay,Green Bay,FALSE
2019-11-01,Mercer,SoCon,ETSU,SoCon,SoCon,0,3,3-0,3,18,25,ETSU,ETSU,FALSE
2019-11-01,Kent St.,MAC,Bowling Green,MAC,MAC,3,1,3-1,4,25,23,Kent St.,Kent St.,FALSE
2019-11-01,UMES,MEAC,Delaware St.,MEAC,MEAC,3,2,3-2,5,25,23,UMES,UMES,FALSE
2019-11-01,Milwaukee,Horizon,Wright St.,Horizon,Horizon,0,3,3-0,3,23,25,Wright St.,Wright St.,FALSE
2019-11-01,Presbyterian,Big South,USC Upstate,Big South,Big South,3,1,3-1,4,25,12,Presbyterian,Presbyterian,FALSE
2019-11-01,High Point,Big South,Radford,Big South,Big South,3,1,3-1,4,23,25,Radford,High Point,TRUE
2019-11-01,George Mason,Atlantic 10,VCU,Atlantic 10,Atlantic 10,0,3,3-0,3,15,25,VCU,VCU,FALSE
2019-11-01,Winthrop,Big South,Hampton,Big South,Big South,3,1,3-1,4,17,25,Hampton,Winthrop,TRUE
2019-11-01,UIC,Horizon,IUPUI,Horizon,Horizon,3,2,3-2,5,22,25,IUPUI,UIC,TRUE
2019-11-01,South Carolina St.,MEAC,Bethune-Cookman,MEAC,MEAC,0,3,3-0,3,10,25,Bethune-Cookman,Bethune-Cookman,FALSE
2019-11-01,Louisiana Tech,C-USA,Marshall,C-USA,C-USA,0,3,3-0,3,17,25,Marshall,Marshall,FALSE
2019-11-01,Florida St.,ACC,Virginia Tech,ACC,ACC,3,0,3-0,3,25,20,Florida St.,Florida St.,FALSE
2019-11-01,Binghamton,America East,Stony Brook,America East,America East,0,3,3-0,3,23,25,Stony Brook,Stony Brook,FALSE
2019-11-01,St. John's (NY),Big East,Creighton,Big East,Big East,0,3,3-0,3,22,25,Creighton,Creighton,FALSE
2019-11-01,Georgia Tech,ACC,North Carolina,ACC,ACC,3,2,3-2,5,23,25,North Carolina,Georgia Tech,TRUE
2019-11-01,Ole Miss,SEC,Tennessee,SEC,SEC,2,3,3-2,5,18,25,Tennessee,Tennessee,FALSE
2019-11-01,Duke,ACC,Virginia,ACC,ACC,3,0,3-0,3,25,19,Duke,Duke,FALSE
2019-11-01,Fairfield,MAAC,Iona,MAAC,MAAC,3,1,3-1,4,27,25,Fairfield,Fairfield,FALSE
2019-11-01,Ohio,MAC,Miami (OH),MAC,MAC,1,3,3-1,4,28,30,Miami (OH),Miami (OH),FALSE
2019-11-01,Northern Ill.,MAC,Eastern Mich.,MAC,MAC,0,3,3-0,3,23,25,Eastern Mich.,Eastern Mich.,FALSE
2019-11-01,Col. of Charleston,CAA,William & Mary,CAA,CAA,2,3,3-2,5,25,14,Col. of Charleston,William & Mary,TRUE
2019-11-01,UNCW,CAA,Elon,CAA,CAA,3,1,3-1,4,25,22,UNCW,UNCW,FALSE
2019-11-01,Loyola Maryland,Patriot,Lafayette,Patriot,Patriot,3,1,3-1,4,21,25,Lafayette,Loyola Maryland,TRUE
2019-11-01,Evansville,MVC,Loyola Chicago,MVC,MVC,0,3,3-0,3,18,25,Loyola Chicago,Loyola Chicago,FALSE
2019-11-01,Duquesne,Atlantic 10,Fordham,Atlantic 10,Atlantic 10,1,3,3-1,4,21,25,Fordham,Fordham,FALSE
2019-11-01,La Salle,Atlantic 10,Rhode Island,Atlantic 10,Atlantic 10,3,0,3-0,3,26,24,La Salle,La Salle,FALSE
2019-11-01,Bradley,MVC,Illinois St.,MVC,MVC,3,2,3-2,5,25,22,Bradley,Bradley,FALSE
2019-11-01,Howard,MEAC,Morgan St.,MEAC,MEAC,0,3,3-0,3,24,26,Morgan St.,Morgan St.,FALSE
2019-11-01,Princeton,Ivy League,Cornell,Ivy League,Ivy League,3,2,3-2,5,19,25,Cornell,Princeton,TRUE
2019-11-01,Southern Ill.,MVC,UNI,MVC,MVC,1,3,3-1,4,13,25,UNI,UNI,FALSE
2019-11-01,American,Patriot,Bucknell,Patriot,Patriot,3,0,3-0,3,25,11,American,American,FALSE
2019-11-01,Eastern Ill.,OVC,Austin Peay,OVC,OVC,1,3,3-1,4,18,25,Austin Peay,Austin Peay,FALSE
2019-11-01,Missouri St.,MVC,Drake,MVC,MVC,3,1,3-1,4,26,28,Drake,Missouri St.,TRUE
2019-11-01,Saint Louis,Atlantic 10,Dayton,Atlantic 10,Atlantic 10,1,3,3-1,4,25,17,Saint Louis,Dayton,TRUE
2019-11-01,Yale,Ivy League,Dartmouth,Ivy League,Ivy League,3,0,3-0,3,25,18,Yale,Yale,FALSE
2019-11-01,Ark.-Pine Bluff,SWAC,Southern Miss.,C-USA,Non-Conference,1,3,3-1,4,19,25,Southern Miss.,Southern Miss.,FALSE
2019-11-01,Rutgers,Big Ten,Nebraska,Big Ten,Big Ten,0,3,3-0,3,10,25,Nebraska,Nebraska,FALSE
2019-11-01,Xavier,Big East,Marquette,Big East,Big East,0,3,3-0,3,21,25,Marquette,Marquette,FALSE
2019-11-01,Sacred Heart,NEC,Saint Francis (PA),NEC,NEC,3,0,3-0,3,25,15,Sacred Heart,Sacred Heart,FALSE
2019-11-01,Marist,MAAC,Siena,MAAC,MAAC,3,0,3-0,3,25,9,Marist,Marist,FALSE
2019-11-01,Notre Dame,ACC,Syracuse,ACC,ACC,1,3,3-1,4,25,14,Notre Dame,Syracuse,TRUE
2019-11-01,Bryant,NEC,Robert Morris,NEC,NEC,1,3,3-1,4,24,26,Robert Morris,Robert Morris,FALSE
2019-11-01,North Dakota St.,Summit League,Purdue Fort Wayne,Summit League,Summit League,1,3,3-1,4,10,25,Purdue Fort Wayne,Purdue Fort Wayne,FALSE
2019-11-01,UAB,C-USA,Middle Tenn.,C-USA,C-USA,2,3,3-2,5,24,26,Middle Tenn.,Middle Tenn.,FALSE
2019-11-01,UTEP,C-USA,Western Ky.,C-USA,C-USA,0,3,3-0,3,13,25,Western Ky.,Western Ky.,FALSE
2019-11-01,Texas St.,Sun Belt,La.-Monroe,Sun Belt,Sun Belt,3,0,3-0,3,25,22,Texas St.,Texas St.,FALSE
2019-11-01,Indiana St.,MVC,Valparaiso,MVC,MVC,0,3,3-0,3,18,25,Valparaiso,Valparaiso,FALSE
2019-11-01,LSU,SEC,South Carolina,SEC,SEC,0,3,3-0,3,19,25,South Carolina,South Carolina,FALSE
2019-11-01,UTSA,C-USA,Fla. Atlantic,C-USA,C-USA,0,3,3-0,3,16,25,Fla. Atlantic,Fla. Atlantic,FALSE
2019-11-01,Temple,AAC,Cincinnati,AAC,AAC,0,3,3-0,3,13,25,Cincinnati,Cincinnati,FALSE
2019-11-01,Brown,Ivy League,Harvard,Ivy League,Ivy League,3,2,3-2,5,25,21,Brown,Brown,FALSE
2019-11-01,Wake Forest,ACC,Pittsburgh,ACC,ACC,0,3,3-0,3,12,25,Pittsburgh,Pittsburgh,FALSE
2019-11-01,SIUE,OVC,Murray St.,OVC,OVC,1,3,3-1,4,25,27,Murray St.,Murray St.,FALSE
2019-11-01,UConn,AAC,East Carolina,AAC,AAC,0,3,3-0,3,19,25,East Carolina,East Carolina,FALSE
2019-11-01,Army West Point,Patriot,Colgate,Patriot,Patriot,0,3,3-0,3,18,25,Colgate,Colgate,FALSE
2019-11-01,Clemson,ACC,NC State,ACC,ACC,2,3,3-2,5,25,22,Clemson,NC State,TRUE
2019-11-01,Penn,Ivy League,Columbia,Ivy League,Ivy League,1,3,3-1,4,27,25,Penn,Columbia,TRUE
2019-11-01,Navy,Patriot,Lehigh,Patriot,Patriot,3,1,3-1,4,25,17,Navy,Navy,FALSE
2019-11-01,James Madison,CAA,Towson,CAA,CAA,1,3,3-1,4,18,25,Towson,Towson,FALSE
2019-11-01,UMBC,America East,New Hampshire,America East,America East,3,0,3-0,3,27,25,UMBC,UMBC,FALSE
2019-11-01,Stetson,ASUN,FGCU,ASUN,ASUN,0,3,3-0,3,15,25,FGCU,FGCU,FALSE
2019-11-01,Morehead St.,OVC,Tennessee St.,OVC,OVC,3,1,3-1,4,25,20,Morehead St.,Morehead St.,FALSE
2019-11-01,Eastern Ky.,OVC,Belmont,OVC,OVC,3,0,3-0,3,25,21,Eastern Ky.,Eastern Ky.,FALSE
2019-11-01,Louisville,ACC,Boston College,ACC,ACC,2,3,3-2,5,25,18,Louisville,Boston College,TRUE
2019-11-01,Coastal Carolina,Sun Belt,South Alabama,Sun Belt,Sun Belt,3,2,3-2,5,21,25,South Alabama,Coastal Carolina,TRUE
2019-11-01,Appalachian St.,Sun Belt,Troy,Sun Belt,Sun Belt,1,3,3-1,4,29,27,Appalachian St.,Troy,TRUE
2019-11-01,Georgia St.,Sun Belt,Little Rock,Sun Belt,Sun Belt,2,3,3-2,5,24,26,Little Rock,Little Rock,FALSE
2019-11-01,UT Arlington,Sun Belt,Louisiana,Sun Belt,Sun Belt,3,2,3-2,5,21,25,Louisiana,UT Arlington,TRUE
2019-11-01,Ga. Southern,Sun Belt,Arkansas St.,Sun Belt,Sun Belt,3,2,3-2,5,16,25,Arkansas St.,Ga. Southern,TRUE
2019-11-01,Mississippi St.,SEC,Auburn,SEC,SEC,3,0,3-0,3,27,25,Mississippi St.,Mississippi St.,FALSE
2019-11-01,South Dakota,Summit League,Omaha,Summit League,Summit League,3,1,3-1,4,25,27,Omaha,South Dakota,TRUE
2019-11-01,Tulsa,AAC,Houston,AAC,AAC,3,1,3-1,4,26,28,Houston,Tulsa,TRUE
2019-11-01,North Texas,C-USA,FIU,C-USA,C-USA,3,2,3-2,5,25,22,North Texas,North Texas,FALSE
2019-11-01,Denver,Summit League,South Dakota St.,Summit League,Summit League,3,1,3-1,4,25,15,Denver,Denver,FALSE
2019-11-01,Michigan St.,Big Ten,Northwestern,Big Ten,Big Ten,0,3,3-0,3,20,25,Northwestern,Northwestern,FALSE
2019-11-01,Penn St.,Big Ten,Iowa,Big Ten,Big Ten,3,0,3-0,3,25,12,Penn St.,Penn St.,FALSE
2019-11-01,North Dakota,Summit League,Western Ill.,Summit League,Summit League,3,2,3-2,5,25,21,North Dakota,North Dakota,FALSE
2019-11-01,Butler,Big East,DePaul,Big East,Big East,3,2,3-2,5,23,25,DePaul,Butler,TRUE
2019-11-01,SMU,AAC,Memphis,AAC,AAC,3,2,3-2,5,19,25,Memphis,SMU,TRUE
2019-11-01,Wichita St.,AAC,Tulane,AAC,AAC,3,0,3-0,3,25,23,Wichita St.,Wichita St.,FALSE
2019-11-01,Michigan,Big Ten,Illinois,Big Ten,Big Ten,3,1,3-1,4,25,22,Michigan,Michigan,FALSE
2019-11-01,Northern Colo.,Big Sky,Montana,Big Sky,Big Sky,3,1,3-1,4,25,14,Northern Colo.,Northern Colo.,FALSE
2019-11-01,Arizona,Pac-12,Colorado,Pac-12,Pac-12,2,3,3-2,5,21,25,Colorado,Colorado,FALSE
2019-11-01,Oregon St.,Pac-12,Stanford,Pac-12,Pac-12,0,3,3-0,3,20,25,Stanford,Stanford,FALSE
2019-11-01,Arizona St.,Pac-12,Utah,Pac-12,Pac-12,2,3,3-2,5,27,29,Utah,Utah,FALSE
2019-11-01,UCLA,Pac-12,Washington St.,Pac-12,Pac-12,3,0,3-0,3,27,25,UCLA,UCLA,FALSE
2019-11-01,Santa Clara,WCC,San Francisco,WCC,WCC,0,3,3-0,3,24,26,San Francisco,San Francisco,FALSE
2019-11-01,Oregon,Pac-12,California,Pac-12,Pac-12,3,1,3-1,4,20,25,California,Oregon,TRUE
2019-11-01,UC Riverside,Big West,Long Beach St.,Big West,Big West,0,3,3-0,3,18,25,Long Beach St.,Long Beach St.,FALSE
2019-11-01,UC Davis,Big West,CSUN,Big West,Big West,0,3,3-0,3,22,25,CSUN,CSUN,FALSE
2019-11-01,Southern California,Pac-12,Washington,Pac-12,Pac-12,3,2,3-2,5,18,25,Washington,Southern California,TRUE
2019-11-02,UC Santa Barbara,Big West,Hawaii,Big West,Big West,2,3,3-2,5,19,25,Hawaii,Hawaii,FALSE
2019-11-02,Oklahoma,Big 12,Kansas,Big 12,Big 12,3,0,3-0,3,26,24,Oklahoma,Oklahoma,FALSE
2019-11-02,Boise St.,Mountain West,Nevada,Mountain West,Mountain West,1,3,3-1,4,25,23,Boise St.,Nevada,TRUE
2019-11-02,Sam Houston St.,Southland,Abilene Christian,Southland,Southland,3,2,3-2,5,25,16,Sam Houston St.,Sam Houston St.,FALSE
2019-11-02,Tennessee Tech,OVC,UT Martin,OVC,OVC,1,3,3-1,4,25,20,Tennessee Tech,UT Martin,TRUE
2019-11-02,Canisius,MAAC,Rider,MAAC,MAAC,1,3,3-1,4,25,27,Rider,Rider,FALSE
2019-11-02,UIW,Southland,McNeese,Southland,Southland,2,3,3-2,5,25,22,UIW,McNeese,TRUE
2019-11-02,Florida St.,ACC,High Point,Big South,Non-Conference,3,2,3-2,5,25,18,Florida St.,Florida St.,FALSE
2019-11-02,Niagara,MAAC,Saint Peter's,MAAC,MAAC,3,1,3-1,4,25,15,Niagara,Niagara,FALSE
2019-11-02,New Mexico St.,WAC,UTRGV,WAC,WAC,3,0,3-0,3,25,23,New Mexico St.,New Mexico St.,FALSE
2019-11-02,Quinnipiac,MAAC,Manhattan,MAAC,MAAC,3,2,3-2,5,18,25,Manhattan,Quinnipiac,TRUE
2019-11-02,Northwestern St.,Southland,Nicholls St.,Southland,Southland,3,1,3-1,4,27,25,Northwestern St.,Northwestern St.,FALSE
2019-11-02,Presbyterian,Big South,UNC Asheville,Big South,Big South,2,3,3-2,5,21,25,UNC Asheville,UNC Asheville,FALSE
2019-11-02,A&M-Corpus Christi,Southland,Lamar University,Southland,Southland,3,1,3-1,4,21,25,Lamar University,A&M-Corpus Christi,TRUE
2019-11-02,Central Ark.,Southland,Southeastern La.,Southland,Southland,3,2,3-2,5,23,25,Southeastern La.,Central Ark.,TRUE
2019-11-02,Winthrop,Big South,Campbell,Big South,Big South,3,2,3-2,5,27,25,Winthrop,Winthrop,FALSE
2019-11-02,Charleston So.,Big South,USC Upstate,Big South,Big South,1,3,3-1,4,22,25,USC Upstate,USC Upstate,FALSE
2019-11-02,Jacksonville St.,OVC,Southeast Mo. St.,OVC,OVC,1,3,3-1,4,19,25,Southeast Mo. St.,Southeast Mo. St.,FALSE
2019-11-02,Air Force,Mountain West,Wyoming,Mountain West,Mountain West,0,3,3-0,3,12,25,Wyoming,Wyoming,FALSE
2019-11-02,Morehead St.,OVC,Belmont,OVC,OVC,3,0,3-0,3,25,13,Morehead St.,Morehead St.,FALSE
2019-11-02,SFA,Southland,Houston Baptist,Southland,Southland,3,1,3-1,4,22,25,Houston Baptist,SFA,TRUE
2019-11-02,Pepperdine,WCC,Portland,WCC,WCC,3,0,3-0,3,25,14,Pepperdine,Pepperdine,FALSE
2019-11-02,Grand Canyon,WAC,Utah Valley,WAC,WAC,3,0,3-0,3,25,22,Grand Canyon,Grand Canyon,FALSE
2019-11-02,Pacific,WCC,BYU,WCC,WCC,1,3,3-1,4,25,22,Pacific,BYU,TRUE
2019-11-02,Fresno St.,Mountain West,New Mexico,Mountain West,Mountain West,2,3,3-2,5,25,23,Fresno St.,New Mexico,TRUE
2019-11-02,LMU (CA),WCC,Gonzaga,WCC,WCC,1,3,3-1,4,19,25,Gonzaga,Gonzaga,FALSE
2019-11-02,Saint Mary's (CA),WCC,San Diego,WCC,WCC,1,3,3-1,4,16,25,San Diego,San Diego,FALSE
2019-11-02,SIUE,OVC,Austin Peay,OVC,OVC,2,3,3-2,5,22,25,Austin Peay,Austin Peay,FALSE
2019-11-02,UIC,Horizon,Northern Ky.,Horizon,Horizon,0,3,3-0,3,19,25,Northern Ky.,Northern Ky.,FALSE
2019-11-02,Eastern Wash.,Big Sky,Sacramento St.,Big Sky,Big Sky,3,2,3-2,5,17,25,Sacramento St.,Eastern Wash.,TRUE
2019-11-02,Gardner-Webb,Big South,Hampton,Big South,Big South,3,1,3-1,4,25,21,Gardner-Webb,Gardner-Webb,FALSE
2019-11-02,Cleveland St.,Horizon,Oakland,Horizon,Horizon,3,0,3-0,3,25,21,Cleveland St.,Cleveland St.,FALSE
2019-11-02,Loyola Maryland,Patriot,Bucknell,Patriot,Patriot,1,3,3-1,4,25,27,Bucknell,Bucknell,FALSE
2019-11-02,CSU Bakersfield,WAC,Seattle U,WAC,WAC,1,3,3-1,4,25,18,CSU Bakersfield,Seattle U,TRUE
2019-11-02,Navy,Patriot,Lafayette,Patriot,Patriot,3,1,3-1,4,27,25,Navy,Navy,FALSE
2019-11-02,Central Conn. St.,NEC,St. Francis Brooklyn,NEC,NEC,3,1,3-1,4,24,26,St. Francis Brooklyn,Central Conn. St.,TRUE
2019-11-02,American,Patriot,Lehigh,Patriot,Patriot,3,0,3-0,3,25,15,American,American,FALSE
2019-11-02,Green Bay,Horizon,Wright St.,Horizon,Horizon,1,3,3-1,4,26,24,Green Bay,Wright St.,TRUE
2019-11-02,Fairleigh Dickinson,NEC,LIU,NEC,NEC,0,3,3-0,3,13,25,LIU,LIU,FALSE
2019-11-02,Hofstra,CAA,Northeastern,CAA,CAA,3,1,3-1,4,25,18,Hofstra,Hofstra,FALSE
2019-11-02,Bryant,NEC,Saint Francis (PA),NEC,NEC,3,1,3-1,4,25,12,Bryant,Bryant,FALSE
2019-11-02,Army West Point,Patriot,Holy Cross,Patriot,Patriot,3,1,3-1,4,25,21,Army West Point,Army West Point,FALSE
2019-11-02,San Diego St.,Mountain West,UNLV,Mountain West,Mountain West,3,1,3-1,4,28,26,San Diego St.,San Diego St.,FALSE
2019-11-02,Yale,Ivy League,Harvard,Ivy League,Ivy League,1,3,3-1,4,28,30,Harvard,Harvard,FALSE
2019-11-02,Sacred Heart,NEC,Robert Morris,NEC,NEC,1,3,3-1,4,20,25,Robert Morris,Robert Morris,FALSE
2019-11-02,Brown,Ivy League,Dartmouth,Ivy League,Ivy League,3,1,3-1,4,25,20,Brown,Brown,FALSE
2019-11-02,Utah St.,Mountain West,San Jose St.,Mountain West,Mountain West,0,3,3-0,3,14,25,San Jose St.,San Jose St.,FALSE
2019-11-02,Northern Ill.,MAC,Central Mich.,MAC,MAC,0,3,3-0,3,12,25,Central Mich.,Central Mich.,FALSE
2019-11-02,Akron,MAC,Toledo,MAC,MAC,3,1,3-1,4,20,25,Toledo,Akron,TRUE
2019-11-02,Princeton,Ivy League,Columbia,Ivy League,Ivy League,3,1,3-1,4,25,21,Princeton,Princeton,FALSE
2019-11-02,Ohio,MAC,Bowling Green,MAC,MAC,0,3,3-0,3,19,25,Bowling Green,Bowling Green,FALSE
2019-11-02,James Madison,CAA,Delaware,CAA,CAA,3,0,3-0,3,25,12,James Madison,James Madison,FALSE
2019-11-02,Indiana St.,MVC,Loyola Chicago,MVC,MVC,1,3,3-1,4,21,25,Loyola Chicago,Loyola Chicago,FALSE
2019-11-02,Penn,Ivy League,Cornell,Ivy League,Ivy League,0,3,3-0,3,14,25,Cornell,Cornell,FALSE
2019-11-02,Kent St.,MAC,Miami (OH),MAC,MAC,0,3,3-0,3,17,25,Miami (OH),Miami (OH),FALSE
2019-11-02,Furman,SoCon,Wofford,SoCon,SoCon,1,3,3-1,4,15,25,Wofford,Wofford,FALSE
2019-11-02,Southern Ill.,MVC,Drake,MVC,MVC,3,1,3-1,4,25,19,Southern Ill.,Southern Ill.,FALSE
2019-11-02,Eastern Ky.,OVC,Tennessee St.,OVC,OVC,0,3,3-0,3,19,25,Tennessee St.,Tennessee St.,FALSE
2019-11-02,Evansville,MVC,Valparaiso,MVC,MVC,0,3,3-0,3,18,25,Valparaiso,Valparaiso,FALSE
2019-11-02,Missouri St.,MVC,UNI,MVC,MVC,0,3,3-0,3,17,25,UNI,UNI,FALSE
2019-11-02,Milwaukee,Horizon,IUPUI,Horizon,Horizon,3,1,3-1,4,26,28,IUPUI,Milwaukee,TRUE
2019-11-02,Mercer,SoCon,Western Caro.,SoCon,SoCon,1,3,3-1,4,8,25,Western Caro.,Western Caro.,FALSE
2019-11-02,Duquesne,Atlantic 10,Rhode Island,Atlantic 10,Atlantic 10,3,0,3-0,3,25,23,Duquesne,Duquesne,FALSE
2019-11-02,Eastern Ill.,OVC,Murray St.,OVC,OVC,0,3,3-0,3,16,25,Murray St.,Murray St.,FALSE
2019-11-02,Rutgers,Big Ten,Iowa,Big Ten,Big Ten,3,0,3-0,3,25,23,Rutgers,Rutgers,FALSE
2019-11-02,Lipscomb,ASUN,Kennesaw St.,ASUN,ASUN,3,0,3-0,3,25,19,Lipscomb,Lipscomb,FALSE
2019-11-02,Maryland,Big Ten,Ohio St.,Big Ten,Big Ten,0,3,3-0,3,18,25,Ohio St.,Ohio St.,FALSE
2019-11-02,Buffalo,MAC,Ball St.,MAC,MAC,2,3,3-2,5,25,21,Buffalo,Ball St.,TRUE
2019-11-02,Ga. Southern,Sun Belt,Little Rock,Sun Belt,Sun Belt,0,3,3-0,3,22,25,Little Rock,Little Rock,FALSE
2019-11-02,Appalachian St.,Sun Belt,South Alabama,Sun Belt,Sun Belt,1,3,3-1,4,25,19,Appalachian St.,South Alabama,TRUE
2019-11-02,Georgia St.,Sun Belt,Arkansas St.,Sun Belt,Sun Belt,3,0,3-0,3,25,21,Georgia St.,Georgia St.,FALSE
2019-11-02,TCU,Big 12,Kansas St.,Big 12,Big 12,2,3,3-2,5,21,25,Kansas St.,Kansas St.,FALSE
2019-11-02,Coastal Carolina,Sun Belt,Troy,Sun Belt,Sun Belt,2,3,3-2,5,25,21,Coastal Carolina,Troy,TRUE
2019-11-02,Michigan,Big Ten,Northwestern,Big Ten,Big Ten,3,2,3-2,5,25,21,Michigan,Michigan,FALSE
2019-11-02,Chattanooga,SoCon,ETSU,SoCon,SoCon,2,3,3-2,5,31,29,Chattanooga,ETSU,TRUE
2019-11-02,Michigan St.,Big Ten,Illinois,Big Ten,Big Ten,0,3,3-0,3,11,25,Illinois,Illinois,FALSE
2019-11-02,Western Mich.,MAC,Eastern Mich.,MAC,MAC,3,1,3-1,4,28,26,Western Mich.,Western Mich.,FALSE
2019-11-02,Penn St.,Big Ten,Nebraska,Big Ten,Big Ten,2,3,3-2,5,18,25,Nebraska,Nebraska,FALSE
2019-11-02,Northern Ariz.,Big Sky,Weber St.,Big Sky,Big Sky,0,3,3-0,3,20,25,Weber St.,Weber St.,FALSE
2019-11-02,Southern Utah,Big Sky,Idaho St.,Big Sky,Big Sky,3,2,3-2,5,21,25,Idaho St.,Southern Utah,TRUE
2019-11-02,UC Riverside,Big West,CSUN,Big West,Big West,0,3,3-0,3,18,25,CSUN,CSUN,FALSE
2019-11-02,UC Davis,Big West,Long Beach St.,Big West,Big West,3,2,3-2,5,25,23,UC Davis,UC Davis,FALSE
2019-11-02,Idaho,Big Sky,Portland St.,Big Sky,Big Sky,3,1,3-1,4,25,17,Idaho,Idaho,FALSE
2019-11-02,UC Irvine,Big West,Cal St. Fullerton,Big West,Big West,1,3,3-1,4,22,25,Cal St. Fullerton,Cal St. Fullerton,FALSE
2019-11-02,Oregon St.,Pac-12,California,Pac-12,Pac-12,1,3,3-1,4,15,25,California,California,FALSE
2019-11-03,Duke,ACC,Pittsburgh,ACC,ACC,0,3,3-0,3,18,25,Pittsburgh,Pittsburgh,FALSE
2019-11-03,Temple,AAC,East Carolina,AAC,AAC,0,3,3-0,3,23,25,East Carolina,East Carolina,FALSE
2019-11-03,Jacksonville,ASUN,NJIT,ASUN,ASUN,3,0,3-0,3,25,20,Jacksonville,Jacksonville,FALSE
2019-11-03,UConn,AAC,Cincinnati,AAC,AAC,2,3,3-2,5,18,25,Cincinnati,Cincinnati,FALSE
2019-11-03,Miami (FL),ACC,Virginia Tech,ACC,ACC,3,1,3-1,4,23,25,Virginia Tech,Miami (FL),TRUE
2019-11-03,North Texas,C-USA,Fla. Atlantic,C-USA,C-USA,3,2,3-2,5,11,25,Fla. Atlantic,North Texas,TRUE
2019-11-03,DePaul,Big East,Xavier,Big East,Big East,1,3,3-1,4,22,25,Xavier,Xavier,FALSE
2019-11-03,Notre Dame,ACC,Boston College,ACC,ACC,3,2,3-2,5,21,25,Boston College,Notre Dame,TRUE
2019-11-03,North Dakota,Summit League,Purdue Fort Wayne,Summit League,Summit League,1,3,3-1,4,22,25,Purdue Fort Wayne,Purdue Fort Wayne,FALSE
2019-11-03,St. John's (NY),Big East,Providence,Big East,Big East,3,1,3-1,4,25,22,St. John's (NY),St. John's (NY),FALSE
2019-11-03,Delaware,CAA,Towson,CAA,CAA,0,3,3-0,3,20,25,Towson,Towson,FALSE
2019-11-03,Denver,Summit League,South Dakota,Summit League,Summit League,1,3,3-1,4,25,21,Denver,South Dakota,TRUE
2019-11-03,Wisconsin,Big Ten,Indiana,Big Ten,Big Ten,3,0,3-0,3,25,18,Wisconsin,Wisconsin,FALSE
2019-11-03,La Salle,Atlantic 10,Fordham,Atlantic 10,Atlantic 10,3,2,3-2,5,19,25,Fordham,La Salle,TRUE
2019-11-03,Fairfield,MAAC,Manhattan,MAAC,MAAC,3,0,3-0,3,25,20,Fairfield,Fairfield,FALSE
2019-11-03,Georgia Tech,ACC,NC State,ACC,ACC,3,2,3-2,5,25,19,Georgia Tech,Georgia Tech,FALSE
2019-11-03,West Virginia,Big 12,Texas,Big 12,Big 12,0,3,3-0,3,16,25,Texas,Texas,FALSE
2019-11-03,UTEP,C-USA,Southern Miss.,C-USA,C-USA,3,2,3-2,5,25,21,UTEP,UTEP,FALSE
2019-11-03,UTSA,C-USA,FIU,C-USA,C-USA,3,1,3-1,4,23,25,FIU,UTSA,TRUE
2019-11-03,George Washington,Atlantic 10,VCU,Atlantic 10,Atlantic 10,0,3,3-0,3,19,25,VCU,VCU,FALSE
2019-11-03,Albany (NY),America East,New Hampshire,America East,America East,2,3,3-2,5,20,25,New Hampshire,New Hampshire,FALSE
2019-11-03,Binghamton,America East,Hartford,America East,America East,0,3,3-0,3,15,25,Hartford,Hartford,FALSE
2019-11-03,Howard,MEAC,Coppin St.,MEAC,MEAC,3,2,3-2,5,21,25,Coppin St.,Howard,TRUE
2019-11-03,Minnesota,Big Ten,Purdue,Big Ten,Big Ten,3,1,3-1,4,25,23,Minnesota,Minnesota,FALSE
2019-11-03,Norfolk St.,MEAC,Morgan St.,MEAC,MEAC,0,3,3-0,3,13,25,Morgan St.,Morgan St.,FALSE
2019-11-03,Louisville,ACC,Syracuse,ACC,ACC,2,3,3-2,5,25,23,Louisville,Syracuse,TRUE
2019-11-03,UNCW,CAA,William & Mary,CAA,CAA,3,1,3-1,4,25,17,UNCW,UNCW,FALSE
2019-11-03,Clemson,ACC,North Carolina,ACC,ACC,0,3,3-0,3,14,25,North Carolina,North Carolina,FALSE
2019-11-03,Charlotte,C-USA,Marshall,C-USA,C-USA,0,3,3-0,3,20,25,Marshall,Marshall,FALSE
2019-11-03,Texas St.,Sun Belt,Louisiana,Sun Belt,Sun Belt,2,3,3-2,5,25,20,Texas St.,Louisiana,TRUE
2019-11-03,Marquette,Big East,Butler,Big East,Big East,3,0,3-0,3,25,14,Marquette,Marquette,FALSE
2019-11-03,George Mason,Atlantic 10,Davidson,Atlantic 10,Atlantic 10,1,3,3-1,4,20,25,Davidson,Davidson,FALSE
2019-11-03,Quinnipiac,MAAC,Iona,MAAC,MAAC,3,2,3-2,5,26,28,Iona,Quinnipiac,TRUE
2019-11-03,UT Arlington,Sun Belt,La.-Monroe,Sun Belt,Sun Belt,3,0,3-0,3,25,21,UT Arlington,UT Arlington,FALSE
2019-11-03,Col. of Charleston,CAA,Elon,CAA,CAA,3,1,3-1,4,25,22,Col. of Charleston,Col. of Charleston,FALSE
2019-11-03,Canisius,MAAC,Saint Peter's,MAAC,MAAC,3,1,3-1,4,23,25,Saint Peter's,Canisius,TRUE
2019-11-03,Niagara,MAAC,Rider,MAAC,MAAC,0,3,3-0,3,18,25,Rider,Rider,FALSE
2019-11-03,Georgia,SEC,Tennessee,SEC,SEC,3,1,3-1,4,26,24,Georgia,Georgia,FALSE
2019-11-03,Mississippi St.,SEC,LSU,SEC,SEC,2,3,3-2,5,23,25,LSU,LSU,FALSE
2019-11-03,North Dakota St.,Summit League,Western Ill.,Summit League,Summit League,3,1,3-1,4,19,25,Western Ill.,North Dakota St.,TRUE
2019-11-03,Tulsa,AAC,Tulane,AAC,AAC,2,3,3-2,5,25,23,Tulsa,Tulane,TRUE
2019-11-03,South Fla.,AAC,Memphis,AAC,AAC,1,3,3-1,4,15,25,Memphis,Memphis,FALSE
2019-11-03,Colgate,Patriot,Holy Cross,Patriot,Patriot,3,2,3-2,5,26,24,Colgate,Colgate,FALSE
2019-11-03,Youngstown St.,Horizon,Oakland,Horizon,Horizon,0,3,3-0,3,21,25,Oakland,Oakland,FALSE
2019-11-03,Oral Roberts,Summit League,South Dakota St.,Summit League,Summit League,1,3,3-1,4,22,25,South Dakota St.,South Dakota St.,FALSE
2019-11-03,Wichita St.,AAC,Houston,AAC,AAC,0,3,3-0,3,19,25,Houston,Houston,FALSE
2019-11-03,Rice,C-USA,UAB,C-USA,C-USA,3,0,3-0,3,25,13,Rice,Rice,FALSE
2019-11-03,Arizona,Pac-12,Utah,Pac-12,Pac-12,2,3,3-2,5,25,22,Arizona,Utah,TRUE
2019-11-03,UCF,AAC,SMU,AAC,AAC,3,1,3-1,4,26,24,UCF,UCF,FALSE
2019-11-03,Arkansas,SEC,Kentucky,SEC,SEC,0,3,3-0,3,14,25,Kentucky,Kentucky,FALSE
2019-11-03,North Florida,ASUN,FGCU,ASUN,ASUN,0,3,3-0,3,17,25,FGCU,FGCU,FALSE
2019-11-03,Seton Hall,Big East,Creighton,Big East,Big East,0,3,3-0,3,12,25,Creighton,Creighton,FALSE
2019-11-03,Louisiana Tech,C-USA,Middle Tenn.,C-USA,C-USA,1,3,3-1,4,25,11,Louisiana Tech,Middle Tenn.,TRUE
2019-11-03,Wake Forest,ACC,Virginia,ACC,ACC,1,3,3-1,4,25,21,Wake Forest,Virginia,TRUE
2019-11-03,Iowa St.,Big 12,Baylor,Big 12,Big 12,0,3,3-0,3,15,25,Baylor,Baylor,FALSE
2019-11-03,Missouri,SEC,Texas A&M,SEC,SEC,1,3,3-1,4,21,25,Texas A&M,Texas A&M,FALSE
2019-11-03,Southern California,Pac-12,Washington St.,Pac-12,Pac-12,1,3,3-1,4,21,25,Washington St.,Washington St.,FALSE
2019-11-03,Ole Miss,SEC,Alabama,SEC,SEC,2,3,3-2,5,23,25,Alabama,Alabama,FALSE
2019-11-03,Arizona St.,Pac-12,Colorado,Pac-12,Pac-12,0,3,3-0,3,14,25,Colorado,Colorado,FALSE
2019-11-03,UCLA,Pac-12,Washington,Pac-12,Pac-12,0,3,3-0,3,14,25,Washington,Washington,FALSE
2019-11-03,Oregon,Pac-12,Stanford,Pac-12,Pac-12,0,3,3-0,3,18,25,Stanford,Stanford,FALSE
2019-11-03,Georgetown,Big East,Villanova,Big East,Big East,1,3,3-1,4,15,25,Villanova,Villanova,FALSE
2019-11-03,Southern U.,SWAC,Texas Southern,SWAC,SWAC,0,3,3-0,3,11,25,Texas Southern,Texas Southern,FALSE
2019-11-03,Grambling,SWAC,Prairie View,SWAC,SWAC,0,3,3-0,3,16,25,Prairie View,Prairie View,FALSE
2019-11-03,Alabama St.,SWAC,Alcorn,SWAC,SWAC,3,0,3-0,3,25,21,Alabama St.,Alabama St.,FALSE
2019-11-03,Alabama A&M,SWAC,Mississippi Val.,SWAC,SWAC,3,0,3-0,3,25,9,Alabama A&M,Alabama A&M,FALSE
2019-11-03,Cal Poly,Big West,Hawaii,Big West,Big West,1,3,3-1,4,15,25,Hawaii,Hawaii,FALSE
2019-11-04,Illinois St.,MVC,Indiana St.,MVC,MVC,3,0,3-0,3,25,21,Illinois St.,Illinois St.,FALSE
2019-11-04,Bradley,MVC,Evansville,MVC,MVC,3,2,3-2,5,23,25,Evansville,Bradley,TRUE
2019-11-04,Grambling,SWAC,Texas Southern,SWAC,SWAC,0,3,3-0,3,21,25,Texas Southern,Texas Southern,FALSE
2019-11-04,Alabama A&M,SWAC,Alcorn,SWAC,SWAC,3,0,3-0,3,25,6,Alabama A&M,Alabama A&M,FALSE
2019-11-04,Alabama St.,SWAC,Mississippi Val.,SWAC,SWAC,3,0,3-0,3,25,17,Alabama St.,Alabama St.,FALSE
2019-11-04,Southern U.,SWAC,Prairie View,SWAC,SWAC,0,3,3-0,3,13,25,Prairie View,Prairie View,FALSE
2019-11-05,North Florida,ASUN,Bethune-Cookman,MEAC,Non-Conference,3,1,3-1,4,25,16,North Florida,North Florida,FALSE
2019-11-05,Tennessee St.,OVC,Belmont,OVC,OVC,3,0,3-0,3,25,15,Tennessee St.,Tennessee St.,FALSE
2019-11-05,Little Rock,Sun Belt,Arkansas St.,Sun Belt,Sun Belt,0,3,3-0,3,11,25,Arkansas St.,Arkansas St.,FALSE
2019-11-05,South Dakota St.,Summit League,South Dakota,Summit League,Summit League,0,3,3-0,3,22,25,South Dakota,South Dakota,FALSE
2019-11-05,New Orleans,Southland,Lamar University,Southland,Southland,3,0,3-0,3,25,16,New Orleans,New Orleans,FALSE
2019-11-05,Idaho St.,Big Sky,Weber St.,Big Sky,Big Sky,1,3,3-1,4,23,25,Weber St.,Weber St.,FALSE
2019-11-05,Nevada,Mountain West,San Jose St.,Mountain West,Mountain West,2,3,3-2,5,25,19,Nevada,San Jose St.,TRUE
2019-11-05,Cal St. Fullerton,Big West,UC Davis,Big West,Big West,1,3,3-1,4,25,20,Cal St. Fullerton,UC Davis,TRUE
2019-11-05,UC Irvine,Big West,UC Riverside,Big West,Big West,2,3,3-2,5,25,11,UC Irvine,UC Riverside,TRUE
2019-11-06,N.C. A&T,MEAC,South Carolina St.,MEAC,MEAC,3,0,3-0,3,25,12,N.C. A&T,N.C. A&T,FALSE
2019-11-06,Texas Tech,Big 12,Kansas,Big 12,Big 12,0,3,3-0,3,20,25,Kansas,Kansas,FALSE
2019-11-06,Syracuse,ACC,Boston College,ACC,ACC,3,2,3-2,5,19,25,Boston College,Syracuse,TRUE
2019-11-06,Wright St.,Horizon,Cleveland St.,Horizon,Horizon,3,2,3-2,5,23,25,Cleveland St.,Wright St.,TRUE
2019-11-06,Mercer,SoCon,Chattanooga,SoCon,SoCon,3,0,3-0,3,25,20,Mercer,Mercer,FALSE
2019-11-06,Northern Ky.,Horizon,Oakland,Horizon,Horizon,3,0,3-0,3,25,22,Northern Ky.,Northern Ky.,FALSE
2019-11-06,IUPUI,Horizon,Youngstown St.,Horizon,Horizon,3,2,3-2,5,18,25,Youngstown St.,IUPUI,TRUE
2019-11-06,SIUE,OVC,Eastern Ill.,OVC,OVC,3,0,3-0,3,25,22,SIUE,SIUE,FALSE
2019-11-06,Saint Peter's,MAAC,Iona,MAAC,MAAC,1,3,3-1,4,20,25,Iona,Iona,FALSE
2019-11-06,American,Patriot,Loyola Maryland,Patriot,Patriot,3,2,3-2,5,21,25,Loyola Maryland,American,TRUE
2019-11-06,Marist,MAAC,Fairfield,MAAC,MAAC,1,3,3-1,4,26,24,Marist,Fairfield,TRUE
2019-11-06,Michigan St.,Big Ten,Michigan,Big Ten,Big Ten,1,3,3-1,4,19,25,Michigan,Michigan,FALSE
2019-11-06,Northwestern,Big Ten,Nebraska,Big Ten,Big Ten,0,3,3-0,3,18,25,Nebraska,Nebraska,FALSE
2019-11-06,Illinois,Big Ten,Iowa,Big Ten,Big Ten,3,0,3-0,3,25,18,Illinois,Illinois,FALSE
2019-11-06,Auburn,SEC,LSU,SEC,SEC,0,3,3-0,3,23,25,LSU,LSU,FALSE
2019-11-06,Troy,Sun Belt,Alabama St.,SWAC,Non-Conference,3,0,3-0,3,25,22,Troy,Troy,FALSE
2019-11-06,West Virginia,Big 12,Iowa St.,Big 12,Big 12,0,3,3-0,3,22,25,Iowa St.,Iowa St.,FALSE
2019-11-07,Washington,Pac-12,Oregon,Pac-12,Pac-12,3,0,3-0,3,25,19,Washington,Washington,FALSE
2019-11-07,California,Pac-12,Arizona,Pac-12,Pac-12,3,0,3-0,3,25,21,California,California,FALSE
2019-11-07,Niagara,MAAC,Canisius,MAAC,MAAC,3,1,3-1,4,24,26,Canisius,Niagara,TRUE
2019-11-07,North Carolina,ACC,Duke,ACC,ACC,3,1,3-1,4,22,25,Duke,North Carolina,TRUE
2019-11-07,Northeastern,CAA,UNCW,CAA,CAA,3,2,3-2,5,25,14,Northeastern,Northeastern,FALSE
2019-11-07,Eastern Mich.,MAC,Central Mich.,MAC,MAC,3,0,3-0,3,25,18,Eastern Mich.,Eastern Mich.,FALSE
2019-11-07,Abilene Christian,Southland,UIW,Southland,Southland,2,3,3-2,5,24,26,UIW,UIW,FALSE
2019-11-07,Ark.-Pine Bluff,SWAC,Southern U.,SWAC,SWAC,3,1,3-1,4,25,20,Ark.-Pine Bluff,Ark.-Pine Bluff,FALSE
2019-11-07,Kent St.,MAC,Ohio,MAC,MAC,0,3,3-0,3,15,25,Ohio,Ohio,FALSE
2019-11-07,Austin Peay,OVC,Southeast Mo. St.,OVC,OVC,2,3,3-2,5,21,25,Southeast Mo. St.,Southeast Mo. St.,FALSE
2019-11-07,Southeastern La.,Southland,McNeese,Southland,Southland,3,1,3-1,4,25,20,Southeastern La.,Southeastern La.,FALSE
2019-11-07,Alcorn,SWAC,Jackson St.,SWAC,SWAC,0,3,3-0,3,18,25,Jackson St.,Jackson St.,FALSE
2019-11-07,Prairie View,SWAC,Texas Southern,SWAC,SWAC,2,3,3-2,5,17,25,Texas Southern,Texas Southern,FALSE
2019-11-07,SFA,Southland,A&M-Corpus Christi,Southland,Southland,3,2,3-2,5,25,17,SFA,SFA,FALSE
2019-11-07,Central Ark.,Southland,Houston Baptist,Southland,Southland,3,2,3-2,5,25,27,Houston Baptist,Central Ark.,TRUE
2019-11-07,Northwestern St.,Southland,Sam Houston St.,Southland,Southland,2,3,3-2,5,20,25,Sam Houston St.,Sam Houston St.,FALSE
2019-11-07,UTRGV,WAC,Grand Canyon,WAC,WAC,2,3,3-2,5,25,23,UTRGV,Grand Canyon,TRUE
2019-11-07,Seattle U,WAC,Chicago St.,WAC,WAC,3,2,3-2,5,19,25,Chicago St.,Seattle U,TRUE
2019-11-07,New Orleans,Southland,Nicholls St.,Southland,Southland,2,3,3-2,5,31,33,Nicholls St.,Nicholls St.,FALSE
2019-11-07,Utah Valley,WAC,Kansas City,WAC,WAC,1,3,3-1,4,17,25,Kansas City,Kansas City,FALSE
2019-11-07,Portland St.,Big Sky,Southern Utah,Big Sky,Big Sky,0,3,3-0,3,16,25,Southern Utah,Southern Utah,FALSE
2019-11-07,Sacramento St.,Big Sky,Northern Ariz.,Big Sky,Big Sky,0,3,3-0,3,16,25,Northern Ariz.,Northern Ariz.,FALSE
2019-11-07,San Jose St.,Mountain West,Air Force,Mountain West,Mountain West,3,0,3-0,3,26,24,San Jose St.,San Jose St.,FALSE
2019-11-07,Stanford,Pac-12,Arizona St.,Pac-12,Pac-12,3,0,3-0,3,25,16,Stanford,Stanford,FALSE
2019-11-07,New Mexico,Mountain West,Utah St.,Mountain West,Mountain West,3,1,3-1,4,25,19,New Mexico,New Mexico,FALSE
2019-11-07,Colorado St.,Mountain West,Fresno St.,Mountain West,Mountain West,3,0,3-0,3,25,16,Colorado St.,Colorado St.,FALSE
2019-11-07,Montana,Big Sky,Idaho,Big Sky,Big Sky,3,2,3-2,5,20,25,Idaho,Montana,TRUE
2019-11-07,Wyoming,Mountain West,San Diego St.,Mountain West,Mountain West,3,0,3-0,3,25,22,Wyoming,Wyoming,FALSE
2019-11-07,Washington St.,Pac-12,Oregon St.,Pac-12,Pac-12,3,1,3-1,4,18,25,Oregon St.,Washington St.,TRUE
2019-11-07,UNLV,Mountain West,Boise St.,Mountain West,Mountain West,3,2,3-2,5,15,25,Boise St.,UNLV,TRUE
2019-11-07,Montana St.,Big Sky,Eastern Wash.,Big Sky,Big Sky,3,1,3-1,4,25,17,Montana St.,Montana St.,FALSE
2019-11-07,Weber St.,Big Sky,Northern Colo.,Big Sky,Big Sky,1,3,3-1,4,21,25,Northern Colo.,Northern Colo.,FALSE
2019-11-07,BYU,WCC,Santa Clara,WCC,WCC,3,1,3-1,4,25,22,BYU,BYU,FALSE
2019-11-07,Gonzaga,WCC,Pacific,WCC,WCC,3,2,3-2,5,18,25,Pacific,Gonzaga,TRUE
2019-11-07,Portland,WCC,Saint Mary's (CA),WCC,WCC,0,3,3-0,3,20,25,Saint Mary's (CA),Saint Mary's (CA),FALSE
2019-11-07,San Diego,WCC,San Francisco,WCC,WCC,3,0,3-0,3,25,23,San Diego,San Diego,FALSE
2019-11-07,Utah,Pac-12,Southern California,Pac-12,Pac-12,3,2,3-2,5,25,19,Utah,Utah,FALSE
2019-11-07,New Mexico St.,WAC,CSU Bakersfield,WAC,WAC,3,1,3-1,4,30,28,New Mexico St.,New Mexico St.,FALSE
2019-11-07,Colorado,Pac-12,UCLA,Pac-12,Pac-12,3,0,3-0,3,25,21,Colorado,Colorado,FALSE
2019-11-08,Temple,AAC,UConn,AAC,AAC,1,3,3-1,4,25,16,Temple,UConn,TRUE
2019-11-08,Memphis,AAC,Tulsa,AAC,AAC,1,3,3-1,4,19,25,Tulsa,Tulsa,FALSE
2019-11-08,Bowling Green,MAC,Buffalo,MAC,MAC,1,3,3-1,4,25,21,Bowling Green,Buffalo,TRUE
2019-11-08,Providence,Big East,Georgetown,Big East,Big East,0,3,3-0,3,14,25,Georgetown,Georgetown,FALSE
2019-11-08,Delaware St.,MEAC,Howard,MEAC,MEAC,0,3,3-0,3,8,25,Howard,Howard,FALSE
2019-11-08,UMES,MEAC,Norfolk St.,MEAC,MEAC,3,1,3-1,4,24,26,Norfolk St.,UMES,TRUE
2019-11-08,Jacksonville St.,OVC,Eastern Ky.,OVC,OVC,3,1,3-1,4,28,26,Jacksonville St.,Jacksonville St.,FALSE
2019-11-08,Western Caro.,SoCon,Wofford,SoCon,SoCon,0,3,3-0,3,26,28,Wofford,Wofford,FALSE
2019-11-08,UNC Asheville,Big South,Gardner-Webb,Big South,Big South,3,0,3-0,3,31,29,UNC Asheville,UNC Asheville,FALSE
2019-11-08,ETSU,SoCon,The Citadel,SoCon,SoCon,3,1,3-1,4,25,14,ETSU,ETSU,FALSE
2019-11-08,New Hampshire,America East,Binghamton,America East,America East,3,0,3-0,3,25,18,New Hampshire,New Hampshire,FALSE
2019-11-08,Bethune-Cookman,MEAC,Florida A&M,MEAC,MEAC,3,1,3-1,4,26,24,Bethune-Cookman,Bethune-Cookman,FALSE
2019-11-08,NC State,ACC,Wake Forest,ACC,ACC,3,2,3-2,5,20,25,Wake Forest,NC State,TRUE
2019-11-08,Radford,Big South,Hampton,Big South,Big South,2,3,3-2,5,18,25,Hampton,Hampton,FALSE
2019-11-08,Tennessee Tech,OVC,Morehead St.,OVC,OVC,1,3,3-1,4,25,20,Tennessee Tech,Morehead St.,TRUE
2019-11-08,Appalachian St.,Sun Belt,Ga. Southern,Sun Belt,Sun Belt,3,1,3-1,4,22,25,Ga. Southern,Appalachian St.,TRUE
2019-11-08,UIC,Horizon,Wright St.,Horizon,Horizon,1,3,3-1,4,25,23,UIC,Wright St.,TRUE
2019-11-08,Towson,CAA,Col. of Charleston,CAA,CAA,3,1,3-1,4,25,16,Towson,Towson,FALSE
2019-11-08,LIU,NEC,Bryant,NEC,NEC,3,2,3-2,5,21,25,Bryant,LIU,TRUE
2019-11-08,Presbyterian,Big South,Charleston So.,Big South,Big South,2,3,3-2,5,18,25,Charleston So.,Charleston So.,FALSE
2019-11-08,High Point,Big South,Campbell,Big South,Big South,3,0,3-0,3,25,19,High Point,High Point,FALSE
2019-11-08,Western Ill.,Summit League,Oral Roberts,Summit League,Summit League,2,3,3-2,5,25,23,Western Ill.,Oral Roberts,TRUE
2019-11-08,Hartford,America East,Albany (NY),America East,America East,1,3,3-1,4,21,25,Albany (NY),Albany (NY),FALSE
2019-11-08,Bucknell,Patriot,Holy Cross,Patriot,Patriot,0,3,3-0,3,22,25,Holy Cross,Holy Cross,FALSE
2019-11-08,Chattanooga,SoCon,Furman,SoCon,SoCon,2,3,3-2,5,25,22,Chattanooga,Furman,TRUE
2019-11-08,USC Upstate,Big South,Winthrop,Big South,Big South,2,3,3-2,5,16,25,Winthrop,Winthrop,FALSE
2019-11-08,East Carolina,AAC,UCF,AAC,AAC,0,3,3-0,3,13,25,UCF,UCF,FALSE
2019-11-08,Clemson,ACC,Virginia,ACC,ACC,0,3,3-0,3,18,25,Virginia,Virginia,FALSE
2019-11-08,Notre Dame,ACC,Florida St.,ACC,ACC,3,0,3-0,3,25,20,Notre Dame,Notre Dame,FALSE
2019-11-08,William & Mary,CAA,Delaware,CAA,CAA,0,3,3-0,3,14,25,Delaware,Delaware,FALSE
2019-11-08,Coastal Carolina,Sun Belt,Georgia St.,Sun Belt,Sun Belt,3,0,3-0,3,25,20,Coastal Carolina,Coastal Carolina,FALSE
2019-11-08,Wisconsin,Big Ten,Ohio St.,Big Ten,Big Ten,1,3,3-1,4,27,29,Ohio St.,Ohio St.,FALSE
2019-11-08,Miami (OH),MAC,Akron,MAC,MAC,3,1,3-1,4,25,21,Miami (OH),Miami (OH),FALSE
2019-11-08,Yale,Ivy League,Cornell,Ivy League,Ivy League,3,1,3-1,4,26,24,Yale,Yale,FALSE
2019-11-08,Samford,SoCon,UNC Greensboro,SoCon,SoCon,3,1,3-1,4,22,25,UNC Greensboro,Samford,TRUE
2019-11-08,Drake,MVC,Bradley,MVC,MVC,0,3,3-0,3,18,25,Bradley,Bradley,FALSE
2019-11-08,UNI,MVC,Illinois St.,MVC,MVC,3,1,3-1,4,22,25,Illinois St.,UNI,TRUE
2019-11-08,Louisiana,Sun Belt,La.-Monroe,Sun Belt,Sun Belt,3,1,3-1,4,28,30,La.-Monroe,Louisiana,TRUE
2019-11-08,Jacksonville,ASUN,North Florida,ASUN,ASUN,1,3,3-1,4,16,25,North Florida,North Florida,FALSE
2019-11-08,Elon,CAA,James Madison,CAA,CAA,0,3,3-0,3,22,25,James Madison,James Madison,FALSE
2019-11-08,Dayton,Atlantic 10,La Salle,Atlantic 10,Atlantic 10,3,1,3-1,4,25,21,Dayton,Dayton,FALSE
2019-11-08,Creighton,Big East,Villanova,Big East,Big East,0,3,3-0,3,22,25,Villanova,Villanova,FALSE
2019-11-08,Toledo,MAC,Northern Ill.,MAC,MAC,3,1,3-1,4,21,25,Northern Ill.,Toledo,TRUE
2019-11-08,Fla. Atlantic,C-USA,Rice,C-USA,C-USA,0,3,3-0,3,23,25,Rice,Rice,FALSE
2019-11-08,Indiana St.,MVC,Evansville,MVC,MVC,0,3,3-0,3,19,25,Evansville,Evansville,FALSE
2019-11-08,Purdue,Big Ten,Rutgers,Big Ten,Big Ten,3,0,3-0,3,25,19,Purdue,Purdue,FALSE
2019-11-08,Lafayette,Patriot,Colgate,Patriot,Patriot,0,3,3-0,3,18,25,Colgate,Colgate,FALSE
2019-11-08,Louisville,ACC,Miami (FL),ACC,ACC,3,2,3-2,5,25,16,Louisville,Louisville,FALSE
2019-11-08,Cincinnati,AAC,South Fla.,AAC,AAC,3,0,3-0,3,25,20,Cincinnati,Cincinnati,FALSE
2019-11-08,VCU,Atlantic 10,Fordham,Atlantic 10,Atlantic 10,3,0,3-0,3,25,20,VCU,VCU,FALSE
2019-11-08,Davidson,Atlantic 10,Rhode Island,Atlantic 10,Atlantic 10,0,3,3-0,3,17,25,Rhode Island,Rhode Island,FALSE
2019-11-08,Omaha,Summit League,Purdue Fort Wayne,Summit League,Summit League,3,1,3-1,4,22,25,Purdue Fort Wayne,Omaha,TRUE
2019-11-08,Loyola Chicago,MVC,Missouri St.,MVC,MVC,3,1,3-1,4,24,26,Missouri St.,Loyola Chicago,TRUE
2019-11-08,Kentucky,SEC,Georgia,SEC,SEC,3,0,3-0,3,25,16,Kentucky,Kentucky,FALSE
2019-11-08,Lehigh,Patriot,Army West Point,Patriot,Patriot,1,3,3-1,4,16,25,Army West Point,Army West Point,FALSE
2019-11-08,St. Francis Brooklyn,NEC,Saint Francis (PA),NEC,NEC,3,2,3-2,5,22,25,Saint Francis (PA),St. Francis Brooklyn,TRUE
2019-11-08,George Washington,Atlantic 10,George Mason,Atlantic 10,Atlantic 10,3,0,3-0,3,25,22,George Washington,George Washington,FALSE
2019-11-08,Marshall,C-USA,FIU,C-USA,C-USA,3,2,3-2,5,23,25,FIU,Marshall,TRUE
2019-11-08,Dartmouth,Ivy League,Princeton,Ivy League,Ivy League,0,3,3-0,3,11,25,Princeton,Princeton,FALSE
2019-11-08,Youngstown St.,Horizon,Green Bay,Horizon,Horizon,0,3,3-0,3,17,25,Green Bay,Green Bay,FALSE
2019-11-08,Stony Brook,America East,UMBC,America East,America East,1,3,3-1,4,21,25,UMBC,UMBC,FALSE
2019-11-08,FGCU,ASUN,Kennesaw St.,ASUN,ASUN,1,3,3-1,4,30,28,FGCU,Kennesaw St.,TRUE
2019-11-08,Brown,Ivy League,Columbia,Ivy League,Ivy League,3,1,3-1,4,25,20,Brown,Brown,FALSE
2019-11-08,Morgan St.,MEAC,Coppin St.,MEAC,MEAC,3,0,3-0,3,25,21,Morgan St.,Morgan St.,FALSE
2019-11-08,Oakland,Horizon,Milwaukee,Horizon,Horizon,3,1,3-1,4,25,23,Oakland,Oakland,FALSE
2019-11-08,Murray St.,OVC,Southeast Mo. St.,OVC,OVC,3,1,3-1,4,21,25,Southeast Mo. St.,Murray St.,TRUE
2019-11-08,Butler,Big East,Seton Hall,Big East,Big East,3,2,3-2,5,22,25,Seton Hall,Butler,TRUE
2019-11-08,Ball St.,MAC,Western Mich.,MAC,MAC,3,1,3-1,4,17,25,Western Mich.,Ball St.,TRUE
2019-11-08,Austin Peay,OVC,UT Martin,OVC,OVC,3,2,3-2,5,20,25,UT Martin,Austin Peay,TRUE
2019-11-08,Valparaiso,MVC,Southern Ill.,MVC,MVC,3,2,3-2,5,25,21,Valparaiso,Valparaiso,FALSE
2019-11-08,Western Ky.,C-USA,North Texas,C-USA,C-USA,3,1,3-1,4,25,16,Western Ky.,Western Ky.,FALSE
2019-11-08,Harvard,Ivy League,Penn,Ivy League,Ivy League,1,3,3-1,4,23,25,Penn,Penn,FALSE
2019-11-08,Saint Louis,Atlantic 10,Duquesne,Atlantic 10,Atlantic 10,3,0,3-0,3,25,17,Saint Louis,Saint Louis,FALSE
2019-11-08,Minnesota,Big Ten,Maryland,Big Ten,Big Ten,3,0,3-0,3,25,21,Minnesota,Minnesota,FALSE
2019-11-08,Georgia Tech,ACC,Pittsburgh,ACC,ACC,2,3,3-2,5,17,25,Pittsburgh,Pittsburgh,FALSE
2019-11-08,Central Conn. St.,NEC,Robert Morris,NEC,NEC,2,3,3-2,5,18,25,Robert Morris,Robert Morris,FALSE
2019-11-08,Arkansas,SEC,Texas A&M,SEC,SEC,0,3,3-0,3,10,25,Texas A&M,Texas A&M,FALSE
2019-11-08,Virginia Tech,ACC,Boston College,ACC,ACC,0,3,3-0,3,17,25,Boston College,Boston College,FALSE
2019-11-08,Arkansas St.,Sun Belt,UT Arlington,Sun Belt,Sun Belt,3,2,3-2,5,25,18,Arkansas St.,Arkansas St.,FALSE
2019-11-08,Indiana,Big Ten,Penn St.,Big Ten,Big Ten,0,3,3-0,3,21,25,Penn St.,Penn St.,FALSE
2019-11-08,South Alabama,Sun Belt,Troy,Sun Belt,Sun Belt,3,1,3-1,4,25,18,South Alabama,South Alabama,FALSE
2019-11-08,Little Rock,Sun Belt,Texas St.,Sun Belt,Sun Belt,0,3,3-0,3,16,25,Texas St.,Texas St.,FALSE
2019-11-08,NJIT,ASUN,Lipscomb,ASUN,ASUN,0,3,3-0,3,12,25,Lipscomb,Lipscomb,FALSE
2019-11-08,Florida,SEC,Ole Miss,SEC,SEC,3,2,3-2,5,23,25,Ole Miss,Florida,TRUE
2019-11-08,South Carolina,SEC,Mississippi St.,SEC,SEC,3,0,3-0,3,25,21,South Carolina,South Carolina,FALSE
2019-11-08,Missouri,SEC,Alabama,SEC,SEC,3,2,3-2,5,25,22,Missouri,Missouri,FALSE
2019-11-08,Texas,Big 12,Oklahoma,Big 12,Big 12,3,1,3-1,4,25,20,Texas,Texas,FALSE
2019-11-08,Southern Miss.,C-USA,UAB,C-USA,C-USA,0,3,3-0,3,23,25,UAB,UAB,FALSE
2019-11-08,DePaul,Big East,Marquette,Big East,Big East,0,3,3-0,3,23,25,Marquette,Marquette,FALSE
2019-11-08,SMU,AAC,Wichita St.,AAC,AAC,3,1,3-1,4,25,23,SMU,SMU,FALSE
2019-11-08,Charlotte,C-USA,Louisiana Tech,C-USA,C-USA,3,2,3-2,5,25,23,Charlotte,Charlotte,FALSE
2019-11-08,Tulane,AAC,Houston,AAC,AAC,3,1,3-1,4,28,26,Tulane,Tulane,FALSE
2019-11-08,Middle Tenn.,C-USA,UTEP,C-USA,C-USA,1,3,3-1,4,22,25,UTEP,UTEP,FALSE
2019-11-08,North Dakota St.,Summit League,South Dakota,Summit League,Summit League,0,3,3-0,3,22,25,South Dakota,South Dakota,FALSE
2019-11-08,Montana,Big Sky,Eastern Wash.,Big Sky,Big Sky,2,3,3-2,5,16,25,Eastern Wash.,Eastern Wash.,FALSE
2019-11-08,North Dakota,Summit League,Denver,Summit League,Summit League,0,3,3-0,3,17,25,Denver,Denver,FALSE
2019-11-08,Hawaii,Big West,UC Davis,Big West,Big West,3,1,3-1,4,26,24,Hawaii,Hawaii,FALSE
2019-11-08,Long Beach St.,Big West,UC Irvine,Big West,Big West,3,0,3-0,3,25,16,Long Beach St.,Long Beach St.,FALSE
2019-11-08,CSUN,Big West,Cal St. Fullerton,Big West,Big West,3,1,3-1,4,25,18,CSUN,CSUN,FALSE
2019-11-08,LMU (CA),WCC,Pepperdine,WCC,WCC,0,3,3-0,3,7,25,Pepperdine,Pepperdine,FALSE
2019-11-09,Xavier,Big East,St. John's (NY),Big East,Big East,0,3,3-0,3,20,25,St. John's (NY),St. John's (NY),FALSE
2019-11-09,St. Francis Brooklyn,NEC,Robert Morris,NEC,NEC,0,3,3-0,3,13,25,Robert Morris,Robert Morris,FALSE
2019-11-09,Kansas,Big 12,TCU,Big 12,Big 12,1,3,3-1,4,24,26,TCU,TCU,FALSE
2019-11-09,Utah Valley,WAC,Chicago St.,WAC,WAC,2,3,3-2,5,25,15,Utah Valley,Chicago St.,TRUE
2019-11-09,Marist,MAAC,Niagara,MAAC,MAAC,3,2,3-2,5,25,21,Marist,Marist,FALSE
2019-11-09,Nicholls St.,Southland,McNeese,Southland,Southland,1,3,3-1,4,13,25,McNeese,McNeese,FALSE
2019-11-09,Hofstra,CAA,UNCW,CAA,CAA,3,2,3-2,5,20,25,UNCW,Hofstra,TRUE
2019-11-09,SFA,Southland,UIW,Southland,Southland,3,0,3-0,3,29,27,SFA,SFA,FALSE
2019-11-09,Rider,MAAC,Fairfield,MAAC,MAAC,1,3,3-1,4,15,25,Fairfield,Fairfield,FALSE
2019-11-09,Manhattan,MAAC,Iona,MAAC,MAAC,0,3,3-0,3,23,25,Iona,Iona,FALSE
2019-11-09,Saint Peter's,MAAC,Quinnipiac,MAAC,MAAC,0,3,3-0,3,18,25,Quinnipiac,Quinnipiac,FALSE
2019-11-09,Siena,MAAC,Canisius,MAAC,MAAC,3,2,3-2,5,22,25,Canisius,Siena,TRUE
2019-11-09,Jacksonville St.,OVC,Morehead St.,OVC,OVC,3,0,3-0,3,25,19,Jacksonville St.,Jacksonville St.,FALSE
2019-11-09,Abilene Christian,Southland,A&M-Corpus Christi,Southland,Southland,0,3,3-0,3,15,25,A&M-Corpus Christi,A&M-Corpus Christi,FALSE
2019-11-09,USC Upstate,Big South,Gardner-Webb,Big South,Big South,3,1,3-1,4,25,18,USC Upstate,USC Upstate,FALSE
2019-11-09,Seattle U,WAC,Kansas City,WAC,WAC,1,3,3-1,4,21,25,Kansas City,Kansas City,FALSE
2019-11-09,Tennessee Tech,OVC,Eastern Ky.,OVC,OVC,3,0,3-0,3,28,26,Tennessee Tech,Tennessee Tech,FALSE
2019-11-09,Central Ark.,Southland,Sam Houston St.,Southland,Southland,3,2,3-2,5,25,21,Central Ark.,Central Ark.,FALSE
2019-11-09,UNC Asheville,Big South,Winthrop,Big South,Big South,1,3,3-1,4,23,25,Winthrop,Winthrop,FALSE
2019-11-09,American,Patriot,Navy,Patriot,Patriot,3,0,3-0,3,25,13,American,American,FALSE
2019-11-09,Southeastern La.,Southland,Lamar University,Southland,Southland,2,3,3-2,5,23,25,Lamar University,Lamar University,FALSE
2019-11-09,Baylor,Big 12,Texas Tech,Big 12,Big 12,3,0,3-0,3,25,18,Baylor,Baylor,FALSE
2019-11-09,Wyoming,Mountain West,Fresno St.,Mountain West,Mountain West,3,1,3-1,4,25,22,Wyoming,Wyoming,FALSE
2019-11-09,High Point,Big South,Hampton,Big South,Big South,3,0,3-0,3,25,18,High Point,High Point,FALSE
2019-11-09,Northwestern St.,Southland,Houston Baptist,Southland,Southland,1,3,3-1,4,19,25,Houston Baptist,Houston Baptist,FALSE
2019-11-09,Nevada,Mountain West,Air Force,Mountain West,Mountain West,3,0,3-0,3,25,20,Nevada,Nevada,FALSE
2019-11-09,UNLV,Mountain West,Utah St.,Mountain West,Mountain West,3,1,3-1,4,25,21,UNLV,UNLV,FALSE
2019-11-09,Sacramento St.,Big Sky,Southern Utah,Big Sky,Big Sky,3,0,3-0,3,25,18,Sacramento St.,Sacramento St.,FALSE
2019-11-09,Portland,WCC,Pacific,WCC,WCC,1,3,3-1,4,22,25,Pacific,Pacific,FALSE
2019-11-09,BYU,WCC,San Francisco,WCC,WCC,3,0,3-0,3,25,17,BYU,BYU,FALSE
2019-11-09,Lehigh,Patriot,Colgate,Patriot,Patriot,0,3,3-0,3,24,26,Colgate,Colgate,FALSE
2019-11-09,Belmont,OVC,SIUE,OVC,OVC,1,3,3-1,4,23,25,SIUE,SIUE,FALSE
2019-11-09,Murray St.,OVC,UT Martin,OVC,OVC,2,3,3-2,5,25,19,Murray St.,UT Martin,TRUE
2019-11-09,San Diego,WCC,Santa Clara,WCC,WCC,3,0,3-0,3,25,17,San Diego,San Diego,FALSE
2019-11-09,Gonzaga,WCC,Saint Mary's (CA),WCC,WCC,3,2,3-2,5,21,25,Saint Mary's (CA),Gonzaga,TRUE
2019-11-09,New Mexico,Mountain West,Boise St.,Mountain West,Mountain West,0,3,3-0,3,19,25,Boise St.,Boise St.,FALSE
2019-11-09,Radford,Big South,Campbell,Big South,Big South,3,0,3-0,3,25,22,Radford,Radford,FALSE
2019-11-09,Montana St.,Big Sky,Idaho,Big Sky,Big Sky,3,0,3-0,3,25,19,Montana St.,Montana St.,FALSE
2019-11-09,New Mexico St.,WAC,Grand Canyon,WAC,WAC,3,0,3-0,3,25,22,New Mexico St.,New Mexico St.,FALSE
2019-11-09,Lafayette,Patriot,Holy Cross,Patriot,Patriot,0,3,3-0,3,30,32,Holy Cross,Holy Cross,FALSE
2019-11-09,Western Caro.,SoCon,The Citadel,SoCon,SoCon,3,1,3-1,4,25,27,The Citadel,Western Caro.,TRUE
2019-11-09,Stanford,Pac-12,Arizona,Pac-12,Pac-12,3,0,3-0,3,25,16,Stanford,Stanford,FALSE
2019-11-09,Davidson,Atlantic 10,Fordham,Atlantic 10,Atlantic 10,2,3,3-2,5,16,25,Fordham,Fordham,FALSE
2019-11-09,Colorado St.,Mountain West,San Diego St.,Mountain West,Mountain West,3,0,3-0,3,25,21,Colorado St.,Colorado St.,FALSE
2019-11-09,Harvard,Ivy League,Princeton,Ivy League,Ivy League,0,3,3-0,3,22,25,Princeton,Princeton,FALSE
2019-11-09,Eastern Mich.,MAC,Kent St.,MAC,MAC,2,3,3-2,5,23,25,Kent St.,Kent St.,FALSE
2019-11-09,Toledo,MAC,Western Mich.,MAC,MAC,3,2,3-2,5,25,21,Toledo,Toledo,FALSE
2019-11-09,Providence,Big East,Villanova,Big East,Big East,0,3,3-0,3,15,25,Villanova,Villanova,FALSE
2019-11-09,Fairleigh Dickinson,NEC,Sacred Heart,NEC,NEC,0,3,3-0,3,18,25,Sacred Heart,Sacred Heart,FALSE
2019-11-09,Yale,Ivy League,Columbia,Ivy League,Ivy League,3,0,3-0,3,25,23,Yale,Yale,FALSE
2019-11-09,Brown,Ivy League,Cornell,Ivy League,Ivy League,1,3,3-1,4,16,25,Cornell,Cornell,FALSE
2019-11-09,Chattanooga,SoCon,UNC Greensboro,SoCon,SoCon,1,3,3-1,4,25,18,Chattanooga,UNC Greensboro,TRUE
2019-11-09,Dartmouth,Ivy League,Penn,Ivy League,Ivy League,1,3,3-1,4,17,25,Penn,Penn,FALSE
2019-11-09,Creighton,Big East,Georgetown,Big East,Big East,3,0,3-0,3,27,25,Creighton,Creighton,FALSE
2019-11-09,Central Conn. St.,NEC,Saint Francis (PA),NEC,NEC,3,1,3-1,4,22,25,Saint Francis (PA),Central Conn. St.,TRUE
2019-11-09,UNI,MVC,Bradley,MVC,MVC,3,2,3-2,5,16,25,Bradley,UNI,TRUE
2019-11-09,Valparaiso,MVC,Missouri St.,MVC,MVC,2,3,3-2,5,21,25,Missouri St.,Missouri St.,FALSE
2019-11-09,ETSU,SoCon,Wofford,SoCon,SoCon,3,1,3-1,4,25,15,ETSU,ETSU,FALSE
2019-11-09,Southern Ill.,MVC,Loyola Chicago,MVC,MVC,2,3,3-2,5,20,25,Loyola Chicago,Loyola Chicago,FALSE
2019-11-09,Miami (OH),MAC,Buffalo,MAC,MAC,2,3,3-2,5,22,25,Buffalo,Buffalo,FALSE
2019-11-09,Drake,MVC,Illinois St.,MVC,MVC,0,3,3-0,3,13,25,Illinois St.,Illinois St.,FALSE
2019-11-09,Samford,SoCon,Furman,SoCon,SoCon,3,2,3-2,5,27,25,Samford,Samford,FALSE
2019-11-09,Appalachian St.,Sun Belt,Georgia St.,Sun Belt,Sun Belt,3,1,3-1,4,25,17,Appalachian St.,Appalachian St.,FALSE
2019-11-09,Coastal Carolina,Sun Belt,Ga. Southern,Sun Belt,Sun Belt,3,1,3-1,4,25,20,Coastal Carolina,Coastal Carolina,FALSE
2019-11-09,Northwestern,Big Ten,Michigan St.,Big Ten,Big Ten,2,3,3-2,5,25,20,Northwestern,Michigan St.,TRUE
2019-11-09,Marquette,Big East,DePaul,Big East,Big East,3,0,3-0,3,25,21,Marquette,Marquette,FALSE
2019-11-09,Central Mich.,MAC,Ohio,MAC,MAC,0,3,3-0,3,22,25,Ohio,Ohio,FALSE
2019-11-09,Purdue,Big Ten,Penn St.,Big Ten,Big Ten,1,3,3-1,4,17,25,Penn St.,Penn St.,FALSE
2019-11-09,Illinois,Big Ten,Michigan,Big Ten,Big Ten,1,3,3-1,4,23,25,Michigan,Michigan,FALSE
2019-11-09,Northeastern,CAA,Col. of Charleston,CAA,CAA,3,0,3-0,3,30,28,Northeastern,Northeastern,FALSE
2019-11-09,Wisconsin,Big Ten,Maryland,Big Ten,Big Ten,3,0,3-0,3,25,18,Wisconsin,Wisconsin,FALSE
2019-11-09,Bucknell,Patriot,Army West Point,Patriot,Patriot,0,3,3-0,3,19,25,Army West Point,Army West Point,FALSE
2019-11-09,Ball St.,MAC,Northern Ill.,MAC,MAC,3,0,3-0,3,26,24,Ball St.,Ball St.,FALSE
2019-11-09,Bowling Green,MAC,Akron,MAC,MAC,3,0,3-0,3,25,21,Bowling Green,Bowling Green,FALSE
2019-11-09,Indiana,Big Ten,Rutgers,Big Ten,Big Ten,3,0,3-0,3,25,18,Indiana,Indiana,FALSE
2019-11-09,Dayton,Atlantic 10,Duquesne,Atlantic 10,Atlantic 10,3,0,3-0,3,25,15,Dayton,Dayton,FALSE
2019-11-09,Arkansas St.,Sun Belt,Texas St.,Sun Belt,Sun Belt,1,3,3-1,4,25,22,Arkansas St.,Texas St.,TRUE
2019-11-09,Xavier,Big East,Seton Hall,Big East,Big East,3,2,3-2,5,25,27,Seton Hall,Xavier,TRUE
2019-11-09,Tennessee St.,OVC,Eastern Ill.,OVC,OVC,3,1,3-1,4,25,16,Tennessee St.,Tennessee St.,FALSE
2019-11-09,Utah,Pac-12,UCLA,Pac-12,Pac-12,3,1,3-1,4,22,25,UCLA,Utah,TRUE
2019-11-09,Nebraska,Big Ten,Iowa,Big Ten,Big Ten,3,0,3-0,3,25,21,Nebraska,Nebraska,FALSE
2019-11-09,Iowa St.,Big 12,Kansas St.,Big 12,Big 12,3,0,3-0,3,25,21,Iowa St.,Iowa St.,FALSE
2019-11-09,Portland St.,Big Sky,Northern Ariz.,Big Sky,Big Sky,0,3,3-0,3,15,25,Northern Ariz.,Northern Ariz.,FALSE
2019-11-09,Idaho St.,Big Sky,Northern Colo.,Big Sky,Big Sky,2,3,3-2,5,26,28,Northern Colo.,Northern Colo.,FALSE
2019-11-09,Colorado,Pac-12,Southern California,Pac-12,Pac-12,1,3,3-1,4,15,25,Southern California,Southern California,FALSE
2019-11-09,CSUN,Big West,UC Irvine,Big West,Big West,3,2,3-2,5,19,25,UC Irvine,CSUN,TRUE
2019-11-09,UC Santa Barbara,Big West,Cal Poly,Big West,Big West,0,3,3-0,3,13,25,Cal Poly,Cal Poly,FALSE
2019-11-09,Long Beach St.,Big West,Cal St. Fullerton,Big West,Big West,3,0,3-0,3,25,23,Long Beach St.,Long Beach St.,FALSE
2019-11-10,NC State,ACC,Duke,ACC,ACC,2,3,3-2,5,25,22,NC State,Duke,TRUE
2019-11-10,Washington St.,Pac-12,Oregon,Pac-12,Pac-12,3,1,3-1,4,25,20,Washington St.,Washington St.,FALSE
2019-11-10,Washington,Pac-12,Oregon St.,Pac-12,Pac-12,3,1,3-1,4,25,16,Washington,Washington,FALSE
2019-11-10,East Carolina,AAC,South Fla.,AAC,AAC,3,1,3-1,4,25,20,East Carolina,East Carolina,FALSE
2019-11-10,Minnesota,Big Ten,Ohio St.,Big Ten,Big Ten,3,0,3-0,3,25,23,Minnesota,Minnesota,FALSE
2019-11-10,Marshall,C-USA,Fla. Atlantic,C-USA,C-USA,3,2,3-2,5,25,27,Fla. Atlantic,Marshall,TRUE
2019-11-10,Louisville,ACC,Florida St.,ACC,ACC,1,3,3-1,4,25,18,Louisville,Florida St.,TRUE
2019-11-10,Elon,CAA,Delaware,CAA,CAA,3,0,3-0,3,25,18,Elon,Elon,FALSE
2019-11-10,VCU,Atlantic 10,Rhode Island,Atlantic 10,Atlantic 10,3,0,3-0,3,25,16,VCU,VCU,FALSE
2019-11-10,Notre Dame,ACC,Miami (FL),ACC,ACC,2,3,3-2,5,24,26,Miami (FL),Miami (FL),FALSE
2019-11-10,William & Mary,CAA,James Madison,CAA,CAA,0,3,3-0,3,18,25,James Madison,James Madison,FALSE
2019-11-10,La.-Monroe,Sun Belt,Louisiana,Sun Belt,Sun Belt,0,3,3-0,3,17,25,Louisiana,Louisiana,FALSE
2019-11-10,Virginia Tech,ACC,Syracuse,ACC,ACC,0,3,3-0,3,17,25,Syracuse,Syracuse,FALSE
2019-11-10,Cincinnati,AAC,UCF,AAC,AAC,3,1,3-1,4,25,22,Cincinnati,Cincinnati,FALSE
2019-11-10,Clemson,ACC,Pittsburgh,ACC,ACC,1,3,3-1,4,25,19,Clemson,Pittsburgh,TRUE
2019-11-10,Hartford,America East,UMBC,America East,America East,3,1,3-1,4,13,25,UMBC,Hartford,TRUE
2019-11-10,Middle Tenn.,C-USA,UTSA,C-USA,C-USA,0,3,3-0,3,19,25,UTSA,UTSA,FALSE
2019-11-10,Liberty,ASUN,North Florida,ASUN,ASUN,3,1,3-1,4,27,25,Liberty,Liberty,FALSE
2019-11-10,Little Rock,Sun Belt,UT Arlington,Sun Belt,Sun Belt,0,3,3-0,3,14,25,UT Arlington,UT Arlington,FALSE
2019-11-10,Rider,MAAC,Quinnipiac,MAAC,MAAC,3,0,3-0,3,27,25,Rider,Rider,FALSE
2019-11-10,Saint Peter's,MAAC,Fairfield,MAAC,MAAC,0,3,3-0,3,17,25,Fairfield,Fairfield,FALSE
2019-11-10,UMES,MEAC,Howard,MEAC,MEAC,0,3,3-0,3,27,29,Howard,Howard,FALSE
2019-11-10,Siena,MAAC,Niagara,MAAC,MAAC,0,3,3-0,3,19,25,Niagara,Niagara,FALSE
2019-11-10,N.C. Central,MEAC,South Carolina St.,MEAC,MEAC,3,0,3-0,3,25,12,N.C. Central,N.C. Central,FALSE
2019-11-10,Towson,CAA,UNCW,CAA,CAA,3,1,3-1,4,23,25,UNCW,Towson,TRUE
2019-11-10,Bethune-Cookman,MEAC,Jacksonville,ASUN,Non-Conference,1,3,3-1,4,13,25,Jacksonville,Jacksonville,FALSE
2019-11-10,Marist,MAAC,Canisius,MAAC,MAAC,2,3,3-2,5,25,19,Marist,Canisius,TRUE
2019-11-10,Saint Louis,Atlantic 10,La Salle,Atlantic 10,Atlantic 10,2,3,3-2,5,14,25,La Salle,La Salle,FALSE
2019-11-10,Kennesaw St.,ASUN,Stetson,ASUN,ASUN,3,0,3-0,3,25,21,Kennesaw St.,Kennesaw St.,FALSE
2019-11-10,Georgia Tech,ACC,Virginia,ACC,ACC,3,0,3-0,3,25,14,Georgia Tech,Georgia Tech,FALSE
2019-11-10,North Carolina,ACC,Wake Forest,ACC,ACC,3,0,3-0,3,25,19,North Carolina,North Carolina,FALSE
2019-11-10,Temple,AAC,Tulane,AAC,AAC,1,3,3-1,4,16,25,Tulane,Tulane,FALSE
2019-11-10,Memphis,AAC,Wichita St.,AAC,AAC,3,2,3-2,5,23,25,Wichita St.,Memphis,TRUE
2019-11-10,Purdue Fort Wayne,Summit League,Oral Roberts,Summit League,Summit League,3,0,3-0,3,25,23,Purdue Fort Wayne,Purdue Fort Wayne,FALSE
2019-11-10,Southern Miss.,C-USA,Louisiana Tech,C-USA,C-USA,1,3,3-1,4,22,25,Louisiana Tech,Louisiana Tech,FALSE
2019-11-10,Butler,Big East,St. John's (NY),Big East,Big East,0,3,3-0,3,20,25,St. John's (NY),St. John's (NY),FALSE
2019-11-10,Loyola Maryland,Patriot,Navy,Patriot,Patriot,1,3,3-1,4,19,25,Navy,Navy,FALSE
2019-11-10,California,Pac-12,Arizona St.,Pac-12,Pac-12,3,2,3-2,5,18,25,Arizona St.,California,TRUE
2019-11-10,Charlotte,C-USA,UAB,C-USA,C-USA,3,1,3-1,4,25,20,Charlotte,Charlotte,FALSE
2019-11-10,Milwaukee,Horizon,Northern Ky.,Horizon,Horizon,1,3,3-1,4,25,23,Milwaukee,Northern Ky.,TRUE
2019-11-10,Western Ky.,C-USA,Rice,C-USA,C-USA,3,2,3-2,5,25,20,Western Ky.,Western Ky.,FALSE
2019-11-10,SMU,AAC,Tulsa,AAC,AAC,3,1,3-1,4,25,20,SMU,SMU,FALSE
2019-11-10,South Dakota St.,Summit League,North Dakota,Summit League,Summit League,2,3,3-2,5,24,26,North Dakota,North Dakota,FALSE
2019-11-10,Missouri,SEC,Georgia,SEC,SEC,3,1,3-1,4,21,25,Georgia,Missouri,TRUE
2019-11-10,UConn,AAC,Houston,AAC,AAC,3,2,3-2,5,25,23,UConn,UConn,FALSE
2019-11-10,Florida,SEC,Mississippi St.,SEC,SEC,3,0,3-0,3,25,18,Florida,Florida,FALSE
2019-11-10,Delaware St.,MEAC,Norfolk St.,MEAC,MEAC,3,2,3-2,5,25,23,Delaware St.,Delaware St.,FALSE
2019-11-10,Kentucky,SEC,Auburn,SEC,SEC,3,0,3-0,3,25,17,Kentucky,Kentucky,FALSE
2019-11-10,South Carolina,SEC,Ole Miss,SEC,SEC,3,0,3-0,3,25,21,South Carolina,South Carolina,FALSE
2019-11-10,North Dakota St.,Summit League,Denver,Summit League,Summit League,0,3,3-0,3,23,25,Denver,Denver,FALSE
2019-11-10,Cleveland St.,Horizon,UIC,Horizon,Horizon,2,3,3-2,5,25,16,Cleveland St.,UIC,TRUE
2019-11-10,FGCU,ASUN,Lipscomb,ASUN,ASUN,3,0,3-0,3,25,21,FGCU,FGCU,FALSE
2019-11-10,North Texas,C-USA,UTEP,C-USA,C-USA,1,3,3-1,4,24,26,UTEP,UTEP,FALSE
2019-11-10,Tennessee,SEC,Alabama,SEC,SEC,3,0,3-0,3,25,18,Tennessee,Tennessee,FALSE
2019-11-10,Stony Brook,America East,Albany (NY),America East,America East,1,3,3-1,4,14,25,Albany (NY),Albany (NY),FALSE
2019-11-10,Texas A&M,SEC,LSU,SEC,SEC,1,3,3-1,4,19,25,LSU,LSU,FALSE
2019-11-10,Green Bay,Horizon,IUPUI,Horizon,Horizon,3,0,3-0,3,25,22,Green Bay,Green Bay,FALSE
2019-11-10,Jackson St.,SWAC,Alabama A&M,SWAC,SWAC,1,3,3-1,4,21,25,Alabama A&M,Alabama A&M,FALSE
2019-11-10,Hawaii,Big West,UC Riverside,Big West,Big West,3,0,3-0,3,25,19,Hawaii,Hawaii,FALSE
2019-11-10,Southern U.,SWAC,Grambling,SWAC,SWAC,3,0,3-0,3,25,23,Southern U.,Southern U.,FALSE
2019-11-10,Prairie View,SWAC,Ark.-Pine Bluff,SWAC,SWAC,3,1,3-1,4,13,25,Ark.-Pine Bluff,Prairie View,TRUE
2019-11-11,Western Ill.,Summit League,Omaha,Summit League,Summit League,0,3,3-0,3,16,25,Omaha,Omaha,FALSE
2019-11-11,Chicago St.,WAC,Eastern Ill.,OVC,Non-Conference,2,3,3-2,5,19,25,Eastern Ill.,Eastern Ill.,FALSE
2019-11-11,Hofstra,CAA,Col. of Charleston,CAA,CAA,3,1,3-1,4,21,25,Col. of Charleston,Hofstra,TRUE
2019-11-11,Alcorn,SWAC,Mississippi Val.,SWAC,SWAC,3,1,3-1,4,25,18,Alcorn,Alcorn,FALSE
2019-11-11,Texas Southern,SWAC,Ark.-Pine Bluff,SWAC,SWAC,1,3,3-1,4,25,20,Texas Southern,Ark.-Pine Bluff,TRUE
2019-11-11,Jackson St.,SWAC,Alabama St.,SWAC,SWAC,0,3,3-0,3,25,27,Alabama St.,Alabama St.,FALSE
2019-11-11,UTRGV,WAC,CSU Bakersfield,WAC,WAC,2,3,3-2,5,25,20,UTRGV,CSU Bakersfield,TRUE
2019-11-12,Liberty,ASUN,Stetson,ASUN,ASUN,3,0,3-0,3,26,24,Liberty,Liberty,FALSE
2019-11-12,Howard,MEAC,Norfolk St.,MEAC,MEAC,3,2,3-2,5,21,25,Norfolk St.,Howard,TRUE
2019-11-12,Georgia St.,Sun Belt,Ga. Southern,Sun Belt,Sun Belt,3,2,3-2,5,27,25,Georgia St.,Georgia St.,FALSE
2019-11-12,Army West Point,Patriot,Lafayette,Patriot,Patriot,3,0,3-0,3,25,22,Army West Point,Army West Point,FALSE
2019-11-12,Navy,Patriot,Bucknell,Patriot,Patriot,3,1,3-1,4,25,17,Navy,Navy,FALSE
2019-11-12,Loyola Maryland,Patriot,Lehigh,Patriot,Patriot,3,1,3-1,4,30,28,Loyola Maryland,Loyola Maryland,FALSE
2019-11-12,Nicholls St.,Southland,Southeastern La.,Southland,Southland,1,3,3-1,4,27,25,Nicholls St.,Southeastern La.,TRUE
2019-11-12,North Dakota,Summit League,North Dakota St.,Summit League,Summit League,1,3,3-1,4,23,25,North Dakota St.,North Dakota St.,FALSE
2019-11-12,Eastern Wash.,Big Sky,Idaho,Big Sky,Big Sky,1,3,3-1,4,25,23,Eastern Wash.,Idaho,TRUE
2019-11-12,Fresno St.,Mountain West,San Diego St.,Mountain West,Mountain West,0,3,3-0,3,15,25,San Diego St.,San Diego St.,FALSE
2019-11-13,Nebraska,Big Ten,Michigan St.,Big Ten,Big Ten,3,0,3-0,3,25,20,Nebraska,Nebraska,FALSE
2019-11-13,Texas Tech,Big 12,Oklahoma,Big 12,Big 12,2,3,3-2,5,27,25,Texas Tech,Oklahoma,TRUE
2019-11-13,Morehead St.,OVC,Eastern Ky.,OVC,OVC,3,0,3-0,3,25,9,Morehead St.,Morehead St.,FALSE
2019-11-13,The Citadel,SoCon,Wofford,SoCon,SoCon,1,3,3-1,4,20,25,Wofford,Wofford,FALSE
2019-11-13,Western Caro.,SoCon,ETSU,SoCon,SoCon,1,3,3-1,4,25,23,Western Caro.,ETSU,TRUE
2019-11-13,Tennessee,SEC,Arkansas,SEC,SEC,3,2,3-2,5,25,16,Tennessee,Tennessee,FALSE
2019-11-13,TCU,Big 12,West Virginia,Big 12,Big 12,3,1,3-1,4,25,21,TCU,TCU,FALSE
2019-11-13,Siena,MAAC,Quinnipiac,MAAC,MAAC,0,3,3-0,3,29,31,Quinnipiac,Quinnipiac,FALSE
2019-11-13,Austin Peay,OVC,Murray St.,OVC,OVC,2,3,3-2,5,23,25,Murray St.,Murray St.,FALSE
2019-11-13,Manhattan,MAAC,Rider,MAAC,MAAC,3,2,3-2,5,25,19,Manhattan,Manhattan,FALSE
2019-11-13,Sacred Heart,NEC,Central Conn. St.,NEC,NEC,3,1,3-1,4,25,21,Sacred Heart,Sacred Heart,FALSE
2019-11-13,Iowa,Big Ten,Michigan,Big Ten,Big Ten,0,3,3-0,3,16,25,Michigan,Michigan,FALSE
2019-11-13,Kansas,Big 12,Baylor,Big 12,Big 12,0,3,3-0,3,19,25,Baylor,Baylor,FALSE
2019-11-13,Kansas St.,Big 12,Texas,Big 12,Big 12,0,3,3-0,3,18,25,Texas,Texas,FALSE
2019-11-13,Auburn,SEC,Texas A&M,SEC,SEC,0,3,3-0,3,17,25,Texas A&M,Texas A&M,FALSE
2019-11-14,Wisconsin,Big Ten,Minnesota,Big Ten,Big Ten,3,1,3-1,4,25,22,Wisconsin,Wisconsin,FALSE
2019-11-14,Miami (OH),MAC,Bowling Green,MAC,MAC,2,3,3-2,5,25,20,Miami (OH),Bowling Green,TRUE
2019-11-14,UTEP,C-USA,Charlotte,C-USA,C-USA,0,3,3-0,3,12,25,Charlotte,Charlotte,FALSE
2019-11-14,UAB,C-USA,Marshall,C-USA,C-USA,1,3,3-1,4,18,25,Marshall,Marshall,FALSE
2019-11-14,UIW,Southland,Central Ark.,Southland,Southland,0,3,3-0,3,20,25,Central Ark.,Central Ark.,FALSE
2019-11-14,UIC,Horizon,Green Bay,Horizon,Horizon,2,3,3-2,5,9,25,Green Bay,Green Bay,FALSE
2019-11-14,Mississippi Val.,SWAC,Jackson St.,SWAC,SWAC,0,3,3-0,3,14,25,Jackson St.,Jackson St.,FALSE
2019-11-14,Louisiana Tech,C-USA,Western Ky.,C-USA,C-USA,0,3,3-0,3,16,25,Western Ky.,Western Ky.,FALSE
2019-11-14,Fla. Atlantic,C-USA,Middle Tenn.,C-USA,C-USA,3,0,3-0,3,25,17,Fla. Atlantic,Fla. Atlantic,FALSE
2019-11-14,Ark.-Pine Bluff,SWAC,Grambling,SWAC,SWAC,3,0,3-0,3,25,20,Ark.-Pine Bluff,Ark.-Pine Bluff,FALSE
2019-11-14,South Fla.,AAC,UConn,AAC,AAC,0,3,3-0,3,20,25,UConn,UConn,FALSE
2019-11-14,FIU,C-USA,Southern Miss.,C-USA,C-USA,3,2,3-2,5,25,19,FIU,FIU,FALSE
2019-11-14,Western Mich.,MAC,Northern Ill.,MAC,MAC,3,0,3-0,3,25,18,Western Mich.,Western Mich.,FALSE
2019-11-14,UCF,AAC,Temple,AAC,AAC,3,0,3-0,3,25,21,UCF,UCF,FALSE
2019-11-14,McNeese,Southland,Abilene Christian,Southland,Southland,0,3,3-0,3,16,25,Abilene Christian,Abilene Christian,FALSE
2019-11-14,Rice,C-USA,UTSA,C-USA,C-USA,3,0,3-0,3,25,16,Rice,Rice,FALSE
2019-11-14,Lamar University,Southland,SFA,Southland,Southland,0,3,3-0,3,10,25,SFA,SFA,FALSE
2019-11-14,Sam Houston St.,Southland,New Orleans,Southland,Southland,3,1,3-1,4,25,14,Sam Houston St.,Sam Houston St.,FALSE
2019-11-14,A&M-Corpus Christi,Southland,Northwestern St.,Southland,Southland,3,0,3-0,3,25,21,A&M-Corpus Christi,A&M-Corpus Christi,FALSE
2019-11-14,Air Force,Mountain West,San Diego St.,Mountain West,Mountain West,1,3,3-1,4,18,25,San Diego St.,San Diego St.,FALSE
2019-11-14,Kansas City,WAC,UTRGV,WAC,WAC,3,0,3-0,3,25,22,Kansas City,Kansas City,FALSE
2019-11-14,Houston Baptist,Southland,Nicholls St.,Southland,Southland,3,0,3-0,3,25,22,Houston Baptist,Houston Baptist,FALSE
2019-11-14,Northern Ariz.,Big Sky,Montana,Big Sky,Big Sky,3,2,3-2,5,20,25,Montana,Northern Ariz.,TRUE
2019-11-14,Boise St.,Mountain West,Wyoming,Mountain West,Mountain West,0,3,3-0,3,26,28,Wyoming,Wyoming,FALSE
2019-11-14,Southern Utah,Big Sky,Montana St.,Big Sky,Big Sky,0,3,3-0,3,21,25,Montana St.,Montana St.,FALSE
2019-11-14,Utah St.,Mountain West,Colorado St.,Mountain West,Mountain West,0,3,3-0,3,15,25,Colorado St.,Colorado St.,FALSE
2019-11-14,San Jose St.,Mountain West,New Mexico,Mountain West,Mountain West,1,3,3-1,4,22,25,New Mexico,New Mexico,FALSE
2019-11-14,San Francisco,WCC,Gonzaga,WCC,WCC,1,3,3-1,4,25,19,San Francisco,Gonzaga,TRUE
2019-11-14,Utah Valley,WAC,Seattle U,WAC,WAC,3,1,3-1,4,17,25,Seattle U,Utah Valley,TRUE
2019-11-14,Nevada,Mountain West,UNLV,Mountain West,Mountain West,1,3,3-1,4,24,26,UNLV,UNLV,FALSE
2019-11-14,Saint Mary's (CA),WCC,Pepperdine,WCC,WCC,0,3,3-0,3,19,25,Pepperdine,Pepperdine,FALSE
2019-11-14,Idaho St.,Big Sky,Portland St.,Big Sky,Big Sky,3,2,3-2,5,25,19,Idaho St.,Idaho St.,FALSE
2019-11-14,Pacific,WCC,LMU (CA),WCC,WCC,0,3,3-0,3,21,25,LMU (CA),LMU (CA),FALSE
2019-11-14,Weber St.,Big Sky,Sacramento St.,Big Sky,Big Sky,3,0,3-0,3,25,7,Weber St.,Weber St.,FALSE
2019-11-14,Santa Clara,WCC,Portland,WCC,WCC,3,0,3-0,3,25,18,Santa Clara,Santa Clara,FALSE
2019-11-15,Delaware,CAA,Northeastern,CAA,CAA,0,3,3-0,3,23,25,Northeastern,Northeastern,FALSE
2019-11-15,Kentucky,SEC,South Carolina,SEC,SEC,3,0,3-0,3,25,19,Kentucky,Kentucky,FALSE
2019-11-15,UNC Greensboro,SoCon,Mercer,SoCon,SoCon,3,1,3-1,4,25,22,UNC Greensboro,UNC Greensboro,FALSE
2019-11-15,Utah St.,Mountain West,Wyoming,Mountain West,Mountain West,0,3,3-0,3,19,25,Wyoming,Wyoming,FALSE
2019-11-15,Utah,Pac-12,Washington St.,Pac-12,Pac-12,3,1,3-1,4,27,25,Utah,Utah,FALSE
2019-11-15,Southern California,Pac-12,Stanford,Pac-12,Pac-12,1,3,3-1,4,12,25,Stanford,Stanford,FALSE
2019-11-15,Chicago St.,WAC,New Mexico St.,WAC,WAC,1,3,3-1,4,25,17,Chicago St.,New Mexico St.,TRUE
2019-11-15,Coppin St.,MEAC,Delaware St.,MEAC,MEAC,2,3,3-2,5,20,25,Delaware St.,Delaware St.,FALSE
2019-11-15,Holy Cross,Patriot,American,Patriot,Patriot,1,3,3-1,4,16,25,American,American,FALSE
2019-11-15,UCLA,Pac-12,California,Pac-12,Pac-12,3,0,3-0,3,25,17,UCLA,UCLA,FALSE
2019-11-15,Arizona,Pac-12,Oregon,Pac-12,Pac-12,3,0,3-0,3,25,20,Arizona,Arizona,FALSE
2019-11-15,Akron,MAC,Kent St.,MAC,MAC,0,3,3-0,3,16,25,Kent St.,Kent St.,FALSE
2019-11-15,Campbell,Big South,UNC Asheville,Big South,Big South,3,2,3-2,5,23,25,UNC Asheville,Campbell,TRUE
2019-11-15,Wright St.,Horizon,Youngstown St.,Horizon,Horizon,3,0,3-0,3,25,17,Wright St.,Wright St.,FALSE
2019-11-15,South Carolina St.,MEAC,Howard,MEAC,MEAC,0,3,3-0,3,13,25,Howard,Howard,FALSE
2019-11-15,Robert Morris,NEC,Fairleigh Dickinson,NEC,NEC,3,0,3-0,3,25,23,Robert Morris,Robert Morris,FALSE
2019-11-15,Samford,SoCon,Western Caro.,SoCon,SoCon,3,0,3-0,3,25,20,Samford,Samford,FALSE
2019-11-15,The Citadel,SoCon,Chattanooga,SoCon,SoCon,2,3,3-2,5,21,25,Chattanooga,Chattanooga,FALSE
2019-11-15,Florida A&M,MEAC,N.C. Central,MEAC,MEAC,3,2,3-2,5,25,16,Florida A&M,Florida A&M,FALSE
2019-11-15,Presbyterian,Big South,Radford,Big South,Big South,0,3,3-0,3,13,25,Radford,Radford,FALSE
2019-11-15,Virginia,ACC,Wake Forest,ACC,ACC,1,3,3-1,4,23,25,Wake Forest,Wake Forest,FALSE
2019-11-15,FGCU,ASUN,NJIT,ASUN,ASUN,3,0,3-0,3,25,17,FGCU,FGCU,FALSE
2019-11-15,NC State,ACC,Miami (FL),ACC,ACC,3,2,3-2,5,25,20,NC State,NC State,FALSE
2019-11-15,Morgan St.,MEAC,UMES,MEAC,MEAC,1,3,3-1,4,26,28,UMES,UMES,FALSE
2019-11-15,IUPUI,Horizon,Oakland,Horizon,Horizon,0,3,3-0,3,17,25,Oakland,Oakland,FALSE
2019-11-15,Saint Francis (PA),NEC,LIU,NEC,NEC,0,3,3-0,3,14,25,LIU,LIU,FALSE
2019-11-15,Northern Ky.,Horizon,Cleveland St.,Horizon,Horizon,3,1,3-1,4,25,22,Northern Ky.,Northern Ky.,FALSE
2019-11-15,Louisiana,Sun Belt,Arkansas St.,Sun Belt,Sun Belt,3,1,3-1,4,26,24,Louisiana,Louisiana,FALSE
2019-11-15,Providence,Big East,Butler,Big East,Big East,0,3,3-0,3,23,25,Butler,Butler,FALSE
2019-11-15,Hampton,Big South,USC Upstate,Big South,Big South,3,1,3-1,4,27,25,Hampton,Hampton,FALSE
2019-11-15,Charleston So.,Big South,High Point,Big South,Big South,1,3,3-1,4,16,25,High Point,High Point,FALSE
2019-11-15,Gardner-Webb,Big South,Winthrop,Big South,Big South,0,3,3-0,3,19,25,Winthrop,Winthrop,FALSE
2019-11-15,Colorado,Pac-12,Washington,Pac-12,Pac-12,0,3,3-0,3,22,25,Washington,Washington,FALSE
2019-11-15,Ga. Southern,Sun Belt,Georgia St.,Sun Belt,Sun Belt,1,3,3-1,4,23,25,Georgia St.,Georgia St.,FALSE
2019-11-15,Troy,Sun Belt,Coastal Carolina,Sun Belt,Sun Belt,1,3,3-1,4,38,36,Troy,Coastal Carolina,TRUE
2019-11-15,South Alabama,Sun Belt,Appalachian St.,Sun Belt,Sun Belt,1,3,3-1,4,25,20,South Alabama,Appalachian St.,TRUE
2019-11-15,New Hampshire,America East,Stony Brook,America East,America East,3,2,3-2,5,20,25,Stony Brook,New Hampshire,TRUE
2019-11-15,UIC,Horizon,Milwaukee,Horizon,Horizon,0,3,3-0,3,9,25,Milwaukee,Milwaukee,FALSE
2019-11-15,Ohio St.,Big Ten,Purdue,Big Ten,Big Ten,1,3,3-1,4,30,28,Ohio St.,Purdue,TRUE
2019-11-15,Illinois St.,MVC,Valparaiso,MVC,MVC,3,2,3-2,5,19,25,Valparaiso,Illinois St.,TRUE
2019-11-15,Bethune-Cookman,MEAC,N.C. A&T,MEAC,MEAC,0,3,3-0,3,16,25,N.C. A&T,N.C. A&T,FALSE
2019-11-15,Cincinnati,AAC,East Carolina,AAC,AAC,3,0,3-0,3,25,21,Cincinnati,Cincinnati,FALSE
2019-11-15,Lipscomb,ASUN,North Florida,ASUN,ASUN,3,1,3-1,4,25,18,Lipscomb,Lipscomb,FALSE
2019-11-15,Albany (NY),America East,Binghamton,America East,America East,3,0,3-0,3,25,23,Albany (NY),Albany (NY),FALSE
2019-11-15,Rhode Island,Atlantic 10,George Mason,Atlantic 10,Atlantic 10,3,2,3-2,5,25,13,Rhode Island,Rhode Island,FALSE
2019-11-15,Seton Hall,Big East,St. John's (NY),Big East,Big East,0,3,3-0,3,18,25,St. John's (NY),St. John's (NY),FALSE
2019-11-15,Southern Ill.,MVC,Indiana St.,MVC,MVC,1,3,3-1,4,25,21,Southern Ill.,Indiana St.,TRUE
2019-11-15,Buffalo,MAC,Ohio,MAC,MAC,0,3,3-0,3,22,25,Ohio,Ohio,FALSE
2019-11-15,Bryant,NEC,Central Conn. St.,NEC,NEC,1,3,3-1,4,26,24,Bryant,Central Conn. St.,TRUE
2019-11-15,Maryland,Big Ten,Indiana,Big Ten,Big Ten,3,2,3-2,5,18,25,Indiana,Maryland,TRUE
2019-11-15,Iona,MAAC,Marist,MAAC,MAAC,1,3,3-1,4,15,25,Marist,Marist,FALSE
2019-11-15,Kennesaw St.,ASUN,Jacksonville,ASUN,ASUN,3,0,3-0,3,25,12,Kennesaw St.,Kennesaw St.,FALSE
2019-11-15,Davidson,Atlantic 10,Dayton,Atlantic 10,Atlantic 10,0,3,3-0,3,18,25,Dayton,Dayton,FALSE
2019-11-15,Elon,CAA,Towson,CAA,CAA,0,3,3-0,3,20,25,Towson,Towson,FALSE
2019-11-15,Syracuse,ACC,Louisville,ACC,ACC,0,3,3-0,3,19,25,Louisville,Louisville,FALSE
2019-11-15,Southeast Mo. St.,OVC,SIUE,OVC,OVC,0,3,3-0,3,19,25,SIUE,SIUE,FALSE
2019-11-15,Eastern Mich.,MAC,Ball St.,MAC,MAC,1,3,3-1,4,25,23,Eastern Mich.,Ball St.,TRUE
2019-11-15,UT Martin,OVC,Eastern Ill.,OVC,OVC,3,0,3-0,3,25,23,UT Martin,UT Martin,FALSE
2019-11-15,Fordham,Atlantic 10,George Washington,Atlantic 10,Atlantic 10,3,2,3-2,5,19,25,George Washington,Fordham,TRUE
2019-11-15,Bradley,MVC,Loyola Chicago,MVC,MVC,2,3,3-2,5,25,20,Bradley,Loyola Chicago,TRUE
2019-11-15,Columbia,Ivy League,Dartmouth,Ivy League,Ivy League,2,3,3-2,5,25,21,Columbia,Dartmouth,TRUE
2019-11-15,South Dakota St.,Summit League,Purdue Fort Wayne,Summit League,Summit League,0,3,3-0,3,22,25,Purdue Fort Wayne,Purdue Fort Wayne,FALSE
2019-11-15,Virginia Tech,ACC,Clemson,ACC,ACC,3,2,3-2,5,21,25,Clemson,Virginia Tech,TRUE
2019-11-15,Cornell,Ivy League,Harvard,Ivy League,Ivy League,3,0,3-0,3,25,23,Cornell,Cornell,FALSE
2019-11-15,UNI,MVC,Drake,MVC,MVC,3,0,3-0,3,25,18,UNI,UNI,FALSE
2019-11-15,Missouri St.,MVC,Evansville,MVC,MVC,1,3,3-1,4,22,25,Evansville,Evansville,FALSE
2019-11-15,James Madison,CAA,Hofstra,CAA,CAA,3,0,3-0,3,25,17,James Madison,James Madison,FALSE
2019-11-15,Colgate,Patriot,Navy,Patriot,Patriot,3,0,3-0,3,25,20,Colgate,Colgate,FALSE
2019-11-15,Central Mich.,MAC,Toledo,MAC,MAC,3,2,3-2,5,23,25,Toledo,Central Mich.,TRUE
2019-11-15,LSU,SEC,Florida,SEC,SEC,0,3,3-0,3,20,25,Florida,Florida,FALSE
2019-11-15,Princeton,Ivy League,Brown,Ivy League,Ivy League,3,0,3-0,3,25,17,Princeton,Princeton,FALSE
2019-11-15,La.-Monroe,Sun Belt,Little Rock,Sun Belt,Sun Belt,3,2,3-2,5,22,25,Little Rock,La.-Monroe,TRUE
2019-11-15,Oklahoma,Big 12,Iowa St.,Big 12,Big 12,1,3,3-1,4,23,25,Iowa St.,Iowa St.,FALSE
2019-11-15,UT Arlington,Sun Belt,Texas St.,Sun Belt,Sun Belt,0,3,3-0,3,19,25,Texas St.,Texas St.,FALSE
2019-11-15,Georgia,SEC,Ole Miss,SEC,SEC,3,0,3-0,3,25,18,Georgia,Georgia,FALSE
2019-11-15,Alabama,SEC,Missouri,SEC,SEC,0,3,3-0,3,16,25,Missouri,Missouri,FALSE
2019-11-15,Tennessee St.,OVC,Tennessee Tech,OVC,OVC,0,3,3-0,3,13,25,Tennessee Tech,Tennessee Tech,FALSE
2019-11-15,Georgetown,Big East,Marquette,Big East,Big East,1,3,3-1,4,11,25,Marquette,Marquette,FALSE
2019-11-15,Houston,AAC,Memphis,AAC,AAC,3,1,3-1,4,25,20,Houston,Houston,FALSE
2019-11-15,Alabama A&M,SWAC,Alabama St.,SWAC,SWAC,3,2,3-2,5,25,19,Alabama A&M,Alabama A&M,FALSE
2019-11-15,Villanova,Big East,DePaul,Big East,Big East,2,3,3-2,5,25,21,Villanova,DePaul,TRUE
2019-11-15,South Dakota,Summit League,Western Ill.,Summit League,Summit League,3,1,3-1,4,25,18,South Dakota,South Dakota,FALSE
2019-11-15,Tulane,AAC,SMU,AAC,AAC,3,2,3-2,5,20,25,SMU,Tulane,TRUE
2019-11-15,Rutgers,Big Ten,Northwestern,Big Ten,Big Ten,0,3,3-0,3,14,25,Northwestern,Northwestern,FALSE
2019-11-15,Belmont,OVC,Jacksonville St.,OVC,OVC,0,3,3-0,3,18,25,Jacksonville St.,Jacksonville St.,FALSE
2019-11-15,Tulsa,AAC,Wichita St.,AAC,AAC,1,3,3-1,4,23,25,Wichita St.,Wichita St.,FALSE
2019-11-15,Oral Roberts,Summit League,North Dakota,Summit League,Summit League,3,1,3-1,4,25,16,Oral Roberts,Oral Roberts,FALSE
2019-11-15,Penn St.,Big Ten,Illinois,Big Ten,Big Ten,3,0,3-0,3,25,15,Penn St.,Penn St.,FALSE
2019-11-15,VCU,Atlantic 10,Saint Louis,Atlantic 10,Atlantic 10,3,2,3-2,5,17,25,Saint Louis,VCU,TRUE
2019-11-15,Northern Colo.,Big Sky,Idaho,Big Sky,Big Sky,3,0,3-0,3,25,22,Northern Colo.,Northern Colo.,FALSE
2019-11-15,Omaha,Summit League,Denver,Summit League,Summit League,0,3,3-0,3,26,28,Denver,Denver,FALSE
2019-11-15,BYU,WCC,San Diego,WCC,WCC,2,3,3-2,5,25,18,BYU,San Diego,TRUE
2019-11-15,Arizona St.,Pac-12,Oregon St.,Pac-12,Pac-12,3,2,3-2,5,21,25,Oregon St.,Arizona St.,TRUE
2019-11-15,UC Riverside,Big West,UC Irvine,Big West,Big West,1,3,3-1,4,26,24,UC Riverside,UC Irvine,TRUE
2019-11-15,UC Davis,Big West,Cal St. Fullerton,Big West,Big West,3,0,3-0,3,25,18,UC Davis,UC Davis,FALSE
2019-11-15,UC Santa Barbara,Big West,Long Beach St.,Big West,Big West,0,3,3-0,3,22,25,Long Beach St.,Long Beach St.,FALSE
2019-11-15,Cal Poly,Big West,CSUN,Big West,Big West,3,0,3-0,3,25,10,Cal Poly,Cal Poly,FALSE
2019-11-16,Boise St.,Mountain West,Colorado St.,Mountain West,Mountain West,0,3,3-0,3,21,25,Colorado St.,Colorado St.,FALSE
2019-11-16,FIU,C-USA,Middle Tenn.,C-USA,C-USA,2,3,3-2,5,20,25,Middle Tenn.,Middle Tenn.,FALSE
2019-11-16,UCF,AAC,UConn,AAC,AAC,3,1,3-1,4,25,19,UCF,UCF,FALSE
2019-11-16,South Fla.,AAC,Temple,AAC,AAC,2,3,3-2,5,25,18,South Fla.,Temple,TRUE
2019-11-16,UTSA,C-USA,North Texas,C-USA,C-USA,2,3,3-2,5,20,25,North Texas,North Texas,FALSE
2019-11-16,UAB,C-USA,Western Ky.,C-USA,C-USA,0,3,3-0,3,19,25,Western Ky.,Western Ky.,FALSE
2019-11-16,Creighton,Big East,Xavier,Big East,Big East,3,0,3-0,3,25,21,Creighton,Creighton,FALSE
2019-11-16,Pittsburgh,ACC,Duke,ACC,ACC,3,0,3-0,3,25,16,Pittsburgh,Pittsburgh,FALSE
2019-11-16,UIW,Southland,Northwestern St.,Southland,Southland,1,3,3-1,4,22,25,Northwestern St.,Northwestern St.,FALSE
2019-11-16,Quinnipiac,MAAC,Niagara,MAAC,MAAC,2,3,3-2,5,25,22,Quinnipiac,Niagara,TRUE
2019-11-16,Houston Baptist,Southland,New Orleans,Southland,Southland,1,3,3-1,4,23,25,New Orleans,New Orleans,FALSE
2019-11-16,Texas Tech,Big 12,West Virginia,Big 12,Big 12,3,2,3-2,5,16,25,West Virginia,Texas Tech,TRUE
2019-11-16,Iona,MAAC,Siena,MAAC,MAAC,1,3,3-1,4,24,26,Siena,Siena,FALSE
2019-11-16,Fairfield,MAAC,Canisius,MAAC,MAAC,2,3,3-2,5,28,26,Fairfield,Canisius,TRUE
2019-11-16,Fla. Atlantic,C-USA,Charlotte,C-USA,C-USA,3,2,3-2,5,25,20,Fla. Atlantic,Fla. Atlantic,FALSE
2019-11-16,A&M-Corpus Christi,Southland,Central Ark.,Southland,Southland,1,3,3-1,4,22,25,Central Ark.,Central Ark.,FALSE
2019-11-16,Army West Point,Patriot,Loyola Maryland,Patriot,Patriot,3,1,3-1,4,25,20,Army West Point,Army West Point,FALSE
2019-11-16,Presbyterian,Big South,High Point,Big South,Big South,3,0,3-0,3,26,24,Presbyterian,Presbyterian,FALSE
2019-11-16,Sam Houston St.,Southland,Southeastern La.,Southland,Southland,3,2,3-2,5,25,19,Sam Houston St.,Sam Houston St.,FALSE
2019-11-16,Louisiana Tech,C-USA,Southern Miss.,C-USA,C-USA,1,3,3-1,4,25,16,Louisiana Tech,Southern Miss.,TRUE
2019-11-16,Kansas St.,Big 12,Kansas,Big 12,Big 12,1,3,3-1,4,18,25,Kansas,Kansas,FALSE
2019-11-16,Lamar University,Southland,Abilene Christian,Southland,Southland,2,3,3-2,5,25,17,Lamar University,Abilene Christian,TRUE
2019-11-16,CSU Bakersfield,WAC,Grand Canyon,WAC,WAC,1,3,3-1,4,23,25,Grand Canyon,Grand Canyon,FALSE
2019-11-16,Hampton,Big South,UNC Asheville,Big South,Big South,0,3,3-0,3,11,25,UNC Asheville,UNC Asheville,FALSE
2019-11-16,McNeese,Southland,SFA,Southland,Southland,0,3,3-0,3,17,25,SFA,SFA,FALSE
2019-11-16,Lafayette,Patriot,American,Patriot,Patriot,0,3,3-0,3,12,25,American,American,FALSE
2019-11-16,Campbell,Big South,USC Upstate,Big South,Big South,3,0,3-0,3,25,19,Campbell,Campbell,FALSE
2019-11-16,Furman,SoCon,Mercer,SoCon,SoCon,2,3,3-2,5,16,25,Mercer,Mercer,FALSE
2019-11-16,Eastern Ky.,OVC,Austin Peay,OVC,OVC,0,3,3-0,3,14,25,Austin Peay,Austin Peay,FALSE
2019-11-16,San Francisco,WCC,Portland,WCC,WCC,3,1,3-1,4,25,17,San Francisco,San Francisco,FALSE
2019-11-16,Kansas City,WAC,New Mexico St.,WAC,WAC,1,3,3-1,4,21,25,New Mexico St.,New Mexico St.,FALSE
2019-11-16,Nevada,Mountain West,New Mexico,Mountain West,Mountain West,0,3,3-0,3,19,25,New Mexico,New Mexico,FALSE
2019-11-16,Tennessee St.,OVC,Jacksonville St.,OVC,OVC,1,3,3-1,4,20,25,Jacksonville St.,Jacksonville St.,FALSE
2019-11-16,Pacific,WCC,Pepperdine,WCC,WCC,1,3,3-1,4,15,25,Pepperdine,Pepperdine,FALSE
2019-11-16,Rice,C-USA,UTEP,C-USA,C-USA,3,0,3-0,3,25,16,Rice,Rice,FALSE
2019-11-16,Robert Morris,NEC,LIU,NEC,NEC,1,3,3-1,4,15,25,LIU,LIU,FALSE
2019-11-16,Belmont,OVC,Tennessee Tech,OVC,OVC,1,3,3-1,4,19,25,Tennessee Tech,Tennessee Tech,FALSE
2019-11-16,UT Martin,OVC,SIUE,OVC,OVC,3,0,3-0,3,25,21,UT Martin,UT Martin,FALSE
2019-11-16,Saint Mary's (CA),WCC,LMU (CA),WCC,WCC,1,3,3-1,4,25,21,Saint Mary's (CA),LMU (CA),TRUE
2019-11-16,IUPUI,Horizon,Cleveland St.,Horizon,Horizon,2,3,3-2,5,25,18,IUPUI,Cleveland St.,TRUE
2019-11-16,Wright St.,Horizon,Oakland,Horizon,Horizon,3,1,3-1,4,23,25,Oakland,Wright St.,TRUE
2019-11-16,Air Force,Mountain West,Fresno St.,Mountain West,Mountain West,0,3,3-0,3,23,25,Fresno St.,Fresno St.,FALSE
2019-11-16,Northern Ky.,Horizon,Youngstown St.,Horizon,Horizon,3,2,3-2,5,25,13,Northern Ky.,Northern Ky.,FALSE
2019-11-16,Santa Clara,WCC,Gonzaga,WCC,WCC,3,1,3-1,4,21,25,Gonzaga,Santa Clara,TRUE
2019-11-16,Charleston So.,Big South,Radford,Big South,Big South,3,2,3-2,5,25,23,Charleston So.,Charleston So.,FALSE
2019-11-16,La Salle,Atlantic 10,Duquesne,Atlantic 10,Atlantic 10,3,0,3-0,3,25,20,La Salle,La Salle,FALSE
2019-11-16,Colgate,Patriot,Bucknell,Patriot,Patriot,3,1,3-1,4,25,14,Colgate,Colgate,FALSE
2019-11-16,Saint Francis (PA),NEC,Fairleigh Dickinson,NEC,NEC,0,3,3-0,3,17,25,Fairleigh Dickinson,Fairleigh Dickinson,FALSE
2019-11-16,Fordham,Atlantic 10,George Mason,Atlantic 10,Atlantic 10,3,2,3-2,5,22,25,George Mason,Fordham,TRUE
2019-11-16,Columbia,Ivy League,Harvard,Ivy League,Ivy League,3,2,3-2,5,27,25,Columbia,Columbia,FALSE
2019-11-16,Saint Peter's,MAAC,Rider,MAAC,MAAC,0,3,3-0,3,15,25,Rider,Rider,FALSE
2019-11-16,Buffalo,MAC,Kent St.,MAC,MAC,3,2,3-2,5,25,22,Buffalo,Buffalo,FALSE
2019-11-16,Western Mich.,MAC,Miami (OH),MAC,MAC,0,3,3-0,3,18,25,Miami (OH),Miami (OH),FALSE
2019-11-16,Rhode Island,Atlantic 10,George Washington,Atlantic 10,Atlantic 10,0,3,3-0,3,20,25,George Washington,George Washington,FALSE
2019-11-16,Green Bay,Horizon,Milwaukee,Horizon,Horizon,2,3,3-2,5,25,22,Green Bay,Milwaukee,TRUE
2019-11-16,Princeton,Ivy League,Yale,Ivy League,Ivy League,2,3,3-2,5,25,16,Princeton,Yale,TRUE
2019-11-16,Akron,MAC,Ohio,MAC,MAC,1,3,3-1,4,25,21,Akron,Ohio,TRUE
2019-11-16,Bryant,NEC,Sacred Heart,NEC,NEC,1,3,3-1,4,26,24,Bryant,Sacred Heart,TRUE
2019-11-16,Missouri St.,MVC,Indiana St.,MVC,MVC,1,3,3-1,4,25,18,Missouri St.,Indiana St.,TRUE
2019-11-16,Northern Ill.,MAC,Bowling Green,MAC,MAC,2,3,3-2,5,22,25,Bowling Green,Bowling Green,FALSE
2019-11-16,Cornell,Ivy League,Dartmouth,Ivy League,Ivy League,1,3,3-1,4,18,25,Dartmouth,Dartmouth,FALSE
2019-11-16,Illinois St.,MVC,Loyola Chicago,MVC,MVC,3,1,3-1,4,25,16,Illinois St.,Illinois St.,FALSE
2019-11-16,Lipscomb,ASUN,Jacksonville,ASUN,ASUN,3,1,3-1,4,25,9,Lipscomb,Lipscomb,FALSE
2019-11-16,Wofford,SoCon,Chattanooga,SoCon,SoCon,0,3,3-0,3,16,25,Chattanooga,Chattanooga,FALSE
2019-11-16,Bradley,MVC,Valparaiso,MVC,MVC,0,3,3-0,3,15,25,Valparaiso,Valparaiso,FALSE
2019-11-16,Southern Ill.,MVC,Evansville,MVC,MVC,3,2,3-2,5,25,23,Southern Ill.,Southern Ill.,FALSE
2019-11-16,Manhattan,MAAC,Marist,MAAC,MAAC,0,3,3-0,3,14,25,Marist,Marist,FALSE
2019-11-16,Northern Colo.,Big Sky,Eastern Wash.,Big Sky,Big Sky,3,0,3-0,3,25,21,Northern Colo.,Northern Colo.,FALSE
2019-11-16,Southeast Mo. St.,OVC,Eastern Ill.,OVC,OVC,3,0,3-0,3,25,12,Southeast Mo. St.,Southeast Mo. St.,FALSE
2019-11-16,Central Mich.,MAC,Ball St.,MAC,MAC,1,3,3-1,4,24,26,Ball St.,Ball St.,FALSE
2019-11-16,Maryland,Big Ten,Purdue,Big Ten,Big Ten,0,3,3-0,3,17,25,Purdue,Purdue,FALSE
2019-11-16,Villanova,Big East,Marquette,Big East,Big East,1,3,3-1,4,25,23,Villanova,Marquette,TRUE
2019-11-16,Georgetown,Big East,DePaul,Big East,Big East,1,3,3-1,4,21,25,DePaul,DePaul,FALSE
2019-11-16,UC Riverside,Big West,Cal St. Fullerton,Big West,Big West,0,3,3-0,3,25,27,Cal St. Fullerton,Cal St. Fullerton,FALSE
2019-11-16,Eastern Mich.,MAC,Toledo,MAC,MAC,3,0,3-0,3,25,17,Eastern Mich.,Eastern Mich.,FALSE
2019-11-16,Ohio St.,Big Ten,Indiana,Big Ten,Big Ten,3,1,3-1,4,25,21,Ohio St.,Ohio St.,FALSE
2019-11-16,Louisiana,Sun Belt,Little Rock,Sun Belt,Sun Belt,3,0,3-0,3,25,22,Louisiana,Louisiana,FALSE
2019-11-16,Samford,SoCon,ETSU,SoCon,SoCon,3,1,3-1,4,25,20,Samford,Samford,FALSE
2019-11-16,Chicago St.,WAC,UTRGV,WAC,WAC,0,3,3-0,3,17,25,UTRGV,UTRGV,FALSE
2019-11-16,Morehead St.,OVC,Murray St.,OVC,OVC,0,3,3-0,3,24,26,Murray St.,Murray St.,FALSE
2019-11-16,La.-Monroe,Sun Belt,Arkansas St.,Sun Belt,Sun Belt,0,3,3-0,3,17,25,Arkansas St.,Arkansas St.,FALSE
2019-11-16,Michigan St.,Big Ten,Wisconsin,Big Ten,Big Ten,0,3,3-0,3,23,25,Wisconsin,Wisconsin,FALSE
2019-11-16,Michigan,Big Ten,Minnesota,Big Ten,Big Ten,0,3,3-0,3,21,25,Minnesota,Minnesota,FALSE
2019-11-16,TCU,Big 12,Texas,Big 12,Big 12,0,3,3-0,3,19,25,Texas,Texas,FALSE
2019-11-16,Iowa,Big Ten,Nebraska,Big Ten,Big Ten,2,3,3-2,5,20,25,Nebraska,Nebraska,FALSE
2019-11-16,Rutgers,Big Ten,Illinois,Big Ten,Big Ten,0,3,3-0,3,11,25,Illinois,Illinois,FALSE
2019-11-16,Southern Utah,Big Sky,Montana,Big Sky,Big Sky,1,3,3-1,4,25,22,Southern Utah,Montana,TRUE
2019-11-16,Northern Ariz.,Big Sky,Montana St.,Big Sky,Big Sky,3,2,3-2,5,25,21,Northern Ariz.,Northern Ariz.,FALSE
2019-11-16,Cal Poly,Big West,Long Beach St.,Big West,Big West,1,3,3-1,4,18,25,Long Beach St.,Long Beach St.,FALSE
2019-11-16,UC Davis,Big West,UC Irvine,Big West,Big West,3,1,3-1,4,25,23,UC Davis,UC Davis,FALSE
2019-11-16,UC Santa Barbara,Big West,CSUN,Big West,Big West,3,0,3-0,3,25,18,UC Santa Barbara,UC Santa Barbara,FALSE
2019-11-16,Weber St.,Big Sky,Portland St.,Big Sky,Big Sky,3,0,3-0,3,25,19,Weber St.,Weber St.,FALSE
2019-11-16,Idaho St.,Big Sky,Sacramento St.,Big Sky,Big Sky,0,3,3-0,3,23,25,Sacramento St.,Sacramento St.,FALSE
2019-11-16,San Jose St.,Mountain West,UNLV,Mountain West,Mountain West,0,3,3-0,3,24,26,UNLV,UNLV,FALSE
2019-11-17,Wichita St.,AAC,East Carolina,AAC,AAC,3,0,3-0,3,25,17,Wichita St.,Wichita St.,FALSE
2019-11-17,James Madison,CAA,Northeastern,CAA,CAA,3,1,3-1,4,28,26,James Madison,James Madison,FALSE
2019-11-17,South Alabama,Sun Belt,Coastal Carolina,Sun Belt,Sun Belt,1,3,3-1,4,19,25,Coastal Carolina,Coastal Carolina,FALSE
2019-11-17,Troy,Sun Belt,Appalachian St.,Sun Belt,Sun Belt,2,3,3-2,5,22,25,Appalachian St.,Appalachian St.,FALSE
2019-11-17,William & Mary,CAA,Towson,CAA,CAA,1,3,3-1,4,25,22,William & Mary,Towson,TRUE
2019-11-17,Morgan St.,MEAC,Delaware St.,MEAC,MEAC,3,0,3-0,3,26,24,Morgan St.,Morgan St.,FALSE
2019-11-17,South Carolina St.,MEAC,Norfolk St.,MEAC,MEAC,0,3,3-0,3,18,25,Norfolk St.,Norfolk St.,FALSE
2019-11-17,Col. of Charleston,CAA,UNCW,CAA,CAA,3,1,3-1,4,22,25,UNCW,Col. of Charleston,TRUE
2019-11-17,UMBC,America East,Binghamton,America East,America East,3,0,3-0,3,25,13,UMBC,UMBC,FALSE
2019-11-17,Kennesaw St.,ASUN,Liberty,ASUN,ASUN,3,1,3-1,4,38,36,Kennesaw St.,Kennesaw St.,FALSE
2019-11-17,New Hampshire,America East,Hartford,America East,America East,1,3,3-1,4,17,25,Hartford,Hartford,FALSE
2019-11-17,Florida A&M,MEAC,N.C. A&T,MEAC,MEAC,0,3,3-0,3,11,25,N.C. A&T,N.C. A&T,FALSE
2019-11-17,North Carolina,ACC,Florida St.,ACC,ACC,3,2,3-2,5,25,23,North Carolina,North Carolina,FALSE
2019-11-17,Providence,Big East,Xavier,Big East,Big East,1,3,3-1,4,20,25,Xavier,Xavier,FALSE
2019-11-17,Virginia,ACC,Clemson,ACC,ACC,0,3,3-0,3,18,25,Clemson,Clemson,FALSE
2019-11-17,South Dakota,Summit League,Purdue Fort Wayne,Summit League,Summit League,3,0,3-0,3,25,23,South Dakota,South Dakota,FALSE
2019-11-17,Bethune-Cookman,MEAC,N.C. Central,MEAC,MEAC,2,3,3-2,5,25,22,Bethune-Cookman,N.C. Central,TRUE
2019-11-17,Creighton,Big East,Butler,Big East,Big East,3,0,3-0,3,25,21,Creighton,Creighton,FALSE
2019-11-17,Delaware,CAA,Hofstra,CAA,CAA,3,2,3-2,5,21,25,Hofstra,Delaware,TRUE
2019-11-17,Davidson,Atlantic 10,Saint Louis,Atlantic 10,Atlantic 10,2,3,3-2,5,25,23,Davidson,Saint Louis,TRUE
2019-11-17,Boston College,ACC,Wake Forest,ACC,ACC,3,2,3-2,5,18,25,Wake Forest,Boston College,TRUE
2019-11-17,Syracuse,ACC,Notre Dame,ACC,ACC,1,3,3-1,4,17,25,Notre Dame,Notre Dame,FALSE
2019-11-17,Lehigh,Patriot,Holy Cross,Patriot,Patriot,3,1,3-1,4,25,18,Lehigh,Lehigh,FALSE
2019-11-17,VCU,Atlantic 10,Dayton,Atlantic 10,Atlantic 10,3,2,3-2,5,21,25,Dayton,VCU,TRUE
2019-11-17,Fairfield,MAAC,Niagara,MAAC,MAAC,3,0,3-0,3,25,23,Fairfield,Fairfield,FALSE
2019-11-17,Alabama,SEC,Arkansas,SEC,SEC,2,3,3-2,5,22,25,Arkansas,Arkansas,FALSE
2019-11-17,Quinnipiac,MAAC,Canisius,MAAC,MAAC,0,3,3-0,3,20,25,Canisius,Canisius,FALSE
2019-11-17,St. John's (NY),Big East,Seton Hall,Big East,Big East,3,0,3-0,3,25,16,St. John's (NY),St. John's (NY),FALSE
2019-11-17,NC State,ACC,Georgia Tech,ACC,ACC,0,3,3-0,3,18,25,Georgia Tech,Georgia Tech,FALSE
2019-11-17,Denver,Summit League,Western Ill.,Summit League,Summit League,3,0,3-0,3,25,15,Denver,Denver,FALSE
2019-11-17,Tulsa,AAC,Cincinnati,AAC,AAC,0,3,3-0,3,19,25,Cincinnati,Cincinnati,FALSE
2019-11-17,Oral Roberts,Summit League,North Dakota St.,Summit League,Summit League,1,3,3-1,4,21,25,North Dakota St.,North Dakota St.,FALSE
2019-11-17,South Carolina,SEC,Missouri,SEC,SEC,0,3,3-0,3,21,25,Missouri,Missouri,FALSE
2019-11-17,Penn St.,Big Ten,Northwestern,Big Ten,Big Ten,3,0,3-0,3,25,15,Penn St.,Penn St.,FALSE
2019-11-17,Manhattan,MAAC,Siena,MAAC,MAAC,3,2,3-2,5,15,25,Siena,Manhattan,TRUE
2019-11-17,Houston,AAC,SMU,AAC,AAC,0,3,3-0,3,16,25,SMU,SMU,FALSE
2019-11-17,Georgia,SEC,Mississippi St.,SEC,SEC,3,0,3-0,3,25,16,Georgia,Georgia,FALSE
2019-11-17,Omaha,Summit League,South Dakota St.,Summit League,Summit League,3,1,3-1,4,25,20,Omaha,Omaha,FALSE
2019-11-17,LSU,SEC,Auburn,SEC,SEC,3,0,3-0,3,25,21,LSU,LSU,FALSE
2019-11-17,Coppin St.,MEAC,UMES,MEAC,MEAC,3,0,3-0,3,25,23,Coppin St.,Coppin St.,FALSE
2019-11-17,UCLA,Pac-12,Stanford,Pac-12,Pac-12,0,3,3-0,3,18,25,Stanford,Stanford,FALSE
2019-11-17,Kentucky,SEC,Florida,SEC,SEC,3,2,3-2,5,25,21,Kentucky,Kentucky,FALSE
2019-11-17,Tulane,AAC,Memphis,AAC,AAC,0,3,3-0,3,17,25,Memphis,Memphis,FALSE
2019-11-17,Colorado,Pac-12,Washington St.,Pac-12,Pac-12,2,3,3-2,5,23,25,Washington St.,Washington St.,FALSE
2019-11-17,Stetson,ASUN,NJIT,ASUN,ASUN,3,0,3-0,3,25,23,Stetson,Stetson,FALSE
2019-11-17,Utah,Pac-12,Washington,Pac-12,Pac-12,2,3,3-2,5,18,25,Washington,Washington,FALSE
2019-11-17,Arizona St.,Pac-12,Oregon,Pac-12,Pac-12,3,2,3-2,5,25,19,Arizona St.,Arizona St.,FALSE
2019-11-17,Southern California,Pac-12,California,Pac-12,Pac-12,3,1,3-1,4,25,16,Southern California,Southern California,FALSE
2019-11-17,Arizona,Pac-12,Oregon St.,Pac-12,Pac-12,3,2,3-2,5,25,20,Arizona,Arizona,FALSE
2019-11-17,Lafayette,Patriot,Navy,Patriot,Patriot,2,3,3-2,5,15,25,Navy,Navy,FALSE
2019-11-19,Chattanooga,SoCon,The Citadel,SoCon,SoCon,0,3,3-0,3,23,25,The Citadel,The Citadel,FALSE
2019-11-19,Lehigh,Patriot,Navy,Patriot,Patriot,0,3,3-0,3,20,25,Navy,Navy,FALSE
2019-11-19,Loyola Maryland,Patriot,Army West Point,Patriot,Patriot,1,3,3-1,4,23,25,Army West Point,Army West Point,FALSE
2019-11-19,UNLV,Mountain West,New Mexico,Mountain West,Mountain West,3,1,3-1,4,12,25,New Mexico,UNLV,TRUE
2019-11-19,Sacramento St.,Big Sky,Portland St.,Big Sky,Big Sky,2,3,3-2,5,19,25,Portland St.,Portland St.,FALSE
2019-11-20,Iowa St.,Big 12,Texas Tech,Big 12,Big 12,1,3,3-1,4,26,24,Iowa St.,Texas Tech,TRUE
2019-11-20,Michigan,Big Ten,Michigan St.,Big Ten,Big Ten,3,2,3-2,5,25,19,Michigan,Michigan,FALSE
2019-11-20,Penn St.,Big Ten,Indiana,Big Ten,Big Ten,3,0,3-0,3,25,16,Penn St.,Penn St.,FALSE
2019-11-20,Missouri,SEC,Kentucky,SEC,SEC,0,3,3-0,3,18,25,Kentucky,Kentucky,FALSE
2019-11-20,Rutgers,Big Ten,Purdue,Big Ten,Big Ten,0,3,3-0,3,14,25,Purdue,Purdue,FALSE
2019-11-20,Oklahoma,Big 12,Kansas St.,Big 12,Big 12,3,0,3-0,3,25,20,Oklahoma,Oklahoma,FALSE
2019-11-20,Texas,Big 12,Baylor,Big 12,Big 12,2,3,3-2,5,23,25,Baylor,Baylor,FALSE
2019-11-20,Florida,SEC,Auburn,SEC,SEC,3,0,3-0,3,25,17,Florida,Florida,FALSE
2019-11-21,UT Martin,OVC,Murray St.,OVC,OVC,0,3,3-0,3,22,25,Murray St.,Murray St.,FALSE
2019-11-21,Tennessee Tech,OVC,Southeast Mo. St.,OVC,OVC,1,3,3-1,4,11,25,Southeast Mo. St.,Southeast Mo. St.,FALSE
2019-11-21,Austin Peay,OVC,Morehead St.,OVC,OVC,1,3,3-1,4,25,20,Austin Peay,Morehead St.,TRUE
2019-11-21,Kent St.,MAC,Ohio,MAC,MAC,2,3,3-2,5,14,25,Ohio,Ohio,FALSE
2019-11-21,Stetson,ASUN,Lipscomb,ASUN,ASUN,1,3,3-1,4,25,18,Stetson,Lipscomb,TRUE
2019-11-21,Seattle U,WAC,Kansas City,WAC,WAC,1,3,3-1,4,20,25,Kansas City,Kansas City,FALSE
2019-11-21,Arkansas St.,Sun Belt,Louisiana,Sun Belt,Sun Belt,3,2,3-2,5,20,25,Louisiana,Arkansas St.,TRUE
2019-11-21,Duke,ACC,North Carolina,ACC,ACC,0,3,3-0,3,24,26,North Carolina,North Carolina,FALSE
2019-11-21,SIUE,OVC,Jacksonville St.,OVC,OVC,0,3,3-0,3,30,32,Jacksonville St.,Jacksonville St.,FALSE
2019-11-21,Buffalo,MAC,Akron,MAC,MAC,3,0,3-0,3,25,15,Buffalo,Buffalo,FALSE
2019-11-21,North Florida,ASUN,Liberty,ASUN,ASUN,1,3,3-1,4,25,22,North Florida,Liberty,TRUE
2019-11-21,UTRGV,WAC,Utah Valley,WAC,WAC,0,3,3-0,3,17,25,Utah Valley,Utah Valley,FALSE
2019-11-21,Eastern Wash.,Big Sky,Northern Ariz.,Big Sky,Big Sky,0,3,3-0,3,19,25,Northern Ariz.,Northern Ariz.,FALSE
2019-11-21,New Mexico,Mountain West,Air Force,Mountain West,Mountain West,3,0,3-0,3,25,14,New Mexico,New Mexico,FALSE
2019-11-21,UT Arlington,Sun Belt,Appalachian St.,Sun Belt,Sun Belt,3,1,3-1,4,25,23,UT Arlington,UT Arlington,FALSE
2019-11-21,Idaho,Big Sky,Southern Utah,Big Sky,Big Sky,0,3,3-0,3,26,28,Southern Utah,Southern Utah,FALSE
2019-11-21,Washington St.,Pac-12,Arizona St.,Pac-12,Pac-12,1,3,3-1,4,23,25,Arizona St.,Arizona St.,FALSE
2019-11-21,Portland St.,Big Sky,Northern Colo.,Big Sky,Big Sky,0,3,3-0,3,19,25,Northern Colo.,Northern Colo.,FALSE
2019-11-21,Montana St.,Big Sky,Idaho St.,Big Sky,Big Sky,3,0,3-0,3,25,18,Montana St.,Montana St.,FALSE
2019-11-21,San Diego St.,Mountain West,Utah St.,Mountain West,Mountain West,3,1,3-1,4,25,18,San Diego St.,San Diego St.,FALSE
2019-11-21,Portland,WCC,BYU,WCC,WCC,0,3,3-0,3,15,25,BYU,BYU,FALSE
2019-11-21,Wyoming,Mountain West,Nevada,Mountain West,Mountain West,3,2,3-2,5,19,25,Nevada,Wyoming,TRUE
2019-11-21,Colorado St.,Mountain West,San Jose St.,Mountain West,Mountain West,3,2,3-2,5,18,25,San Jose St.,Colorado St.,TRUE
2019-11-21,Fresno St.,Mountain West,Boise St.,Mountain West,Mountain West,0,3,3-0,3,17,25,Boise St.,Boise St.,FALSE
2019-11-21,Montana,Big Sky,Weber St.,Big Sky,Big Sky,1,3,3-1,4,19,25,Weber St.,Weber St.,FALSE
2019-11-21,Gonzaga,WCC,San Diego,WCC,WCC,0,3,3-0,3,16,25,San Diego,San Diego,FALSE
2019-11-21,LMU (CA),WCC,San Francisco,WCC,WCC,1,3,3-1,4,18,25,San Francisco,San Francisco,FALSE
2019-11-21,Pepperdine,WCC,Santa Clara,WCC,WCC,3,0,3-0,3,25,20,Pepperdine,Pepperdine,FALSE
2019-11-21,Oregon St.,Pac-12,Southern California,Pac-12,Pac-12,2,3,3-2,5,14,25,Southern California,Southern California,FALSE
2019-11-22,CSUN,Big West,Hawaii,Big West,Big West,0,3,3-0,3,18,25,Hawaii,Hawaii,FALSE
2019-11-22,UMES,MEAC,N.C. A&T,MEAC,MEAC,1,3,3-1,4,21,25,N.C. A&T,N.C. A&T,FALSE
2019-11-22,Yale,Ivy League,Princeton,Ivy League,Ivy League,1,3,3-1,4,25,23,Yale,Princeton,TRUE
2019-11-22,Florida St.,ACC,Pittsburgh,ACC,ACC,1,3,3-1,4,19,25,Pittsburgh,Pittsburgh,FALSE
2019-11-22,Iowa,Big Ten,Wisconsin,Big Ten,Big Ten,0,3,3-0,3,18,25,Wisconsin,Wisconsin,FALSE
2019-11-22,Marquette,Big East,Creighton,Big East,Big East,1,3,3-1,4,25,22,Marquette,Creighton,TRUE
2019-11-22,Nebraska,Big Ten,Minnesota,Big Ten,Big Ten,3,2,3-2,5,25,22,Nebraska,Nebraska,FALSE
2019-11-22,Stanford,Pac-12,Utah,Pac-12,Pac-12,3,1,3-1,4,23,25,Utah,Stanford,TRUE
2019-11-22,Oregon,Pac-12,UCLA,Pac-12,Pac-12,2,3,3-2,5,26,24,Oregon,UCLA,TRUE
2019-11-22,Coppin St.,MEAC,N.C. Central,MEAC,MEAC,3,1,3-1,4,25,17,Coppin St.,Coppin St.,FALSE
2019-11-22,Furman,SoCon,Wofford,SoCon,SoCon,3,1,3-1,4,25,15,Furman,Furman,FALSE
2019-11-22,Southeastern La.,Southland,Sam Houston St.,Southland,Southland,2,3,3-2,5,19,25,Sam Houston St.,Sam Houston St.,FALSE
2019-11-22,Grambling,SWAC,Alabama A&M,SWAC,SWAC,1,3,3-1,4,25,21,Grambling,Alabama A&M,TRUE
2019-11-22,Middle Tenn.,C-USA,Western Ky.,C-USA,C-USA,0,3,3-0,3,14,25,Western Ky.,Western Ky.,FALSE
2019-11-22,The Citadel,SoCon,Samford,SoCon,SoCon,0,3,3-0,3,21,25,Samford,Samford,FALSE
2019-11-22,South Carolina St.,MEAC,Howard,MEAC,MEAC,0,3,3-0,3,12,25,Howard,Howard,FALSE
2019-11-22,Northwestern St.,Southland,Houston Baptist,Southland,Southland,3,1,3-1,4,22,25,Houston Baptist,Northwestern St.,TRUE
2019-11-22,Alabama St.,SWAC,Southern U.,SWAC,SWAC,3,1,3-1,4,20,25,Southern U.,Alabama St.,TRUE
2019-11-22,Fla. Atlantic,C-USA,Marshall,C-USA,C-USA,3,0,3-0,3,25,15,Fla. Atlantic,Fla. Atlantic,FALSE
2019-11-22,Oakland,Horizon,Green Bay,Horizon,Horizon,0,3,3-0,3,18,25,Green Bay,Green Bay,FALSE
2019-11-22,Central Conn. St.,NEC,Robert Morris,NEC,NEC,3,2,3-2,5,26,24,Central Conn. St.,Central Conn. St.,FALSE
2019-11-22,Georgetown,Big East,St. John's (NY),Big East,Big East,0,3,3-0,3,21,25,St. John's (NY),St. John's (NY),FALSE
2019-11-22,La Salle,Atlantic 10,George Washington,Atlantic 10,Atlantic 10,3,0,3-0,3,25,19,La Salle,La Salle,FALSE
2019-11-22,Tulsa,AAC,UCF,AAC,AAC,1,3,3-1,4,18,25,UCF,UCF,FALSE
2019-11-22,Hartford,America East,New Hampshire,America East,America East,3,2,3-2,5,24,26,New Hampshire,Hartford,TRUE
2019-11-22,Elon,CAA,Northeastern,CAA,CAA,3,2,3-2,5,26,24,Elon,Elon,FALSE
2019-11-22,Washington,Pac-12,Arizona,Pac-12,Pac-12,3,1,3-1,4,24,26,Arizona,Washington,TRUE
2019-11-22,Ohio,MAC,Ball St.,MAC,MAC,1,3,3-1,4,23,25,Ball St.,Ball St.,FALSE
2019-11-22,UNC Asheville,Big South,Presbyterian,Big South,Big South,0,3,3-0,3,23,25,Presbyterian,Presbyterian,FALSE
2019-11-22,UNC Greensboro,SoCon,ETSU,SoCon,SoCon,1,3,3-1,4,13,25,ETSU,ETSU,FALSE
2019-11-22,Murray St.,OVC,Southeast Mo. St.,OVC,OVC,2,3,3-2,5,20,25,Southeast Mo. St.,Southeast Mo. St.,FALSE
2019-11-22,Quinnipiac,MAAC,Rider,MAAC,MAAC,3,1,3-1,4,25,16,Quinnipiac,Quinnipiac,FALSE
2019-11-22,New Orleans,Southland,SFA,Southland,Southland,0,3,3-0,3,17,25,SFA,SFA,FALSE
2019-11-22,North Dakota St.,Summit League,Omaha,Summit League,Summit League,1,3,3-1,4,18,25,Omaha,Omaha,FALSE
2019-11-22,Lipscomb,ASUN,FGCU,ASUN,ASUN,1,3,3-1,4,23,25,FGCU,FGCU,FALSE
2019-11-22,Kansas City,WAC,Grand Canyon,WAC,WAC,1,3,3-1,4,25,21,Kansas City,Grand Canyon,TRUE
2019-11-22,Tulane,AAC,Houston,AAC,AAC,3,2,3-2,5,25,18,Tulane,Tulane,FALSE
2019-11-22,Arkansas St.,Sun Belt,Troy,Sun Belt,Sun Belt,2,3,3-2,5,24,26,Troy,Troy,FALSE
2019-11-22,LIU,NEC,Sacred Heart,NEC,NEC,0,3,3-0,3,15,25,Sacred Heart,Sacred Heart,FALSE
2019-11-22,UIC,Horizon,Northern Ky.,Horizon,Horizon,0,3,3-0,3,19,25,Northern Ky.,Northern Ky.,FALSE
2019-11-22,DePaul,Big East,Providence,Big East,Big East,3,1,3-1,4,25,27,Providence,DePaul,TRUE
2019-11-22,Davidson,Atlantic 10,Saint Louis,Atlantic 10,Atlantic 10,0,3,3-0,3,15,25,Saint Louis,Saint Louis,FALSE
2019-11-22,UTEP,C-USA,Rice,C-USA,C-USA,1,3,3-1,4,18,25,Rice,Rice,FALSE
2019-11-22,Alabama,SEC,Tennessee,SEC,SEC,0,3,3-0,3,24,26,Tennessee,Tennessee,FALSE
2019-11-22,Boston College,ACC,Virginia,ACC,ACC,0,3,3-0,3,16,25,Virginia,Virginia,FALSE
2019-11-22,Notre Dame,ACC,Louisville,ACC,ACC,0,3,3-0,3,21,25,Louisville,Louisville,FALSE
2019-11-22,South Carolina,SEC,Georgia,SEC,SEC,3,2,3-2,5,19,25,Georgia,South Carolina,TRUE
2019-11-22,Clemson,ACC,Georgia Tech,ACC,ACC,1,3,3-1,4,25,21,Clemson,Georgia Tech,TRUE
2019-11-22,Mercer,SoCon,Western Caro.,SoCon,SoCon,3,2,3-2,5,25,20,Mercer,Mercer,FALSE
2019-11-22,Morehead St.,OVC,Jacksonville St.,OVC,OVC,3,0,3-0,3,25,20,Morehead St.,Morehead St.,FALSE
2019-11-22,West Virginia,Big 12,Oklahoma,Big 12,Big 12,0,3,3-0,3,21,25,Oklahoma,Oklahoma,FALSE
2019-11-22,Southern Ill.,MVC,Missouri St.,MVC,MVC,1,3,3-1,4,23,25,Missouri St.,Missouri St.,FALSE
2019-11-22,Buffalo,MAC,Bowling Green,MAC,MAC,0,3,3-0,3,16,25,Bowling Green,Bowling Green,FALSE
2019-11-22,Villanova,Big East,Seton Hall,Big East,Big East,3,1,3-1,4,23,25,Seton Hall,Villanova,TRUE
2019-11-22,Charleston So.,Big South,Campbell,Big South,Big South,0,3,3-0,3,17,25,Campbell,Campbell,FALSE
2019-11-22,Illinois,Big Ten,Maryland,Big Ten,Big Ten,3,0,3-0,3,25,23,Illinois,Illinois,FALSE
2019-11-22,Stony Brook,America East,Albany (NY),America East,America East,1,3,3-1,4,23,25,Albany (NY),Albany (NY),FALSE
2019-11-22,Valparaiso,MVC,Drake,MVC,MVC,3,2,3-2,5,22,25,Drake,Valparaiso,TRUE
2019-11-22,Loyola Chicago,MVC,UNI,MVC,MVC,1,3,3-1,4,23,25,UNI,UNI,FALSE
2019-11-22,Indiana St.,MVC,Illinois St.,MVC,MVC,0,3,3-0,3,16,25,Illinois St.,Illinois St.,FALSE
2019-11-22,Butler,Big East,Xavier,Big East,Big East,3,0,3-0,3,25,23,Butler,Butler,FALSE
2019-11-22,Evansville,MVC,Bradley,MVC,MVC,0,3,3-0,3,14,25,Bradley,Bradley,FALSE
2019-11-22,Northwestern,Big Ten,Ohio St.,Big Ten,Big Ten,3,0,3-0,3,25,16,Northwestern,Northwestern,FALSE
2019-11-22,Delaware,CAA,Hofstra,CAA,CAA,3,2,3-2,5,23,25,Hofstra,Delaware,TRUE
2019-11-22,A&M-Corpus Christi,Southland,Central Ark.,Southland,Southland,3,0,3-0,3,25,15,A&M-Corpus Christi,A&M-Corpus Christi,FALSE
2019-11-22,Mississippi St.,SEC,Texas A&M,SEC,SEC,0,3,3-0,3,19,25,Texas A&M,Texas A&M,FALSE
2019-11-22,Liberty,ASUN,Kennesaw St.,ASUN,ASUN,0,3,3-0,3,21,25,Kennesaw St.,Kennesaw St.,FALSE
2019-11-22,Ark.-Pine Bluff,SWAC,Prairie View,SWAC,SWAC,0,3,3-0,3,21,25,Prairie View,Prairie View,FALSE
2019-11-22,UTSA,C-USA,North Texas,C-USA,C-USA,3,1,3-1,4,25,23,UTSA,UTSA,FALSE
2019-11-22,Utah Valley,WAC,New Mexico St.,WAC,WAC,0,3,3-0,3,12,25,New Mexico St.,New Mexico St.,FALSE
2019-11-22,Ole Miss,SEC,Arkansas,SEC,SEC,2,3,3-2,5,17,25,Arkansas,Arkansas,FALSE
2019-11-22,Marist,MAAC,Niagara,MAAC,MAAC,3,0,3-0,3,25,23,Marist,Marist,FALSE
2019-11-22,Bethune-Cookman,MEAC,Morgan St.,MEAC,MEAC,1,3,3-1,4,23,25,Morgan St.,Morgan St.,FALSE
2019-11-22,Purdue Fort Wayne,Summit League,Oral Roberts,Summit League,Summit League,3,1,3-1,4,19,25,Oral Roberts,Purdue Fort Wayne,TRUE
2019-11-22,UT Arlington,Sun Belt,South Alabama,Sun Belt,Sun Belt,3,2,3-2,5,24,26,South Alabama,UT Arlington,TRUE
2019-11-22,California,Pac-12,Colorado,Pac-12,Pac-12,1,3,3-1,4,16,25,Colorado,Colorado,FALSE
2019-11-22,Cal St. Fullerton,Big West,UC Santa Barbara,Big West,Big West,0,3,3-0,3,20,25,UC Santa Barbara,UC Santa Barbara,FALSE
2019-11-22,Saint Mary's (CA),WCC,Pacific,WCC,WCC,3,1,3-1,4,25,18,Saint Mary's (CA),Saint Mary's (CA),FALSE
2019-11-22,UC Irvine,Big West,Cal Poly,Big West,Big West,0,3,3-0,3,25,27,Cal Poly,Cal Poly,FALSE
2019-11-23,Long Beach St.,Big West,Hawaii,Big West,Big West,0,3,3-0,3,18,25,Hawaii,Hawaii,FALSE
2019-11-23,Coppin St.,MEAC,Howard,MEAC,MEAC,1,3,3-1,4,14,25,Howard,Howard,FALSE
2019-11-23,Morgan St.,MEAC,N.C. A&T,MEAC,MEAC,3,2,3-2,5,24,26,N.C. A&T,Morgan St.,TRUE
2019-11-23,Northwestern St.,Southland,Sam Houston St.,Southland,Southland,1,3,3-1,4,22,25,Sam Houston St.,Sam Houston St.,FALSE
2019-11-23,Idaho,Big Sky,Northern Ariz.,Big Sky,Big Sky,0,3,3-0,3,16,25,Northern Ariz.,Northern Ariz.,FALSE
2019-11-23,UTSA,C-USA,Rice,C-USA,C-USA,1,3,3-1,4,25,12,UTSA,Rice,TRUE
2019-11-23,UCF,AAC,SMU,AAC,AAC,3,0,3-0,3,25,17,UCF,UCF,FALSE
2019-11-23,Navy,Patriot,American,Patriot,Patriot,1,3,3-1,4,25,19,Navy,American,TRUE
2019-11-23,Texas Tech,Big 12,TCU,Big 12,Big 12,3,2,3-2,5,22,25,TCU,Texas Tech,TRUE
2019-11-23,Marist,MAAC,Fairfield,MAAC,MAAC,2,3,3-2,5,25,20,Marist,Fairfield,TRUE
2019-11-23,Furman,SoCon,Samford,SoCon,SoCon,2,3,3-2,5,25,19,Furman,Samford,TRUE
2019-11-23,Elon,CAA,Towson,CAA,CAA,1,3,3-1,4,25,19,Elon,Towson,TRUE
2019-11-23,Eastern Wash.,Big Sky,Southern Utah,Big Sky,Big Sky,1,3,3-1,4,34,36,Southern Utah,Southern Utah,FALSE
2019-11-23,Fresno St.,Mountain West,Utah St.,Mountain West,Mountain West,3,0,3-0,3,25,20,Fresno St.,Fresno St.,FALSE
2019-11-23,Green Bay,Horizon,Milwaukee,Horizon,Horizon,1,3,3-1,4,25,23,Green Bay,Milwaukee,TRUE
2019-11-23,Pepperdine,WCC,San Francisco,WCC,WCC,3,0,3-0,3,25,13,Pepperdine,Pepperdine,FALSE
2019-11-23,Portland,WCC,San Diego,WCC,WCC,0,3,3-0,3,11,25,San Diego,San Diego,FALSE
2019-11-23,UNLV,Mountain West,Air Force,Mountain West,Mountain West,3,0,3-0,3,25,23,UNLV,UNLV,FALSE
2019-11-23,Colorado St.,Mountain West,Nevada,Mountain West,Mountain West,3,0,3-0,3,25,20,Colorado St.,Colorado St.,FALSE
2019-11-23,Alabama St.,SWAC,Alabama A&M,SWAC,SWAC,3,1,3-1,4,23,25,Alabama A&M,Alabama St.,TRUE
2019-11-23,Gonzaga,WCC,BYU,WCC,WCC,1,3,3-1,4,25,21,Gonzaga,BYU,TRUE
2019-11-23,Troy,Sun Belt,Texas St.,Sun Belt,Sun Belt,0,3,3-0,3,14,25,Texas St.,Texas St.,FALSE
2019-11-23,A&M-Corpus Christi,Southland,SFA,Southland,Southland,1,3,3-1,4,23,25,SFA,SFA,FALSE
2019-11-23,Tulane,AAC,Cincinnati,AAC,AAC,0,3,3-0,3,20,25,Cincinnati,Cincinnati,FALSE
2019-11-23,Fla. Atlantic,C-USA,Western Ky.,C-USA,C-USA,0,3,3-0,3,20,25,Western Ky.,Western Ky.,FALSE
2019-11-23,Central Conn. St.,NEC,Sacred Heart,NEC,NEC,0,3,3-0,3,23,25,Sacred Heart,Sacred Heart,FALSE
2019-11-23,LMU (CA),WCC,Santa Clara,WCC,WCC,1,3,3-1,4,18,25,Santa Clara,Santa Clara,FALSE
2019-11-23,San Diego St.,Mountain West,Boise St.,Mountain West,Mountain West,1,3,3-1,4,10,25,Boise St.,Boise St.,FALSE
2019-11-23,La Salle,Atlantic 10,VCU,Atlantic 10,Atlantic 10,0,3,3-0,3,18,25,VCU,VCU,FALSE
2019-11-23,Presbyterian,Big South,Winthrop,Big South,Big South,0,3,3-0,3,9,25,Winthrop,Winthrop,FALSE
2019-11-23,Mercer,SoCon,ETSU,SoCon,SoCon,1,3,3-1,4,25,22,Mercer,ETSU,TRUE
2019-11-23,Ball St.,MAC,Miami (OH),MAC,MAC,3,1,3-1,4,25,18,Ball St.,Ball St.,FALSE
2019-11-23,Wyoming,Mountain West,San Jose St.,Mountain West,Mountain West,3,0,3-0,3,27,25,Wyoming,Wyoming,FALSE
2019-11-23,Kennesaw St.,ASUN,FGCU,ASUN,ASUN,3,2,3-2,5,27,25,Kennesaw St.,Kennesaw St.,FALSE
2019-11-23,Omaha,Summit League,South Dakota,Summit League,Summit League,3,1,3-1,4,21,25,South Dakota,Omaha,TRUE
2019-11-23,Hartford,America East,Albany (NY),America East,America East,2,3,3-2,5,16,25,Albany (NY),Albany (NY),FALSE
2019-11-23,Quinnipiac,MAAC,Canisius,MAAC,MAAC,3,2,3-2,5,25,23,Quinnipiac,Quinnipiac,FALSE
2019-11-23,Delaware,CAA,James Madison,CAA,CAA,1,3,3-1,4,16,25,James Madison,James Madison,FALSE
2019-11-23,Jackson St.,SWAC,Prairie View,SWAC,SWAC,0,3,3-0,3,14,25,Prairie View,Prairie View,FALSE
2019-11-23,Colgate,Patriot,Army West Point,Patriot,Patriot,1,3,3-1,4,25,20,Colgate,Army West Point,TRUE
2019-11-23,UT Arlington,Sun Belt,Coastal Carolina,Sun Belt,Sun Belt,1,3,3-1,4,24,26,Coastal Carolina,Coastal Carolina,FALSE
2019-11-23,Loyola Chicago,MVC,Drake,MVC,MVC,3,2,3-2,5,25,13,Loyola Chicago,Loyola Chicago,FALSE
2019-11-23,Northern Ky.,Horizon,Wright St.,Horizon,Horizon,3,1,3-1,4,25,19,Northern Ky.,Northern Ky.,FALSE
2019-11-23,Xavier,Big East,Butler,Big East,Big East,0,3,3-0,3,20,25,Butler,Butler,FALSE
2019-11-23,Evansville,MVC,Illinois St.,MVC,MVC,0,3,3-0,3,15,25,Illinois St.,Illinois St.,FALSE
2019-11-23,Saint Louis,Atlantic 10,Dayton,Atlantic 10,Atlantic 10,2,3,3-2,5,27,25,Saint Louis,Dayton,TRUE
2019-11-23,Indiana St.,MVC,Bradley,MVC,MVC,1,3,3-1,4,25,22,Indiana St.,Bradley,TRUE
2019-11-23,Michigan,Big Ten,Purdue,Big Ten,Big Ten,0,3,3-0,3,17,25,Purdue,Purdue,FALSE
2019-11-23,Bowling Green,MAC,Central Mich.,MAC,MAC,3,1,3-1,4,25,14,Bowling Green,Bowling Green,FALSE
2019-11-23,Campbell,Big South,High Point,Big South,Big South,3,2,3-2,5,23,25,High Point,Campbell,TRUE
2019-11-23,Morehead St.,OVC,Southeast Mo. St.,OVC,OVC,0,3,3-0,3,24,26,Southeast Mo. St.,Southeast Mo. St.,FALSE
2019-11-23,Kansas,Big 12,Texas,Big 12,Big 12,1,3,3-1,4,25,22,Kansas,Texas,TRUE
2019-11-23,Cal St. Fullerton,Big West,Cal Poly,Big West,Big West,1,3,3-1,4,25,19,Cal St. Fullerton,Cal Poly,TRUE
2019-11-23,Baylor,Big 12,Kansas St.,Big 12,Big 12,3,0,3-0,3,25,19,Baylor,Baylor,FALSE
2019-11-23,Purdue Fort Wayne,Summit League,Denver,Summit League,Summit League,1,3,3-1,4,25,20,Purdue Fort Wayne,Denver,TRUE
2019-11-23,Valparaiso,MVC,UNI,MVC,MVC,0,3,3-0,3,20,25,UNI,UNI,FALSE
2019-11-23,Iowa,Big Ten,Minnesota,Big Ten,Big Ten,0,3,3-0,3,14,25,Minnesota,Minnesota,FALSE
2019-11-23,Montana,Big Sky,Idaho St.,Big Sky,Big Sky,3,1,3-1,4,31,29,Montana,Montana,FALSE
2019-11-23,Sacramento St.,Big Sky,Northern Colo.,Big Sky,Big Sky,1,3,3-1,4,25,22,Sacramento St.,Northern Colo.,TRUE
2019-11-23,Grand Canyon,WAC,New Mexico St.,WAC,WAC,0,3,3-0,3,17,25,New Mexico St.,New Mexico St.,FALSE
2019-11-23,Montana St.,Big Sky,Weber St.,Big Sky,Big Sky,0,3,3-0,3,24,26,Weber St.,Weber St.,FALSE
2019-11-23,UC Irvine,Big West,UC Santa Barbara,Big West,Big West,0,3,3-0,3,12,25,UC Santa Barbara,UC Santa Barbara,FALSE
2019-11-23,UC Davis,Big West,UC Riverside,Big West,Big West,3,0,3-0,3,25,23,UC Davis,UC Davis,FALSE
2019-11-24,Northwestern,Big Ten,Maryland,Big Ten,Big Ten,3,2,3-2,5,17,25,Maryland,Northwestern,TRUE
2019-11-24,Morgan St.,MEAC,Howard,MEAC,MEAC,2,3,3-2,5,26,24,Morgan St.,Howard,TRUE
2019-11-24,Missouri,SEC,Tennessee,SEC,SEC,3,1,3-1,4,18,25,Tennessee,Missouri,TRUE
2019-11-24,Oregon St.,Pac-12,UCLA,Pac-12,Pac-12,0,3,3-0,3,23,25,UCLA,UCLA,FALSE
2019-11-24,Oregon,Pac-12,Southern California,Pac-12,Pac-12,3,2,3-2,5,20,25,Southern California,Oregon,TRUE
2019-11-24,Wake Forest,ACC,Virginia Tech,ACC,ACC,3,0,3-0,3,25,17,Wake Forest,Wake Forest,FALSE
2019-11-24,Florida,SEC,Georgia,SEC,SEC,3,0,3-0,3,25,13,Florida,Florida,FALSE
2019-11-24,Penn St.,Big Ten,Rutgers,Big Ten,Big Ten,3,0,3-0,3,25,14,Penn St.,Penn St.,FALSE
2019-11-24,Illinois,Big Ten,Ohio St.,Big Ten,Big Ten,3,1,3-1,4,21,25,Ohio St.,Illinois,TRUE
2019-11-24,Notre Dame,ACC,Georgia Tech,ACC,ACC,2,3,3-2,5,20,25,Georgia Tech,Georgia Tech,FALSE
2019-11-24,Rice,C-USA,Western Ky.,C-USA,C-USA,2,3,3-2,5,17,25,Western Ky.,Western Ky.,FALSE
2019-11-24,Boston College,ACC,Syracuse,ACC,ACC,2,3,3-2,5,25,23,Boston College,Syracuse,TRUE
2019-11-24,Marquette,Big East,Providence,Big East,Big East,3,0,3-0,3,25,9,Marquette,Marquette,FALSE
2019-11-24,Pittsburgh,ACC,NC State,ACC,ACC,3,0,3-0,3,25,20,Pittsburgh,Pittsburgh,FALSE
2019-11-24,Michigan St.,Big Ten,Indiana,Big Ten,Big Ten,0,3,3-0,3,20,25,Indiana,Indiana,FALSE
2019-11-24,Miami (FL),ACC,Louisville,ACC,ACC,0,3,3-0,3,19,25,Louisville,Louisville,FALSE
2019-11-24,Duke,ACC,Florida St.,ACC,ACC,0,3,3-0,3,22,25,Florida St.,Florida St.,FALSE
2019-11-24,UCF,AAC,Cincinnati,AAC,AAC,3,2,3-2,5,21,25,Cincinnati,UCF,TRUE
2019-11-24,California,Pac-12,Utah,Pac-12,Pac-12,1,3,3-1,4,16,25,Utah,Utah,FALSE
2019-11-24,Army West Point,Patriot,American,Patriot,Patriot,1,3,3-1,4,18,25,American,American,FALSE
2019-11-24,James Madison,CAA,Towson,CAA,CAA,0,3,3-0,3,23,25,Towson,Towson,FALSE
2019-11-24,Stanford,Pac-12,Colorado,Pac-12,Pac-12,3,0,3-0,3,25,14,Stanford,Stanford,FALSE
2019-11-24,Quinnipiac,MAAC,Fairfield,MAAC,MAAC,1,3,3-1,4,22,25,Fairfield,Fairfield,FALSE
2019-11-24,LSU,SEC,Alabama,SEC,SEC,3,0,3-0,3,25,21,LSU,LSU,FALSE
2019-11-24,Washington,Pac-12,Arizona St.,Pac-12,Pac-12,3,1,3-1,4,17,25,Arizona St.,Washington,TRUE
2019-11-24,St. John's (NY),Big East,Villanova,Big East,Big East,2,3,3-2,5,22,25,Villanova,Villanova,FALSE
2019-11-24,ETSU,SoCon,Samford,SoCon,SoCon,2,3,3-2,5,23,25,Samford,Samford,FALSE
2019-11-24,Northern Ky.,Horizon,Milwaukee,Horizon,Horizon,3,0,3-0,3,25,17,Northern Ky.,Northern Ky.,FALSE
2019-11-24,Dayton,Atlantic 10,VCU,Atlantic 10,Atlantic 10,3,1,3-1,4,22,25,VCU,Dayton,TRUE
2019-11-24,South Carolina,SEC,Auburn,SEC,SEC,3,0,3-0,3,25,17,South Carolina,South Carolina,FALSE
2019-11-24,DePaul,Big East,Creighton,Big East,Big East,1,3,3-1,4,19,25,Creighton,Creighton,FALSE
2019-11-24,Coastal Carolina,Sun Belt,Texas St.,Sun Belt,Sun Belt,1,3,3-1,4,24,26,Texas St.,Texas St.,FALSE
2019-11-24,Nebraska,Big Ten,Wisconsin,Big Ten,Big Ten,0,3,3-0,3,19,25,Wisconsin,Wisconsin,FALSE
2019-11-24,Alabama St.,SWAC,Prairie View,SWAC,SWAC,3,0,3-0,3,25,15,Alabama St.,Alabama St.,FALSE
2019-11-24,Ole Miss,SEC,Texas A&M,SEC,SEC,1,3,3-1,4,21,25,Texas A&M,Texas A&M,FALSE
2019-11-24,Mississippi St.,SEC,Arkansas,SEC,SEC,2,3,3-2,5,26,28,Arkansas,Arkansas,FALSE
2019-11-24,Campbell,Big South,Winthrop,Big South,Big South,0,3,3-0,3,21,25,Winthrop,Winthrop,FALSE
2019-11-24,Omaha,Summit League,Denver,Summit League,Summit League,1,3,3-1,4,21,25,Denver,Denver,FALSE
2019-11-24,Washington St.,Pac-12,Arizona,Pac-12,Pac-12,1,3,3-1,4,22,25,Arizona,Arizona,FALSE
2019-11-24,Sam Houston St.,Southland,SFA,Southland,Southland,1,3,3-1,4,25,20,Sam Houston St.,SFA,TRUE
2019-11-24,Ball St.,MAC,Bowling Green,MAC,MAC,3,2,3-2,5,21,25,Bowling Green,Ball St.,TRUE
2019-11-24,Seton Hall,Big East,Georgetown,Big East,Big East,3,2,3-2,5,23,25,Georgetown,Seton Hall,TRUE
2019-11-25,Portland,WCC,Gonzaga,WCC,WCC,0,3,3-0,3,23,25,Gonzaga,Gonzaga,FALSE
2019-11-26,Baylor,Big 12,West Virginia,Big 12,Big 12,3,1,3-1,4,30,32,West Virginia,Baylor,TRUE
2019-11-26,LMU (CA),WCC,San Diego,WCC,WCC,1,3,3-1,4,25,21,LMU (CA),San Diego,TRUE
2019-11-26,Pepperdine,WCC,BYU,WCC,WCC,2,3,3-2,5,15,25,BYU,BYU,FALSE
2019-11-26,Saint Mary's (CA),WCC,San Francisco,WCC,WCC,3,1,3-1,4,18,25,San Francisco,Saint Mary's (CA),TRUE
2019-11-26,Stanford,Pac-12,Washington St.,Pac-12,Pac-12,3,0,3-0,3,25,22,Stanford,Stanford,FALSE
2019-11-26,Pacific,WCC,Santa Clara,WCC,WCC,0,3,3-0,3,16,25,Santa Clara,Santa Clara,FALSE
2019-11-27,Auburn,SEC,Tennessee,SEC,SEC,1,3,3-1,4,18,25,Tennessee,Tennessee,FALSE
2019-11-27,Texas A&M,SEC,South Carolina,SEC,SEC,3,1,3-1,4,25,22,Texas A&M,Texas A&M,FALSE
2019-11-27,Louisville,ACC,Pittsburgh,ACC,ACC,1,3,3-1,4,22,25,Pittsburgh,Pittsburgh,FALSE
2019-11-27,Iowa St.,Big 12,Kansas,Big 12,Big 12,2,3,3-2,5,25,14,Iowa St.,Kansas,TRUE
2019-11-27,Oregon St.,Pac-12,Utah,Pac-12,Pac-12,0,3,3-0,3,16,25,Utah,Utah,FALSE
2019-11-27,Southern California,Pac-12,Arizona St.,Pac-12,Pac-12,3,2,3-2,5,25,19,Southern California,Southern California,FALSE
2019-11-27,Wake Forest,ACC,North Carolina,ACC,ACC,3,2,3-2,5,15,25,North Carolina,Wake Forest,TRUE
2019-11-27,Florida St.,ACC,Miami (FL),ACC,ACC,3,1,3-1,4,25,16,Florida St.,Florida St.,FALSE
2019-11-27,Oregon,Pac-12,Colorado,Pac-12,Pac-12,0,3,3-0,3,28,30,Colorado,Colorado,FALSE
2019-11-27,UCLA,Pac-12,Arizona,Pac-12,Pac-12,3,0,3-0,3,25,20,UCLA,UCLA,FALSE
2019-11-27,Virginia,ACC,Virginia Tech,ACC,ACC,3,0,3-0,3,25,17,Virginia,Virginia,FALSE
2019-11-27,California,Pac-12,Washington,Pac-12,Pac-12,2,3,3-2,5,25,22,California,Washington,TRUE
2019-11-27,Purdue,Big Ten,Michigan,Big Ten,Big Ten,3,2,3-2,5,26,24,Purdue,Purdue,FALSE
2019-11-27,Arkansas,SEC,Florida,SEC,SEC,0,3,3-0,3,17,25,Florida,Florida,FALSE
2019-11-27,Missouri,SEC,Ole Miss,SEC,SEC,3,1,3-1,4,25,23,Missouri,Missouri,FALSE
2019-11-27,Oklahoma,Big 12,TCU,Big 12,Big 12,3,1,3-1,4,24,26,TCU,Oklahoma,TRUE
2019-11-27,Northwestern,Big Ten,Illinois,Big Ten,Big Ten,1,3,3-1,4,18,25,Illinois,Illinois,FALSE
2019-11-27,Kentucky,SEC,LSU,SEC,SEC,3,1,3-1,4,19,25,LSU,Kentucky,TRUE
2019-11-27,Georgia,SEC,Alabama,SEC,SEC,3,0,3-0,3,25,21,Georgia,Georgia,FALSE
2019-11-28,Southern Utah,Big Sky,Weber St.,Big Sky,Big Sky,0,3,3-0,3,13,25,Weber St.,Weber St.,FALSE
2019-11-28,Idaho,Big Sky,Northern Ariz.,Big Sky,Big Sky,2,3,3-2,5,25,19,Idaho,Northern Ariz.,TRUE
2019-11-28,Valparaiso,MVC,Bradley,MVC,MVC,3,2,3-2,5,25,15,Valparaiso,Valparaiso,FALSE
2019-11-28,Montana,Big Sky,Northern Colo.,Big Sky,Big Sky,1,3,3-1,4,16,25,Northern Colo.,Northern Colo.,FALSE
2019-11-28,Evansville,MVC,Illinois St.,MVC,MVC,0,3,3-0,3,21,25,Illinois St.,Illinois St.,FALSE
2019-11-28,Montana St.,Big Sky,Sacramento St.,Big Sky,Big Sky,3,1,3-1,4,25,20,Montana St.,Montana St.,FALSE
2019-11-29,Wisconsin,Big Ten,Penn St.,Big Ten,Big Ten,2,3,3-2,5,25,19,Wisconsin,Penn St.,TRUE
2019-11-29,Arkansas,SEC,South Carolina,SEC,SEC,0,3,3-0,3,19,25,South Carolina,South Carolina,FALSE
2019-11-29,Oregon St.,Pac-12,Oregon,Pac-12,Pac-12,1,3,3-1,4,25,23,Oregon St.,Oregon,TRUE
2019-11-29,UCLA,Pac-12,Southern California,Pac-12,Pac-12,3,0,3-0,3,25,22,UCLA,UCLA,FALSE
2019-11-29,California,Pac-12,Stanford,Pac-12,Pac-12,1,3,3-1,4,25,23,California,Stanford,TRUE
2019-11-29,Duke,ACC,Notre Dame,ACC,ACC,1,3,3-1,4,17,25,Notre Dame,Notre Dame,FALSE
2019-11-29,North Texas,C-USA,SMU,AAC,Non-Conference,3,1,3-1,4,25,15,North Texas,North Texas,FALSE
2019-11-29,Georgia Tech,ACC,Miami (FL),ACC,ACC,3,0,3-0,3,25,21,Georgia Tech,Georgia Tech,FALSE
2019-11-29,North Carolina,ACC,Virginia Tech,ACC,ACC,2,3,3-2,5,21,25,Virginia Tech,Virginia Tech,FALSE
2019-11-29,Villanova,Big East,Marquette,Big East,Big East,0,3,3-0,3,22,25,Marquette,Marquette,FALSE
2019-11-29,Valparaiso,MVC,UNI,MVC,MVC,1,3,3-1,4,9,25,UNI,UNI,FALSE
2019-11-29,St. John's (NY),Big East,Creighton,Big East,Big East,3,0,3-0,3,25,17,St. John's (NY),St. John's (NY),FALSE
2019-11-29,Maryland,Big Ten,Nebraska,Big Ten,Big Ten,0,3,3-0,3,20,25,Nebraska,Nebraska,FALSE
2019-11-29,Indiana,Big Ten,Michigan,Big Ten,Big Ten,1,3,3-1,4,12,25,Michigan,Michigan,FALSE
2019-11-29,Minnesota,Big Ten,Rutgers,Big Ten,Big Ten,3,0,3-0,3,25,14,Minnesota,Minnesota,FALSE
2019-11-29,Northern Ariz.,Big Sky,Weber St.,Big Sky,Big Sky,0,3,3-0,3,21,25,Weber St.,Weber St.,FALSE
2019-11-29,Ohio St.,Big Ten,Iowa,Big Ten,Big Ten,3,1,3-1,4,23,25,Iowa,Ohio St.,TRUE
2019-11-29,Illinois St.,MVC,Loyola Chicago,MVC,MVC,3,1,3-1,4,18,25,Loyola Chicago,Illinois St.,TRUE
2019-11-29,Montana St.,Big Sky,Northern Colo.,Big Sky,Big Sky,1,3,3-1,4,27,29,Northern Colo.,Northern Colo.,FALSE
2019-11-30,Purdue,Big Ten,Michigan St.,Big Ten,Big Ten,3,2,3-2,5,19,25,Michigan St.,Purdue,TRUE
2019-11-30,Ole Miss,SEC,Kentucky,SEC,SEC,0,3,3-0,3,21,25,Kentucky,Kentucky,FALSE
2019-11-30,Kansas,Big 12,West Virginia,Big 12,Big 12,2,3,3-2,5,25,20,Kansas,West Virginia,TRUE
2019-11-30,Auburn,SEC,Alabama,SEC,SEC,3,0,3-0,3,29,27,Auburn,Auburn,FALSE
2019-11-30,Kansas St.,Big 12,Texas Tech,Big 12,Big 12,3,0,3-0,3,25,22,Kansas St.,Kansas St.,FALSE
2019-11-30,Colorado St.,Mountain West,Denver,Summit League,Non-Conference,3,2,3-2,5,25,19,Colorado St.,Colorado St.,FALSE
2019-11-30,TCU,Big 12,Baylor,Big 12,Big 12,0,3,3-0,3,19,25,Baylor,Baylor,FALSE
2019-11-30,Tennessee,SEC,Mississippi St.,SEC,SEC,3,0,3-0,3,25,10,Tennessee,Tennessee,FALSE
2019-11-30,Texas A&M,SEC,Florida,SEC,SEC,2,3,3-2,5,17,25,Florida,Florida,FALSE
2019-11-30,Arizona St.,Pac-12,Arizona,Pac-12,Pac-12,3,2,3-2,5,25,18,Arizona St.,Arizona St.,FALSE
2019-11-30,Texas,Big 12,Iowa St.,Big 12,Big 12,3,1,3-1,4,23,25,Iowa St.,Texas,TRUE
2019-11-30,Illinois St.,MVC,UNI,MVC,MVC,3,0,3-0,3,25,21,Illinois St.,Illinois St.,FALSE
2019-11-30,St. John's (NY),Big East,Marquette,Big East,Big East,3,1,3-1,4,25,20,St. John's (NY),St. John's (NY),FALSE
2019-11-30,Utah,Pac-12,Colorado,Pac-12,Pac-12,3,0,3-0,3,25,20,Utah,Utah,FALSE
2019-11-30,Minnesota,Big Ten,Penn St.,Big Ten,Big Ten,3,1,3-1,4,19,25,Penn St.,Minnesota,TRUE
2019-11-30,NC State,ACC,Boston College,ACC,ACC,2,3,3-2,5,18,25,Boston College,Boston College,FALSE
2019-11-30,Wisconsin,Big Ten,Rutgers,Big Ten,Big Ten,3,0,3-0,3,25,14,Wisconsin,Wisconsin,FALSE
2019-11-30,LSU,SEC,Missouri,SEC,SEC,0,3,3-0,3,20,25,Missouri,Missouri,FALSE
2019-11-30,Washington St.,Pac-12,Washington,Pac-12,Pac-12,3,2,3-2,5,25,23,Washington St.,Washington St.,FALSE
2019-11-30,Maryland,Big Ten,Iowa,Big Ten,Big Ten,1,3,3-1,4,25,17,Maryland,Iowa,TRUE
2019-11-30,Illinois,Big Ten,Northwestern,Big Ten,Big Ten,1,3,3-1,4,18,25,Northwestern,Northwestern,FALSE
2019-11-30,Indiana,Big Ten,Michigan St.,Big Ten,Big Ten,1,3,3-1,4,18,25,Michigan St.,Michigan St.,FALSE
2019-11-30,Ohio St.,Big Ten,Nebraska,Big Ten,Big Ten,0,3,3-0,3,15,25,Nebraska,Nebraska,FALSE
2019-11-30,Weber St.,Big Sky,Northern Colo.,Big Sky,Big Sky,2,3,3-2,5,25,23,Weber St.,Northern Colo.,TRUE
2019-12-01,Clemson,ACC,Syracuse,ACC,ACC,0,3,3-0,3,22,25,Syracuse,Syracuse,FALSE
