league,season,date,team1,team2,team1_sets,team2_sets,final_score,sets_played,match_winner,set1_winner,set1_loser,comeback_win
VNL Women,2024,2024/5/14,Bulgaria,Netherlands,0,3,0-3,3,Netherlands,Netherlands,Bulgaria,FALSE
VNL Women,2024,2024/5/14,Italy,Poland,0,3,0-3,3,Poland,Poland,Italy,FALSE
VNL Women,2024,2024/5/14,China,Korea,3,0,3-0,3,China,China,Korea,FALSE
VNL Women,2024,2024/5/15,Brazil,Canada,3,1,3-1,4,Brazil,Brazil,Canada,FALSE
VNL Women,2024,2024/5/15,France,Germany,0,3,0-3,3,Germany,Germany,France,FALSE
VNL Women,2024,2024/5/15,Japan,Türkiye,3,2,3-2,5,Japan,Japan,Türkiye,FALSE
VNL Women,2024,2024/5/15,Thailand,USA,1,3,1-3,4,USA,USA,Thailand,FALSE
VNL Women,2024,2024/5/16,Dominican Republic,Serbia,3,1,3-1,4,Dominican Republic,Dominican Republic,Serbia,FALSE
VNL Women,2024,2024/5/16,Germany,Italy,1,3,1-3,4,Italy,Italy,Germany,FALSE
VNL Women,2024,2024/5/16,Bulgaria,Japan,0,3,0-3,3,Japan,Japan,Bulgaria,FALSE
VNL Women,2024,2024/5/16,Netherlands,Türkiye,1,3,1-3,4,Türkiye,Türkiye,Netherlands,FALSE
VNL Women,2024,2024/5/16,Brazil,Korea,3,0,3-0,3,Brazil,Brazil,Korea,FALSE
VNL Women,2024,2024/5/16,China,USA,3,1,3-1,4,China,USA,China,TRUE
VNL Women,2024,2024/5/17,Canada,Dominican Republic,3,0,3-0,3,Canada,Canada,Dominican Republic,FALSE
VNL Women,2024,2024/5/17,Germany,Japan,0,3,0-3,3,Japan,Japan,Germany,FALSE
VNL Women,2024,2024/5/17,France,Poland,0,3,0-3,3,Poland,Poland,France,FALSE
VNL Women,2024,2024/5/17,Bulgaria,Italy,0,3,0-3,3,Italy,Italy,Bulgaria,FALSE
VNL Women,2024,2024/5/17,Serbia,Thailand,3,0,3-0,3,Serbia,Serbia,Thailand,FALSE
VNL Women,2024,2024/5/17,Canada,China,3,1,3-1,4,Canada,Canada,China,FALSE
VNL Women,2024,2024/5/18,Brazil,USA,3,1,3-1,4,Brazil,Brazil,USA,FALSE
VNL Women,2024,2024/5/18,Netherlands,Poland,0,3,0-3,3,Poland,Poland,Netherlands,FALSE
VNL Women,2024,2024/5/18,Bulgaria,France,1,3,1-3,4,France,Bulgaria,France,TRUE
VNL Women,2024,2024/5/18,Italy,Türkiye,3,1,3-1,4,Italy,Türkiye,Italy,TRUE
VNL Women,2024,2024/5/18,China,Serbia,3,1,3-1,4,China,Serbia,China,TRUE
VNL Women,2024,2024/5/18,Dominican Republic,Korea,3,0,3-0,3,Dominican Republic,Dominican Republic,Korea,FALSE
VNL Women,2024,2024/5/19,Canada,Thailand,3,1,3-1,4,Canada,Canada,Thailand,FALSE
VNL Women,2024,2024/5/19,Germany,Netherlands,1,3,1-3,4,Netherlands,Netherlands,Germany,FALSE
VNL Women,2024,2024/5/19,Brazil,Serbia,3,0,3-0,3,Brazil,Brazil,Serbia,FALSE
VNL Women,2024,2024/5/19,Japan,Poland,0,3,0-3,3,Poland,Poland,Japan,FALSE
VNL Women,2024,2024/5/19,France,Türkiye,0,3,0-3,3,Türkiye,Türkiye,France,FALSE
VNL Women,2024,2024/5/19,Dominican Republic,USA,0,3,0-3,3,USA,USA,Dominican Republic,FALSE
VNL Women,2024,2024/5/19,Korea,Thailand,3,1,3-1,4,Korea,Korea,Thailand,FALSE
VNL Women,2024,2024/5/28,Dominican Republic,Thailand,1,3,1-3,4,Thailand,Thailand,Dominican Republic,FALSE
VNL Women,2024,2024/5/28,Brazil,Japan,3,2,3-2,5,Brazil,Japan,Brazil,TRUE
VNL Women,2024,2024/5/28,Poland,Serbia,3,1,3-1,4,Poland,Poland,Serbia,FALSE
VNL Women,2024,2024/5/29,Canada,USA,1,3,1-3,4,USA,USA,Canada,FALSE
VNL Women,2024,2024/5/29,France,Italy,0,3,0-3,3,Italy,Italy,France,FALSE
VNL Women,2024,2024/5/29,China,Netherlands,3,1,3-1,4,China,Netherlands,China,TRUE
VNL Women,2024,2024/5/29,Bulgaria,Korea,3,2,3-2,5,Bulgaria,Bulgaria,Korea,FALSE
VNL Women,2024,2024/5/29,Germany,Türkiye,1,3,1-3,4,Türkiye,Germany,Türkiye,TRUE
VNL Women,2024,2024/5/30,Dominican Republic,Italy,0,3,0-3,3,Italy,Italy,Dominican Republic,FALSE
VNL Women,2024,2024/5/30,France,Japan,0,3,0-3,3,Japan,Japan,France,FALSE
VNL Women,2024,2024/5/30,Brazil,Netherlands,3,1,3-1,4,Brazil,Brazil,Netherlands,FALSE
VNL Women,2024,2024/5/30,Korea,Poland,0,3,0-3,3,Poland,Poland,Korea,FALSE
VNL Women,2024,2024/5/30,Canada,Germany,3,0,3-0,3,Canada,Canada,Germany,FALSE
VNL Women,2024,2024/5/31,Serbia,Türkiye,1,3,1-3,4,Türkiye,Türkiye,Serbia,FALSE
VNL Women,2024,2024/5/31,France,Thailand,2,3,2-3,5,Thailand,Thailand,France,FALSE
VNL Women,2024,2024/5/31,Dominican Republic,Netherlands,1,3,1-3,4,Netherlands,Netherlands,Dominican Republic,FALSE
VNL Women,2024,2024/5/31,China,Japan,1,3,1-3,4,Japan,Japan,China,FALSE
VNL Women,2024,2024/5/31,Germany,Poland,0,3,0-3,3,Poland,Poland,Germany,FALSE
VNL Women,2024,2024/5/31,Canada,Serbia,1,3,1-3,4,Serbia,Serbia,Canada,FALSE
VNL Women,2024,2024/6/1,Bulgaria,USA,0,3,0-3,3,USA,USA,Bulgaria,FALSE
VNL Women,2024,2024/6/1,Brazil,Italy,3,2,3-2,5,Brazil,Brazil,Italy,FALSE
VNL Women,2024,2024/6/1,Dominican Republic,Japan,1,3,1-3,4,Japan,Japan,Dominican Republic,FALSE
VNL Women,2024,2024/6/1,China,Thailand,3,0,3-0,3,China,China,Thailand,FALSE
VNL Women,2024,2024/6/1,Korea,Türkiye,0,3,0-3,3,Türkiye,Türkiye,Korea,FALSE
VNL Women,2024,2024/6/1,Poland,USA,3,1,3-1,4,Poland,Poland,USA,FALSE
VNL Women,2024,2024/6/2,Bulgaria,Serbia,1,3,1-3,4,Serbia,Bulgaria,Serbia,TRUE
VNL Women,2024,2024/6/2,France,Netherlands,0,3,0-3,3,Netherlands,Netherlands,France,FALSE
VNL Women,2024,2024/6/2,Brazil,Thailand,3,0,3-0,3,Brazil,Brazil,Thailand,FALSE
VNL Women,2024,2024/6/2,China,Italy,0,3,0-3,3,Italy,Italy,China,FALSE
VNL Women,2024,2024/6/2,Canada,Korea,3,0,3-0,3,Canada,Canada,Korea,FALSE
VNL Women,2024,2024/6/2,Türkiye,USA,3,2,3-2,5,Türkiye,USA,Türkiye,TRUE
VNL Women,2024,2024/6/2,Bulgaria,Germany,1,3,1-3,4,Germany,Germany,Bulgaria,FALSE
VNL Women,2024,2024/6/11,France,USA,0,3,0-3,3,USA,USA,France,FALSE
VNL Women,2024,2024/6/11,Canada,Italy,0,3,0-3,3,Italy,Italy,Canada,FALSE
VNL Women,2024,2024/6/11,Dominican Republic,Germany,3,1,3-1,4,Dominican Republic,Dominican Republic,Germany,FALSE
VNL Women,2024,2024/6/11,Bulgaria,China,0,3,0-3,3,China,China,Bulgaria,FALSE
VNL Women,2024,2024/6/12,Netherlands,Serbia,3,1,3-1,4,Netherlands,Netherlands,Serbia,FALSE
VNL Women,2024,2024/6/12,Japan,Korea,3,0,3-0,3,Japan,Japan,Korea,FALSE
VNL Women,2024,2024/6/12,Thailand,Türkiye,0,3,0-3,3,Türkiye,Türkiye,Thailand,FALSE
VNL Women,2024,2024/6/12,Brazil,Poland,3,1,3-1,4,Brazil,Poland,Brazil,TRUE
VNL Women,2024,2024/6/13,Netherlands,USA,0,3,0-3,3,USA,USA,Netherlands,FALSE
VNL Women,2024,2024/6/13,France,Korea,2,3,2-3,5,Korea,Korea,France,FALSE
VNL Women,2024,2024/6/13,Canada,Japan,3,2,3-2,5,Canada,Japan,Canada,TRUE
VNL Women,2024,2024/6/13,Bulgaria,Thailand,2,3,2-3,5,Thailand,Thailand,Bulgaria,FALSE
VNL Women,2024,2024/6/13,Brazil,Germany,3,1,3-1,4,Brazil,Brazil,Germany,FALSE
VNL Women,2024,2024/6/13,Dominican Republic,Türkiye,1,3,1-3,4,Türkiye,Dominican Republic,Türkiye,TRUE
VNL Women,2024,2024/6/14,France,Serbia,3,1,3-1,4,France,France,Serbia,FALSE
VNL Women,2024,2024/6/14,Canada,Netherlands,0,3,0-3,3,Netherlands,Netherlands,Canada,FALSE
VNL Women,2024,2024/6/14,Italy,Korea,3,0,3-0,3,Italy,Italy,Korea,FALSE
VNL Women,2024,2024/6/14,Brazil,Bulgaria,3,0,3-0,3,Brazil,Brazil,Bulgaria,FALSE
VNL Women,2024,2024/6/14,Dominican Republic,Poland,0,3,0-3,3,Poland,Poland,Dominican Republic,FALSE
VNL Women,2024,2024/6/14,China,Germany,3,0,3-0,3,China,China,Germany,FALSE
VNL Women,2024,2024/6/15,Canada,France,3,0,3-0,3,Canada,Canada,France,FALSE
VNL Women,2024,2024/6/15,Italy,USA,3,1,3-1,4,Italy,Italy,USA,FALSE
VNL Women,2024,2024/6/15,Japan,Serbia,3,0,3-0,3,Japan,Japan,Serbia,FALSE
VNL Women,2024,2024/6/15,Bulgaria,Dominican Republic,3,2,3-2,5,Bulgaria,Dominican Republic,Bulgaria,TRUE
VNL Women,2024,2024/6/15,Poland,Thailand,3,0,3-0,3,Poland,Poland,Thailand,FALSE
VNL Women,2024,2024/6/15,China,Türkiye,3,2,3-2,5,China,Türkiye,China,TRUE
VNL Women,2024,2024/6/16,Korea,Netherlands,0,3,0-3,3,Netherlands,Netherlands,Korea,FALSE
VNL Women,2024,2024/6/16,Italy,Serbia,3,1,3-1,4,Italy,Italy,Serbia,FALSE
VNL Women,2024,2024/6/16,Japan,USA,0,3,0-3,3,USA,USA,Japan,FALSE
VNL Women,2024,2024/6/16,Germany,Thailand,3,0,3-0,3,Germany,Germany,Thailand,FALSE
VNL Women,2024,2024/6/16,Brazil,Türkiye,3,0,3-0,3,Brazil,Brazil,Türkiye,FALSE
VNL Women,2024,2024/6/16,China,Poland,3,0,3-0,3,China,China,Poland,FALSE
VNL Women,2024,2024/6/20,China,Japan,0,3,0-3,3,Japan,Japan,China,FALSE
VNL Women,2024,2024/6/20,Brazil,Thailand,3,0,3-0,3,Brazil,Brazil,Thailand,FALSE
VNL Women,2024,2024/6/21,Italy,USA,3,0,3-0,3,Italy,Italy,USA,FALSE
VNL Women,2024,2024/6/21,Poland,Türkiye,3,2,3-2,5,Poland,Türkiye,Poland,TRUE
VNL Women,2024,2024/6/22,Italy,Poland,3,0,3-0,3,Italy,Italy,Poland,FALSE
VNL Women,2024,2024/6/22,Brazil,Japan,2,3,2-3,5,Japan,Japan,Brazil,FALSE
VNL Women,2024,2024/6/23,Brazil,Poland,2,3,2-3,5,Poland,Poland,Brazil,FALSE
VNL Women,2024,2024/6/23,Italy,Japan,3,1,3-1,4,Italy,Italy,Japan,FALSE
VNL Men,2024,2024/5/21,Bulgaria,France,0,3,0-3,3,France,France,Bulgaria,FALSE
VNL Men,2024,2024/5/21,Canada,Türkiye,3,1,3-1,4,Canada,Türkiye,Canada,TRUE
VNL Men,2024,2024/5/21,Argentina,Japan,1,3,1-3,4,Japan,Argentina,Japan,TRUE
VNL Men,2024,2024/5/22,Brazil,Cuba,1,3,1-3,4,Cuba,Cuba,Brazil,FALSE
VNL Men,2024,2024/5/22,Netherlands,Slovenia,2,3,2-3,5,Slovenia,Netherlands,Slovenia,TRUE
VNL Men,2024,2024/5/22,Poland,USA,3,0,3-0,3,Poland,Poland,USA,FALSE
VNL Men,2024,2024/5/22,Germany,Italy,0,3,0-3,3,Italy,Italy,Germany,FALSE
VNL Men,2024,2024/5/23,Iran,Serbia,1,3,1-3,4,Serbia,Serbia,Iran,FALSE
VNL Men,2024,2024/5/23,France,Slovenia,1,3,1-3,4,Slovenia,Slovenia,France,FALSE
VNL Men,2024,2024/5/23,Canada,Poland,1,3,1-3,4,Poland,Canada,Poland,TRUE
VNL Men,2024,2024/5/23,Netherlands,Türkiye,3,2,3-2,5,Netherlands,Türkiye,Netherlands,TRUE
VNL Men,2024,2024/5/23,Cuba,Germany,3,1,3-1,4,Cuba,Cuba,Germany,FALSE
VNL Men,2024,2024/5/23,Japan,Serbia,3,0,3-0,3,Japan,Japan,Serbia,FALSE
VNL Men,2024,2024/5/24,Argentina,Brazil,2,3,2-3,5,Brazil,Brazil,Argentina,FALSE
VNL Men,2024,2024/5/24,Bulgaria,Canada,0,3,0-3,3,Canada,Canada,Bulgaria,FALSE
VNL Men,2024,2024/5/24,France,USA,3,0,3-0,3,France,France,USA,FALSE
VNL Men,2024,2024/5/24,Netherlands,Poland,0,3,0-3,3,Poland,Poland,Netherlands,FALSE
VNL Men,2024,2024/5/24,Cuba,Japan,2,3,2-3,5,Japan,Cuba,Japan,TRUE
VNL Men,2024,2024/5/24,Iran,Italy,0,3,0-3,3,Italy,Italy,Iran,FALSE
VNL Men,2024,2024/5/25,Brazil,Serbia,3,1,3-1,4,Brazil,Brazil,Serbia,FALSE
VNL Men,2024,2024/5/25,Canada,Slovenia,2,3,2-3,5,Slovenia,Canada,Slovenia,TRUE
VNL Men,2024,2024/5/25,France,Türkiye,3,1,3-1,4,France,Türkiye,France,TRUE
VNL Men,2024,2024/5/25,Bulgaria,USA,3,1,3-1,4,Bulgaria,Bulgaria,USA,FALSE
VNL Men,2024,2024/5/25,Italy,Japan,3,1,3-1,4,Italy,Japan,Italy,TRUE
VNL Men,2024,2024/5/25,Argentina,Germany,3,1,3-1,4,Argentina,Germany,Argentina,TRUE
VNL Men,2024,2024/5/26,Cuba,Iran,3,1,3-1,4,Cuba,Cuba,Iran,FALSE
VNL Men,2024,2024/5/26,Poland,Slovenia,0,3,0-3,3,Slovenia,Slovenia,Poland,FALSE
VNL Men,2024,2024/5/26,Brazil,Italy,2,3,2-3,5,Italy,Brazil,Italy,TRUE
VNL Men,2024,2024/5/26,Türkiye,USA,1,3,1-3,4,USA,Türkiye,USA,TRUE
VNL Men,2024,2024/5/26,Bulgaria,Netherlands,1,3,1-3,4,Netherlands,Netherlands,Bulgaria,FALSE
VNL Men,2024,2024/5/26,Germany,Serbia,3,0,3-0,3,Germany,Germany,Serbia,FALSE
VNL Men,2024,2024/5/26,Argentina,Iran,3,2,3-2,5,Argentina,Iran,Argentina,TRUE
VNL Men,2024,2024/6/4,Brazil,Germany,3,0,3-0,3,Brazil,Brazil,Germany,FALSE
VNL Men,2024,2024/6/4,Bulgaria,Poland,1,3,1-3,4,Poland,Bulgaria,Poland,TRUE
VNL Men,2024,2024/6/4,Iran,Japan,0,3,0-3,3,Japan,Japan,Iran,FALSE
VNL Men,2024,2024/6/4,Argentina,USA,0,3,0-3,3,USA,USA,Argentina,FALSE
VNL Men,2024,2024/6/5,Canada,Cuba,3,1,3-1,4,Canada,Canada,Cuba,FALSE
VNL Men,2024,2024/6/5,Slovenia,Türkiye,3,0,3-0,3,Slovenia,Slovenia,Türkiye,FALSE
VNL Men,2024,2024/6/5,Germany,Japan,2,3,2-3,5,Japan,Japan,Germany,FALSE
VNL Men,2024,2024/6/5,Netherlands,Serbia,0,3,0-3,3,Serbia,Serbia,Netherlands,FALSE
VNL Men,2024,2024/6/6,France,Italy,3,2,3-2,5,France,France,Italy,FALSE
VNL Men,2024,2024/6/6,Brazil,Iran,3,1,3-1,4,Brazil,Brazil,Iran,FALSE
VNL Men,2024,2024/6/6,Bulgaria,Germany,1,3,1-3,4,Germany,Germany,Bulgaria,FALSE
VNL Men,2024,2024/6/6,Poland,Türkiye,3,0,3-0,3,Poland,Poland,Türkiye,FALSE
VNL Men,2024,2024/6/6,Cuba,Netherlands,1,3,1-3,4,Netherlands,Netherlands,Cuba,FALSE
VNL Men,2024,2024/6/6,Italy,USA,3,0,3-0,3,Italy,Italy,USA,FALSE
VNL Men,2024,2024/6/7,Argentina,Canada,3,1,3-1,4,Argentina,Argentina,Canada,FALSE
VNL Men,2024,2024/6/7,Bulgaria,Iran,3,2,3-2,5,Bulgaria,Iran,Bulgaria,TRUE
VNL Men,2024,2024/6/7,Brazil,Slovenia,2,3,2-3,5,Slovenia,Slovenia,Brazil,FALSE
VNL Men,2024,2024/6/7,Japan,Poland,0,3,0-3,3,Poland,Poland,Japan,FALSE
VNL Men,2024,2024/6/7,Cuba,Italy,1,3,1-3,4,Italy,Italy,Cuba,FALSE
VNL Men,2024,2024/6/7,France,Netherlands,3,1,3-1,4,France,France,Netherlands,FALSE
VNL Men,2024,2024/6/8,Serbia,USA,1,3,1-3,4,USA,Serbia,USA,TRUE
VNL Men,2024,2024/6/8,Iran,Türkiye,1,3,1-3,4,Türkiye,Iran,Türkiye,TRUE
VNL Men,2024,2024/6/8,Brazil,Poland,3,1,3-1,4,Brazil,Brazil,Poland,FALSE
VNL Men,2024,2024/6/8,Japan,Slovenia,3,1,3-1,4,Japan,Japan,Slovenia,FALSE
VNL Men,2024,2024/6/8,Cuba,France,3,2,3-2,5,Cuba,Cuba,France,FALSE
VNL Men,2024,2024/6/8,Canada,USA,3,1,3-1,4,Canada,Canada,USA,FALSE
VNL Men,2024,2024/6/9,Argentina,Serbia,3,2,3-2,5,Argentina,Argentina,Serbia,FALSE
VNL Men,2024,2024/6/9,Germany,Türkiye,3,2,3-2,5,Germany,Germany,Türkiye,FALSE
VNL Men,2024,2024/6/9,Bulgaria,Slovenia,0,3,0-3,3,Slovenia,Slovenia,Bulgaria,FALSE
VNL Men,2024,2024/6/9,Italy,Netherlands,3,0,3-0,3,Italy,Italy,Netherlands,FALSE
VNL Men,2024,2024/6/9,Argentina,France,2,3,2-3,5,France,France,Argentina,FALSE
VNL Men,2024,2024/6/9,Canada,Serbia,1,3,1-3,4,Serbia,Canada,Serbia,TRUE
VNL Men,2024,2024/6/18,Brazil,Netherlands,3,1,3-1,4,Brazil,Netherlands,Brazil,TRUE
VNL Men,2024,2024/6/18,Canada,Japan,3,2,3-2,5,Canada,Canada,Japan,FALSE
VNL Men,2024,2024/6/18,Bulgaria,Türkiye,3,1,3-1,4,Bulgaria,Bulgaria,Türkiye,FALSE
VNL Men,2024,2024/6/18,Argentina,Slovenia,0,3,0-3,3,Slovenia,Slovenia,Argentina,FALSE
VNL Men,2024,2024/6/19,France,Germany,1,3,1-3,4,Germany,Germany,France,FALSE
VNL Men,2024,2024/6/19,Iran,USA,3,2,3-2,5,Iran,USA,Iran,TRUE
VNL Men,2024,2024/6/19,Cuba,Serbia,2,3,2-3,5,Serbia,Cuba,Serbia,TRUE
VNL Men,2024,2024/6/19,Italy,Poland,0,3,0-3,3,Poland,Poland,Italy,FALSE
VNL Men,2024,2024/6/20,Canada,Germany,3,0,3-0,3,Canada,Canada,Germany,FALSE
VNL Men,2024,2024/6/20,Iran,Netherlands,3,2,3-2,5,Iran,Iran,Netherlands,FALSE
VNL Men,2024,2024/6/20,Brazil,USA,2,3,2-3,5,USA,USA,Brazil,FALSE
VNL Men,2024,2024/6/20,Argentina,Türkiye,3,0,3-0,3,Argentina,Argentina,Türkiye,FALSE
VNL Men,2024,2024/6/20,Bulgaria,Italy,0,3,0-3,3,Italy,Italy,Bulgaria,FALSE
VNL Men,2024,2024/6/20,Cuba,Slovenia,2,3,2-3,5,Slovenia,Slovenia,Cuba,FALSE
VNL Men,2024,2024/6/21,France,Iran,3,0,3-0,3,France,France,Iran,FALSE
VNL Men,2024,2024/6/21,Brazil,Canada,0,3,0-3,3,Canada,Canada,Brazil,FALSE
VNL Men,2024,2024/6/21,Japan,Netherlands,3,0,3-0,3,Japan,Japan,Netherlands,FALSE
VNL Men,2024,2024/6/21,Argentina,Poland,0,3,0-3,3,Poland,Poland,Argentina,FALSE
VNL Men,2024,2024/6/21,Bulgaria,Cuba,0,3,0-3,3,Cuba,Cuba,Bulgaria,FALSE
VNL Men,2024,2024/6/21,Serbia,Türkiye,3,1,3-1,4,Serbia,Türkiye,Serbia,TRUE
VNL Men,2024,2024/6/22,Germany,USA,1,3,1-3,4,USA,USA,Germany,FALSE
VNL Men,2024,2024/6/22,Canada,Netherlands,3,2,3-2,5,Canada,Netherlands,Canada,TRUE
VNL Men,2024,2024/6/22,France,Japan,2,3,2-3,5,Japan,France,Japan,TRUE
VNL Men,2024,2024/6/22,Argentina,Bulgaria,3,0,3-0,3,Argentina,Argentina,Bulgaria,FALSE
VNL Men,2024,2024/6/22,Poland,Serbia,3,2,3-2,5,Poland,Poland,Serbia,FALSE
VNL Men,2024,2024/6/22,Italy,Slovenia,0,3,0-3,3,Slovenia,Slovenia,Italy,FALSE
VNL Men,2024,2024/6/23,Germany,Iran,3,0,3-0,3,Germany,Germany,Iran,FALSE
VNL Men,2024,2024/6/23,Brazil,France,2,3,2-3,5,France,France,Brazil,FALSE
VNL Men,2024,2024/6/23,Japan,USA,3,0,3-0,3,Japan,Japan,USA,FALSE
VNL Men,2024,2024/6/23,Cuba,Poland,0,3,0-3,3,Poland,Poland,Cuba,FALSE
VNL Men,2024,2024/6/23,Italy,Türkiye,3,1,3-1,4,Italy,Italy,Türkiye,FALSE
VNL Men,2024,2024/6/23,Serbia,Slovenia,2,3,2-3,5,Slovenia,Slovenia,Serbia,FALSE
VNL Men,2024,2024/6/27,Canada,Japan,0,3,0-3,3,Japan,Japan,Canada,FALSE
VNL Men,2024,2024/6/27,Brazil,Poland,1,3,1-3,4,Poland,Brazil,Poland,TRUE
VNL Men,2024,2024/6/28,France,Italy,3,2,3-2,5,France,France,Italy,FALSE
VNL Men,2024,2024/6/28,Argentina,Slovenia,2,3,2-3,5,Slovenia,Argentina,Slovenia,TRUE
VNL Men,2024,2024/6/29,France,Poland,3,2,3-2,5,France,Poland,France,TRUE
VNL Men,2024,2024/6/29,Japan,Slovenia,3,0,3-0,3,Japan,Japan,Slovenia,FALSE
VNL Men,2024,2024/6/30,Poland,Slovenia,3,0,3-0,3,Poland,Poland,Slovenia,FALSE
VNL Men,2024,2024/6/30,France,Japan,3,1,3-1,4,France,France,Japan,FALSE
VNL Women,2023,2023/5/30,Germany,Netherlands,3,1,3-1,4,Germany,Germany,Netherlands,FALSE
VNL Women,2023,2023/5/30,Dominican Republic,Japan,1,3,1-3,4,Japan,Japan,Dominican Republic,FALSE
VNL Women,2023,2023/5/30,Italy,Thailand,3,2,3-2,5,Italy,Thailand,Italy,TRUE
VNL Women,2023,2023/5/30,Canada,Poland,2,3,2-3,5,Poland,Canada,Poland,TRUE
VNL Women,2023,2023/5/31,Bulgaria,Croatia,3,0,3-0,3,Bulgaria,Bulgaria,Croatia,FALSE
VNL Women,2023,2023/5/31,Brazil,China,2,3,2-3,5,China,China,Brazil,FALSE
VNL Women,2023,2023/5/31,Serbia,United States,2,3,2-3,5,United States,United States,Serbia,FALSE
VNL Women,2023,2023/5/31,Korea,Türkiye,0,3,0-3,3,Türkiye,Türkiye,Korea,FALSE
VNL Women,2023,2023/6/1,Croatia,Germany,0,3,0-3,3,Germany,Germany,Croatia,FALSE
VNL Women,2023,2023/6/1,Bulgaria,Dominican Republic,2,3,2-3,5,Dominican Republic,Bulgaria,Dominican Republic,TRUE
VNL Women,2023,2023/6/1,Brazil,Netherlands,3,0,3-0,3,Brazil,Brazil,Netherlands,FALSE
VNL Women,2023,2023/6/1,Canada,Thailand,0,3,0-3,3,Thailand,Thailand,Canada,FALSE
VNL Women,2023,2023/6/1,Italy,Poland,1,3,1-3,4,Poland,Italy,Poland,TRUE
VNL Women,2023,2023/6/1,Serbia,Türkiye,1,3,1-3,4,Türkiye,Serbia,Türkiye,TRUE
VNL Women,2023,2023/6/2,China,Germany,3,0,3-0,3,China,China,Germany,FALSE
VNL Women,2023,2023/6/2,Dominican Republic,Netherlands,3,2,3-2,5,Dominican Republic,Dominican Republic,Netherlands,FALSE
VNL Women,2023,2023/6/2,Poland,Thailand,3,0,3-0,3,Poland,Poland,Thailand,FALSE
VNL Women,2023,2023/6/2,Croatia,Japan,0,3,0-3,3,Japan,Japan,Croatia,FALSE
VNL Women,2023,2023/6/2,Canada,Korea,3,0,3-0,3,Canada,Canada,Korea,FALSE
VNL Women,2023,2023/6/2,Italy,United States,2,3,2-3,5,United States,United States,Italy,FALSE
VNL Women,2023,2023/6/3,Brazil,Dominican Republic,3,1,3-1,4,Brazil,Brazil,Dominican Republic,FALSE
VNL Women,2023,2023/6/3,China,Netherlands,3,1,3-1,4,China,China,Netherlands,FALSE
VNL Women,2023,2023/6/3,Poland,Serbia,3,0,3-0,3,Poland,Poland,Serbia,FALSE
VNL Women,2023,2023/6/3,Bulgaria,Japan,0,3,0-3,3,Japan,Japan,Bulgaria,FALSE
VNL Women,2023,2023/6/3,Korea,United States,0,3,0-3,3,United States,United States,Korea,FALSE
VNL Women,2023,2023/6/3,Italy,Türkiye,0,3,0-3,3,Türkiye,Türkiye,Italy,FALSE
VNL Women,2023,2023/6/4,Brazil,Croatia,3,0,3-0,3,Brazil,Brazil,Croatia,FALSE
VNL Women,2023,2023/6/4,Bulgaria,Germany,2,3,2-3,5,Germany,Bulgaria,Germany,TRUE
VNL Women,2023,2023/6/4,Korea,Thailand,0,3,0-3,3,Thailand,Thailand,Korea,FALSE
VNL Women,2023,2023/6/4,China,Japan,3,0,3-0,3,China,China,Japan,FALSE
VNL Women,2023,2023/6/4,Canada,Serbia,3,2,3-2,5,Canada,Serbia,Canada,TRUE
VNL Women,2023,2023/6/4,Türkiye,United States,2,3,2-3,5,United States,United States,Türkiye,FALSE
VNL Women,2023,2023/6/13,Dominican Republic,Poland,1,3,1-3,4,Poland,Poland,Dominican Republic,FALSE
VNL Women,2023,2023/6/13,Canada,China,0,3,0-3,3,China,China,Canada,FALSE
VNL Women,2023,2023/6/13,Croatia,United States,1,3,1-3,4,United States,Croatia,United States,TRUE
VNL Women,2023,2023/6/13,Japan,Serbia,2,3,2-3,5,Serbia,Japan,Serbia,TRUE
VNL Women,2023,2023/6/14,Bulgaria,Italy,0,3,0-3,3,Italy,Italy,Bulgaria,FALSE
VNL Women,2023,2023/6/14,Netherlands,Türkiye,0,3,0-3,3,Türkiye,Türkiye,Netherlands,FALSE
VNL Women,2023,2023/6/14,Germany,Thailand,3,1,3-1,4,Germany,Germany,Thailand,FALSE
VNL Women,2023,2023/6/14,Brazil,Korea,3,0,3-0,3,Brazil,Brazil,Korea,FALSE
VNL Women,2023,2023/6/15,Bulgaria,Canada,0,3,0-3,3,Canada,Canada,Bulgaria,FALSE
VNL Women,2023,2023/6/15,Poland,Türkiye,3,0,3-0,3,Poland,Poland,Türkiye,FALSE
VNL Women,2023,2023/6/15,Dominican Republic,Italy,2,3,2-3,5,Italy,Italy,Dominican Republic,FALSE
VNL Women,2023,2023/6/15,Thailand,United States,0,3,0-3,3,United States,United States,Thailand,FALSE
VNL Women,2023,2023/6/15,Japan,Korea,3,0,3-0,3,Japan,Japan,Korea,FALSE
VNL Women,2023,2023/6/15,Brazil,Serbia,3,2,3-2,5,Brazil,Serbia,Brazil,TRUE
VNL Women,2023,2023/6/16,Canada,Türkiye,0,3,0-3,3,Türkiye,Türkiye,Canada,FALSE
VNL Women,2023,2023/6/16,Netherlands,Poland,3,0,3-0,3,Netherlands,Netherlands,Poland,FALSE
VNL Women,2023,2023/6/16,Bulgaria,China,1,3,1-3,4,China,Bulgaria,China,TRUE
VNL Women,2023,2023/6/16,Germany,Japan,3,2,3-2,5,Germany,Germany,Japan,FALSE
VNL Women,2023,2023/6/16,Croatia,Korea,3,0,3-0,3,Croatia,Croatia,Korea,FALSE
VNL Women,2023,2023/6/16,Serbia,Thailand,3,2,3-2,5,Serbia,Thailand,Serbia,TRUE
VNL Women,2023,2023/6/17,Canada,Dominican Republic,2,3,2-3,5,Dominican Republic,Canada,Dominican Republic,TRUE
VNL Women,2023,2023/6/17,Italy,Netherlands,3,2,3-2,5,Italy,Netherlands,Italy,TRUE
VNL Women,2023,2023/6/17,China,Poland,0,3,0-3,3,Poland,Poland,China,FALSE
VNL Women,2023,2023/6/17,Brazil,Germany,3,1,3-1,4,Brazil,Brazil,Germany,FALSE
VNL Women,2023,2023/6/17,Japan,United States,3,2,3-2,5,Japan,United States,Japan,TRUE
VNL Women,2023,2023/6/17,Croatia,Serbia,1,3,1-3,4,Serbia,Serbia,Croatia,FALSE
VNL Women,2023,2023/6/18,Bulgaria,Netherlands,0,3,0-3,3,Netherlands,Netherlands,Bulgaria,FALSE
VNL Women,2023,2023/6/18,Dominican Republic,Türkiye,1,3,1-3,4,Türkiye,Türkiye,Dominican Republic,FALSE
VNL Women,2023,2023/6/18,China,Italy,2,3,2-3,5,Italy,China,Italy,TRUE
VNL Women,2023,2023/6/18,Brazil,United States,0,3,0-3,3,United States,United States,Brazil,FALSE
VNL Women,2023,2023/6/18,Croatia,Thailand,3,0,3-0,3,Croatia,Croatia,Thailand,FALSE
VNL Women,2023,2023/6/18,Germany,Korea,3,1,3-1,4,Germany,Germany,Korea,FALSE
VNL Women,2023,2023/6/27,Dominican Republic,Germany,1,3,1-3,4,Germany,Germany,Dominican Republic,FALSE
VNL Women,2023,2023/6/27,Canada,Croatia,3,0,3-0,3,Canada,Canada,Croatia,FALSE
VNL Women,2023,2023/6/27,Bulgaria,Korea,3,1,3-1,4,Bulgaria,Bulgaria,Korea,FALSE
VNL Women,2023,2023/6/27,Netherlands,Thailand,3,0,3-0,3,Netherlands,Netherlands,Thailand,FALSE
VNL Women,2023,2023/6/28,Poland,United States,2,3,2-3,5,United States,Poland,United States,TRUE
VNL Women,2023,2023/6/28,Japan,Türkiye,3,2,3-2,5,Japan,Japan,Türkiye,FALSE
VNL Women,2023,2023/6/28,China,Serbia,1,3,1-3,4,Serbia,Serbia,China,FALSE
VNL Women,2023,2023/6/28,Brazil,Italy,3,2,3-2,5,Brazil,Italy,Brazil,TRUE
VNL Women,2023,2023/6/29,Germany,Poland,2,3,2-3,5,Poland,Germany,Poland,TRUE
VNL Women,2023,2023/6/29,Croatia,Netherlands,0,3,0-3,3,Netherlands,Netherlands,Croatia,FALSE
VNL Women,2023,2023/6/29,Bulgaria,United States,0,3,0-3,3,United States,United States,Bulgaria,FALSE
VNL Women,2023,2023/6/29,Brazil,Canada,2,3,2-3,5,Canada,Brazil,Canada,TRUE
VNL Women,2023,2023/6/29,Dominican Republic,Korea,3,0,3-0,3,Dominican Republic,Dominican Republic,Korea,FALSE
VNL Women,2023,2023/6/29,Thailand,Türkiye,0,3,0-3,3,Türkiye,Türkiye,Thailand,FALSE
VNL Women,2023,2023/6/30,Bulgaria,Poland,1,3,1-3,4,Poland,Bulgaria,Poland,TRUE
VNL Women,2023,2023/6/30,Canada,Italy,2,3,2-3,5,Italy,Canada,Italy,TRUE
VNL Women,2023,2023/6/30,Germany,Serbia,1,3,1-3,4,Serbia,Serbia,Germany,FALSE
VNL Women,2023,2023/6/30,Japan,Netherlands,1,3,1-3,4,Netherlands,Netherlands,Japan,FALSE
VNL Women,2023,2023/6/30,China,Dominican Republic,2,3,2-3,5,Dominican Republic,China,Dominican Republic,TRUE
VNL Women,2023,2023/6/30,Brazil,Türkiye,0,3,0-3,3,Türkiye,Türkiye,Brazil,FALSE
VNL Women,2023,2023/7/1,Dominican Republic,Serbia,3,2,3-2,5,Dominican Republic,Serbia,Dominican Republic,TRUE
VNL Women,2023,2023/7/1,China,Korea,3,1,3-1,4,China,China,Korea,FALSE
VNL Women,2023,2023/7/1,Croatia,Italy,0,3,0-3,3,Italy,Italy,Croatia,FALSE
VNL Women,2023,2023/7/1,Germany,United States,1,3,1-3,4,United States,United States,Germany,FALSE
VNL Women,2023,2023/7/1,Canada,Netherlands,3,2,3-2,5,Canada,Netherlands,Canada,TRUE
VNL Women,2023,2023/7/1,Japan,Thailand,3,0,3-0,3,Japan,Japan,Thailand,FALSE
VNL Women,2023,2023/7/2,Bulgaria,Serbia,2,3,2-3,5,Serbia,Bulgaria,Serbia,TRUE
VNL Women,2023,2023/7/2,Korea,Poland,0,3,0-3,3,Poland,Poland,Korea,FALSE
VNL Women,2023,2023/7/2,Croatia,Türkiye,0,3,0-3,3,Türkiye,Türkiye,Croatia,FALSE
VNL Women,2023,2023/7/2,China,United States,3,2,3-2,5,China,United States,China,TRUE
VNL Women,2023,2023/7/2,Italy,Japan,3,1,3-1,4,Italy,Italy,Japan,FALSE
VNL Women,2023,2023/7/2,Brazil,Thailand,3,0,3-0,3,Brazil,Brazil,Thailand,FALSE
VNL Women,2023,2023/7/12,Germany,Poland,1,3,1-3,4,Poland,Poland,Germany,FALSE
VNL Women,2023,2023/7/12,Japan,United States,1,3,1-3,4,United States,United States,Japan,FALSE
VNL Women,2023,2023/7/13,Brazil,China,1,3,1-3,4,China,China,Brazil,FALSE
VNL Women,2023,2023/7/13,Italy,Türkiye,0,3,0-3,3,Türkiye,Türkiye,Italy,FALSE
VNL Women,2023,2023/7/15,China,Poland,3,0,3-0,3,China,China,Poland,FALSE
VNL Women,2023,2023/7/15,Türkiye,United States,3,1,3-1,4,Türkiye,Türkiye,United States,FALSE
VNL Women,2023,2023/7/16,Poland,United States,3,2,3-2,5,Poland,Poland,United States,FALSE
VNL Women,2023,2023/7/16,China,Türkiye,1,3,1-3,4,Türkiye,Türkiye,China,FALSE
VNL Men,2023,2023/6/6,Bulgaria,China,2,3,2-3,5,China,China,Bulgaria,FALSE
VNL Men,2023,2023/6/6,Iran,Japan,0,3,0-3,3,Japan,Japan,Iran,FALSE
VNL Men,2023,2023/6/6,Argentina,Italy,3,0,3-0,3,Argentina,Argentina,Italy,FALSE
VNL Men,2023,2023/6/6,Canada,Cuba,3,2,3-2,5,Canada,Canada,Cuba,FALSE
VNL Men,2023,2023/6/7,Serbia,Slovenia,1,3,1-3,4,Slovenia,Slovenia,Serbia,FALSE
VNL Men,2023,2023/6/7,France,Poland,1,3,1-3,4,Poland,Poland,France,FALSE
VNL Men,2023,2023/6/7,Netherlands,United States,0,3,0-3,3,United States,United States,Netherlands,FALSE
VNL Men,2023,2023/6/7,Brazil,Germany,3,1,3-1,4,Brazil,Brazil,Germany,FALSE
VNL Men,2023,2023/6/8,Bulgaria,Slovenia,3,0,3-0,3,Bulgaria,Bulgaria,Slovenia,FALSE
VNL Men,2023,2023/6/8,China,Serbia,0,3,0-3,3,Serbia,Serbia,China,FALSE
VNL Men,2023,2023/6/8,Iran,Poland,2,3,2-3,5,Poland,Iran,Poland,TRUE
VNL Men,2023,2023/6/8,Cuba,Netherlands,0,3,0-3,3,Netherlands,Netherlands,Cuba,FALSE
VNL Men,2023,2023/6/8,Italy,United States,0,3,0-3,3,United States,United States,Italy,FALSE
VNL Men,2023,2023/6/8,Argentina,Brazil,2,3,2-3,5,Brazil,Argentina,Brazil,TRUE
VNL Men,2023,2023/6/9,China,France,1,3,1-3,4,France,France,China,FALSE
VNL Men,2023,2023/6/9,Bulgaria,Poland,2,3,2-3,5,Poland,Bulgaria,Poland,TRUE
VNL Men,2023,2023/6/9,Japan,Serbia,3,1,3-1,4,Japan,Serbia,Japan,TRUE
VNL Men,2023,2023/6/9,Germany,Netherlands,0,3,0-3,3,Netherlands,Netherlands,Germany,FALSE
VNL Men,2023,2023/6/9,Cuba,Italy,1,3,1-3,4,Italy,Italy,Cuba,FALSE
VNL Men,2023,2023/6/9,Argentina,Canada,3,1,3-1,4,Argentina,Argentina,Canada,FALSE
VNL Men,2023,2023/6/10,France,Slovenia,1,3,1-3,4,Slovenia,Slovenia,France,FALSE
VNL Men,2023,2023/6/10,China,Iran,1,3,1-3,4,Iran,China,Iran,TRUE
VNL Men,2023,2023/6/10,Bulgaria,Japan,0,3,0-3,3,Japan,Japan,Bulgaria,FALSE
VNL Men,2023,2023/6/10,Germany,Italy,1,3,1-3,4,Italy,Italy,Germany,FALSE
VNL Men,2023,2023/6/10,Brazil,Cuba,2,3,2-3,5,Cuba,Cuba,Brazil,FALSE
VNL Men,2023,2023/6/10,Canada,United States,0,3,0-3,3,United States,United States,Canada,FALSE
VNL Men,2023,2023/6/11,Iran,Slovenia,0,3,0-3,3,Slovenia,Slovenia,Iran,FALSE
VNL Men,2023,2023/6/11,Poland,Serbia,0,3,0-3,3,Serbia,Serbia,Poland,FALSE
VNL Men,2023,2023/6/11,France,Japan,1,3,1-3,4,Japan,France,Japan,TRUE
VNL Men,2023,2023/6/11,Argentina,Netherlands,3,2,3-2,5,Argentina,Netherlands,Argentina,TRUE
VNL Men,2023,2023/6/11,Brazil,United States,3,1,3-1,4,Brazil,Brazil,United States,FALSE
VNL Men,2023,2023/6/11,Canada,Germany,1,3,1-3,4,Germany,Canada,Germany,TRUE
VNL Men,2023,2023/6/20,Canada,Japan,1,3,1-3,4,Japan,Japan,Canada,FALSE
VNL Men,2023,2023/6/20,Germany,Iran,0,3,0-3,3,Iran,Iran,Germany,FALSE
VNL Men,2023,2023/6/20,Serbia,United States,1,3,1-3,4,United States,Serbia,United States,TRUE
VNL Men,2023,2023/6/20,Argentina,Slovenia,1,3,1-3,4,Slovenia,Argentina,Slovenia,TRUE
VNL Men,2023,2023/6/20,China,Netherlands,0,3,0-3,3,Netherlands,Netherlands,China,FALSE
VNL Men,2023,2023/6/20,Brazil,Bulgaria,3,0,3-0,3,Brazil,Brazil,Bulgaria,FALSE
VNL Men,2023,2023/6/21,Cuba,Japan,0,3,0-3,3,Japan,Japan,Cuba,FALSE
VNL Men,2023,2023/6/21,Iran,Italy,0,3,0-3,3,Italy,Italy,Iran,FALSE
VNL Men,2023,2023/6/21,China,United States,0,3,0-3,3,United States,United States,China,FALSE
VNL Men,2023,2023/6/21,Canada,Slovenia,0,3,0-3,3,Slovenia,Slovenia,Canada,FALSE
VNL Men,2023,2023/6/21,Germany,Poland,2,3,2-3,5,Poland,Poland,Germany,FALSE
VNL Men,2023,2023/6/21,Argentina,France,3,1,3-1,4,Argentina,France,Argentina,TRUE
VNL Men,2023,2023/6/22,Brazil,Japan,2,3,2-3,5,Japan,Japan,Brazil,FALSE
VNL Men,2023,2023/6/22,China,Italy,0,3,0-3,3,Italy,Italy,China,FALSE
VNL Men,2023,2023/6/22,Germany,Serbia,1,3,1-3,4,Serbia,Serbia,Germany,FALSE
VNL Men,2023,2023/6/22,Bulgaria,Canada,1,3,1-3,4,Canada,Bulgaria,Canada,TRUE
VNL Men,2023,2023/6/22,Netherlands,Poland,2,3,2-3,5,Poland,Netherlands,Poland,TRUE
VNL Men,2023,2023/6/22,Cuba,Slovenia,1,3,1-3,4,Slovenia,Cuba,Slovenia,TRUE
VNL Men,2023,2023/6/23,Argentina,Bulgaria,3,0,3-0,3,Argentina,Argentina,Bulgaria,FALSE
VNL Men,2023,2023/6/23,Iran,United States,0,3,0-3,3,United States,United States,Iran,FALSE
VNL Men,2023,2023/6/23,Italy,Serbia,3,0,3-0,3,Italy,Italy,Serbia,FALSE
VNL Men,2023,2023/6/23,Cuba,France,0,3,0-3,3,France,France,Cuba,FALSE
VNL Men,2023,2023/6/24,Argentina,Japan,2,3,2-3,5,Japan,Japan,Argentina,FALSE
VNL Men,2023,2023/6/24,Poland,United States,0,3,0-3,3,United States,United States,Poland,FALSE
VNL Men,2023,2023/6/24,Brazil,Slovenia,3,1,3-1,4,Brazil,Slovenia,Brazil,TRUE
VNL Men,2023,2023/6/24,Iran,Netherlands,2,3,2-3,5,Netherlands,Iran,Netherlands,TRUE
VNL Men,2023,2023/6/24,Canada,France,0,3,0-3,3,France,France,Canada,FALSE
VNL Men,2023,2023/6/24,China,Germany,3,1,3-1,4,China,Germany,China,TRUE
VNL Men,2023,2023/6/25,Italy,Poland,1,3,1-3,4,Poland,Poland,Italy,FALSE
VNL Men,2023,2023/6/25,Bulgaria,Cuba,2,3,2-3,5,Cuba,Bulgaria,Cuba,TRUE
VNL Men,2023,2023/6/25,Netherlands,Serbia,2,3,2-3,5,Serbia,Netherlands,Serbia,TRUE
VNL Men,2023,2023/6/25,Brazil,France,3,1,3-1,4,Brazil,Brazil,France,FALSE
VNL Men,2023,2023/7/4,Brazil,Italy,1,3,1-3,4,Italy,Brazil,Italy,TRUE
VNL Men,2023,2023/7/4,China,Japan,2,3,2-3,5,Japan,China,Japan,TRUE
VNL Men,2023,2023/7/4,Argentina,Serbia,3,1,3-1,4,Argentina,Serbia,Argentina,TRUE
VNL Men,2023,2023/7/4,France,Iran,3,0,3-0,3,France,France,Iran,FALSE
VNL Men,2023,2023/7/5,Canada,Netherlands,1,3,1-3,4,Netherlands,Netherlands,Canada,FALSE
VNL Men,2023,2023/7/5,Poland,Slovenia,3,2,3-2,5,Poland,Slovenia,Poland,TRUE
VNL Men,2023,2023/7/5,Bulgaria,Germany,0,3,0-3,3,Germany,Germany,Bulgaria,FALSE
VNL Men,2023,2023/7/5,Cuba,United States,0,3,0-3,3,United States,United States,Cuba,FALSE
VNL Men,2023,2023/7/6,Brazil,Netherlands,3,0,3-0,3,Brazil,Brazil,Netherlands,FALSE
VNL Men,2023,2023/7/6,Canada,Italy,2,3,2-3,5,Italy,Italy,Canada,FALSE
VNL Men,2023,2023/7/6,China,Slovenia,1,3,1-3,4,Slovenia,Slovenia,China,FALSE
VNL Men,2023,2023/7/6,Argentina,Germany,3,0,3-0,3,Argentina,Argentina,Germany,FALSE
VNL Men,2023,2023/7/6,Cuba,Serbia,2,3,2-3,5,Serbia,Cuba,Serbia,TRUE
VNL Men,2023,2023/7/6,Bulgaria,Iran,3,2,3-2,5,Bulgaria,Iran,Bulgaria,TRUE
VNL Men,2023,2023/7/7,Brazil,Poland,1,3,1-3,4,Poland,Poland,Brazil,FALSE
VNL Men,2023,2023/7/7,Italy,Slovenia,3,0,3-0,3,Italy,Italy,Slovenia,FALSE
VNL Men,2023,2023/7/7,Japan,Netherlands,3,1,3-1,4,Japan,Japan,Netherlands,FALSE
VNL Men,2023,2023/7/7,France,Serbia,3,1,3-1,4,France,Serbia,France,TRUE
VNL Men,2023,2023/7/7,Cuba,Germany,0,3,0-3,3,Germany,Germany,Cuba,FALSE
VNL Men,2023,2023/7/7,Argentina,United States,3,2,3-2,5,Argentina,Argentina,United States,FALSE
VNL Men,2023,2023/7/8,Brazil,China,3,0,3-0,3,Brazil,Brazil,China,FALSE
VNL Men,2023,2023/7/8,Canada,Poland,0,3,0-3,3,Poland,Poland,Canada,FALSE
VNL Men,2023,2023/7/8,Italy,Japan,3,1,3-1,4,Italy,Italy,Japan,FALSE
VNL Men,2023,2023/7/8,Bulgaria,Serbia,0,3,0-3,3,Serbia,Serbia,Bulgaria,FALSE
VNL Men,2023,2023/7/8,Argentina,Iran,3,2,3-2,5,Argentina,Argentina,Iran,FALSE
VNL Men,2023,2023/7/8,France,United States,0,3,0-3,3,United States,United States,France,FALSE
VNL Men,2023,2023/7/9,Canada,China,3,1,3-1,4,Canada,China,Canada,TRUE
VNL Men,2023,2023/7/9,Netherlands,Slovenia,0,3,0-3,3,Slovenia,Slovenia,Netherlands,FALSE
VNL Men,2023,2023/7/9,Japan,Poland,0,3,0-3,3,Poland,Poland,Japan,FALSE
VNL Men,2023,2023/7/9,Cuba,Iran,3,2,3-2,5,Cuba,Cuba,Iran,FALSE
VNL Men,2023,2023/7/9,France,Germany,3,1,3-1,4,France,Germany,France,TRUE
VNL Men,2023,2023/7/9,Bulgaria,United States,0,3,0-3,3,United States,United States,Bulgaria,FALSE
VNL Men,2023,2023/7/19,France,United States,2,3,2-3,5,United States,United States,France,FALSE
VNL Men,2023,2023/7/19,Argentina,Italy,0,3,0-3,3,Italy,Italy,Argentina,FALSE
VNL Men,2023,2023/7/20,Japan,Slovenia,3,0,3-0,3,Japan,Japan,Slovenia,FALSE
VNL Men,2023,2023/7/20,Brazil,Poland,0,3,0-3,3,Poland,Poland,Brazil,FALSE
VNL Men,2023,2023/7/22,Japan,Poland,1,3,1-3,4,Poland,Japan,Poland,TRUE
VNL Men,2023,2023/7/22,Italy,United States,0,3,0-3,3,United States,United States,Italy,FALSE
VNL Men,2023,2023/7/23,Italy,Japan,2,3,2-3,5,Japan,Japan,Italy,FALSE
VNL Men,2023,2023/7/23,Poland,United States,3,1,3-1,4,Poland,Poland,United States,FALSE
Italian Women A1,2023-2024,7/10/2023 ,Trasportipesanti Casalmaggiore,Volley Bergamo 1991,2,3,2-3,5,Volley Bergamo 1991,Trasportipesanti Casalmaggiore,Volley Bergamo 1991,TRUE
Italian Women A1,2023-2024,8/10/2023 ,Prosecco Doc Imoco Conegliano,Itas Trentino,3,0,3-0,3,Prosecco Doc Imoco Conegliano,Prosecco Doc Imoco Conegliano,Itas Trentino,FALSE
Italian Women A1,2023-2024,8/10/2023 ,Savino Del Bene Scandicci,Il Bisonte Firenze,3,0,3-0,3,Savino Del Bene Scandicci,Savino Del Bene Scandicci,Il Bisonte Firenze,FALSE
Italian Women A1,2023-2024,8/10/2023 ,Allianz Vero Volley Milano,Uyba Volley Busto Arsizio,3,0,3-0,3,Allianz Vero Volley Milano,Allianz Vero Volley Milano,Uyba Volley Busto Arsizio,FALSE
Italian Women A1,2023-2024,8/10/2023 ,Megabox Ond. Savio Vallefoglia,Aeroitalia Smi Roma,2,3,2-3,5,Aeroitalia Smi Roma,Megabox Ond. Savio Vallefoglia,Aeroitalia Smi Roma,TRUE
Italian Women A1,2023-2024,8/10/2023 ,Wash4green Pinerolo,Honda Olivero S.Bernardo Cuneo,2,3,2-3,5,Honda Olivero S.Bernardo Cuneo,Honda Olivero S.Bernardo Cuneo,Wash4green Pinerolo,FALSE
Italian Women A1,2023-2024,8/10/2023 ,Reale Mutua Fenera Chieri '76,Igor Gorgonzola Novara,0,3,0-3,3,Igor Gorgonzola Novara,Igor Gorgonzola Novara,Reale Mutua Fenera Chieri '76,FALSE
Italian Women A1,2023-2024,14/10/2023 ,Honda Olivero S.Bernardo Cuneo,Prosecco Doc Imoco Conegliano,0,3,0-3,3,Prosecco Doc Imoco Conegliano,Prosecco Doc Imoco Conegliano,Honda Olivero S.Bernardo Cuneo,FALSE
Italian Women A1,2023-2024,14/10/2023 ,Itas Trentino,Allianz Vero Volley Milano,1,3,1-3,4,Allianz Vero Volley Milano,Allianz Vero Volley Milano,Itas Trentino,FALSE
Italian Women A1,2023-2024,15/10/2023 ,Igor Gorgonzola Novara,Trasportipesanti Casalmaggiore,3,1,3-1,4,Igor Gorgonzola Novara,Igor Gorgonzola Novara,Trasportipesanti Casalmaggiore,FALSE
Italian Women A1,2023-2024,15/10/2023 ,Volley Bergamo 1991,Megabox Ond. Savio Vallefoglia,1,3,1-3,4,Megabox Ond. Savio Vallefoglia,Volley Bergamo 1991,Megabox Ond. Savio Vallefoglia,TRUE
Italian Women A1,2023-2024,15/10/2023 ,Uyba Volley Busto Arsizio,Savino Del Bene Scandicci,1,3,1-3,4,Savino Del Bene Scandicci,Savino Del Bene Scandicci,Uyba Volley Busto Arsizio,FALSE
Italian Women A1,2023-2024,15/10/2023 ,Aeroitalia Smi Roma,Reale Mutua Fenera Chieri '76,0,3,0-3,3,Reale Mutua Fenera Chieri '76,Reale Mutua Fenera Chieri '76,Aeroitalia Smi Roma,FALSE
Italian Women A1,2023-2024,15/10/2023 ,Il Bisonte Firenze,Wash4green Pinerolo,2,3,2-3,5,Wash4green Pinerolo,Il Bisonte Firenze,Wash4green Pinerolo,TRUE
Italian Women A1,2023-2024,21/10/2023 ,Honda Olivero S.Bernardo Cuneo,Megabox Ond. Savio Vallefoglia,1,3,1-3,4,Megabox Ond. Savio Vallefoglia,Honda Olivero S.Bernardo Cuneo,Megabox Ond. Savio Vallefoglia,TRUE
Italian Women A1,2023-2024,22/10/2023 ,Il Bisonte Firenze,Volley Bergamo 1991,3,0,3-0,3,Il Bisonte Firenze,Il Bisonte Firenze,Volley Bergamo 1991,FALSE
Italian Women A1,2023-2024,22/10/2023 ,Wash4green Pinerolo,Igor Gorgonzola Novara,1,3,1-3,4,Igor Gorgonzola Novara,Igor Gorgonzola Novara,Wash4green Pinerolo,FALSE
Italian Women A1,2023-2024,22/10/2023 ,Aeroitalia Smi Roma,Uyba Volley Busto Arsizio,3,2,3-2,5,Aeroitalia Smi Roma,Aeroitalia Smi Roma,Uyba Volley Busto Arsizio,FALSE
Italian Women A1,2023-2024,22/10/2023 ,Allianz Vero Volley Milano,Savino Del Bene Scandicci,3,2,3-2,5,Allianz Vero Volley Milano,Allianz Vero Volley Milano,Savino Del Bene Scandicci,FALSE
Italian Women A1,2023-2024,22/10/2023 ,Trasportipesanti Casalmaggiore,Itas Trentino,3,0,3-0,3,Trasportipesanti Casalmaggiore,Trasportipesanti Casalmaggiore,Itas Trentino,FALSE
Italian Women A1,2023-2024,21/10/2023 ,Reale Mutua Fenera Chieri '76,Prosecco Doc Imoco Conegliano,1,3,1-3,4,Prosecco Doc Imoco Conegliano,Prosecco Doc Imoco Conegliano,Reale Mutua Fenera Chieri '76,FALSE
Italian Women A1,2023-2024,28/10/2023 ,Volley Bergamo 1991,Honda Olivero S.Bernardo Cuneo,2,3,2-3,5,Honda Olivero S.Bernardo Cuneo,Honda Olivero S.Bernardo Cuneo,Volley Bergamo 1991,FALSE
Italian Women A1,2023-2024,29/10/2023 ,Savino Del Bene Scandicci,Trasportipesanti Casalmaggiore,3,1,3-1,4,Savino Del Bene Scandicci,Savino Del Bene Scandicci,Trasportipesanti Casalmaggiore,FALSE
Italian Women A1,2023-2024,29/10/2023 ,Megabox Ond. Savio Vallefoglia,Wash4green Pinerolo,0,3,0-3,3,Wash4green Pinerolo,Wash4green Pinerolo,Megabox Ond. Savio Vallefoglia,FALSE
Italian Women A1,2023-2024,29/10/2023 ,Itas Trentino,Il Bisonte Firenze,1,3,1-3,4,Il Bisonte Firenze,Il Bisonte Firenze,Itas Trentino,FALSE
Italian Women A1,2023-2024,29/10/2023 ,Uyba Volley Busto Arsizio,Igor Gorgonzola Novara,0,3,0-3,3,Igor Gorgonzola Novara,Igor Gorgonzola Novara,Uyba Volley Busto Arsizio,FALSE
Italian Women A1,2023-2024,22/11/2023 ,Allianz Vero Volley Milano,Reale Mutua Fenera Chieri '76,3,0,3-0,3,Allianz Vero Volley Milano,Allianz Vero Volley Milano,Reale Mutua Fenera Chieri '76,FALSE
Italian Women A1,2023-2024,22/11/2023 ,Prosecco Doc Imoco Conegliano,Aeroitalia Smi Roma,3,0,3-0,3,Prosecco Doc Imoco Conegliano,Prosecco Doc Imoco Conegliano,Aeroitalia Smi Roma,FALSE
Italian Women A1,2023-2024,1/11/2023 ,Il Bisonte Firenze,Aeroitalia Smi Roma,3,2,3-2,5,Il Bisonte Firenze,Il Bisonte Firenze,Aeroitalia Smi Roma,FALSE
Italian Women A1,2023-2024,1/11/2023 ,Megabox Ond. Savio Vallefoglia,Reale Mutua Fenera Chieri '76,1,3,1-3,4,Reale Mutua Fenera Chieri '76,Reale Mutua Fenera Chieri '76,Megabox Ond. Savio Vallefoglia,FALSE
Italian Women A1,2023-2024,1/11/2023 ,Igor Gorgonzola Novara,Itas Trentino,3,0,3-0,3,Igor Gorgonzola Novara,Igor Gorgonzola Novara,Itas Trentino,FALSE
Italian Women A1,2023-2024,1/11/2023 ,Trasportipesanti Casalmaggiore,Honda Olivero S.Bernardo Cuneo,0,3,0-3,3,Honda Olivero S.Bernardo Cuneo,Honda Olivero S.Bernardo Cuneo,Trasportipesanti Casalmaggiore,FALSE
Italian Women A1,2023-2024,1/11/2023 ,Savino Del Bene Scandicci,Prosecco Doc Imoco Conegliano,1,3,1-3,4,Prosecco Doc Imoco Conegliano,Prosecco Doc Imoco Conegliano,Savino Del Bene Scandicci,FALSE
Italian Women A1,2023-2024,1/11/2023 ,Volley Bergamo 1991,Allianz Vero Volley Milano,1,3,1-3,4,Allianz Vero Volley Milano,Allianz Vero Volley Milano,Volley Bergamo 1991,FALSE
Italian Women A1,2023-2024,1/11/2023 ,Wash4green Pinerolo,Uyba Volley Busto Arsizio,3,1,3-1,4,Wash4green Pinerolo,Uyba Volley Busto Arsizio,Wash4green Pinerolo,TRUE
Italian Women A1,2023-2024,4/11/2023 ,Itas Trentino,Savino Del Bene Scandicci,0,3,0-3,3,Savino Del Bene Scandicci,Savino Del Bene Scandicci,Itas Trentino,FALSE
Italian Women A1,2023-2024,4/11/2023 ,Reale Mutua Fenera Chieri '76,Wash4green Pinerolo,3,0,3-0,3,Reale Mutua Fenera Chieri '76,Reale Mutua Fenera Chieri '76,Wash4green Pinerolo,FALSE
Italian Women A1,2023-2024,4/11/2023 ,Aeroitalia Smi Roma,Volley Bergamo 1991,3,0,3-0,3,Aeroitalia Smi Roma,Aeroitalia Smi Roma,Volley Bergamo 1991,FALSE
Italian Women A1,2023-2024,5/11/2023 ,Allianz Vero Volley Milano,Prosecco Doc Imoco Conegliano,1,3,1-3,4,Prosecco Doc Imoco Conegliano,Allianz Vero Volley Milano,Prosecco Doc Imoco Conegliano,TRUE
Italian Women A1,2023-2024,5/11/2023 ,Uyba Volley Busto Arsizio,Megabox Ond. Savio Vallefoglia,3,0,3-0,3,Uyba Volley Busto Arsizio,Uyba Volley Busto Arsizio,Megabox Ond. Savio Vallefoglia,FALSE
Italian Women A1,2023-2024,5/11/2023 ,Il Bisonte Firenze,Trasportipesanti Casalmaggiore,0,3,0-3,3,Trasportipesanti Casalmaggiore,Trasportipesanti Casalmaggiore,Il Bisonte Firenze,FALSE
Italian Women A1,2023-2024,5/11/2023 ,Honda Olivero S.Bernardo Cuneo,Igor Gorgonzola Novara,0,3,0-3,3,Igor Gorgonzola Novara,Igor Gorgonzola Novara,Honda Olivero S.Bernardo Cuneo,FALSE
Italian Women A1,2023-2024,11/11/2023 ,Itas Trentino,Honda Olivero S.Bernardo Cuneo,3,2,3-2,5,Itas Trentino,Itas Trentino,Honda Olivero S.Bernardo Cuneo,FALSE
Italian Women A1,2023-2024,11/11/2023 ,Volley Bergamo 1991,Reale Mutua Fenera Chieri '76,2,3,2-3,5,Reale Mutua Fenera Chieri '76,Volley Bergamo 1991,Reale Mutua Fenera Chieri '76,TRUE
Italian Women A1,2023-2024,12/11/2023 ,Igor Gorgonzola Novara,Allianz Vero Volley Milano,1,3,1-3,4,Allianz Vero Volley Milano,Allianz Vero Volley Milano,Igor Gorgonzola Novara,FALSE
Italian Women A1,2023-2024,12/11/2023 ,Prosecco Doc Imoco Conegliano,Il Bisonte Firenze,3,0,3-0,3,Prosecco Doc Imoco Conegliano,Prosecco Doc Imoco Conegliano,Il Bisonte Firenze,FALSE
Italian Women A1,2023-2024,12/11/2023 ,Trasportipesanti Casalmaggiore,Uyba Volley Busto Arsizio,1,3,1-3,4,Uyba Volley Busto Arsizio,Uyba Volley Busto Arsizio,Trasportipesanti Casalmaggiore,FALSE
Italian Women A1,2023-2024,12/11/2023 ,Wash4green Pinerolo,Aeroitalia Smi Roma,3,0,3-0,3,Wash4green Pinerolo,Wash4green Pinerolo,Aeroitalia Smi Roma,FALSE
Italian Women A1,2023-2024,12/11/2023 ,Savino Del Bene Scandicci,Megabox Ond. Savio Vallefoglia,3,0,3-0,3,Savino Del Bene Scandicci,Savino Del Bene Scandicci,Megabox Ond. Savio Vallefoglia,FALSE
Italian Women A1,2023-2024,18/11/2023 ,Reale Mutua Fenera Chieri '76,Itas Trentino,3,1,3-1,4,Reale Mutua Fenera Chieri '76,Reale Mutua Fenera Chieri '76,Itas Trentino,FALSE
Italian Women A1,2023-2024,18/11/2023 ,Trasportipesanti Casalmaggiore,Aeroitalia Smi Roma,2,3,2-3,5,Aeroitalia Smi Roma,Trasportipesanti Casalmaggiore,Aeroitalia Smi Roma,TRUE
Italian Women A1,2023-2024,19/11/2023 ,Allianz Vero Volley Milano,Wash4green Pinerolo,3,0,3-0,3,Allianz Vero Volley Milano,Allianz Vero Volley Milano,Wash4green Pinerolo,FALSE
Italian Women A1,2023-2024,19/11/2023 ,Megabox Ond. Savio Vallefoglia,Igor Gorgonzola Novara,0,3,0-3,3,Igor Gorgonzola Novara,Igor Gorgonzola Novara,Megabox Ond. Savio Vallefoglia,FALSE
Italian Women A1,2023-2024,19/11/2023 ,Il Bisonte Firenze,Uyba Volley Busto Arsizio,3,0,3-0,3,Il Bisonte Firenze,Il Bisonte Firenze,Uyba Volley Busto Arsizio,FALSE
Italian Women A1,2023-2024,19/11/2023 ,Honda Olivero S.Bernardo Cuneo,Savino Del Bene Scandicci,1,3,1-3,4,Savino Del Bene Scandicci,Savino Del Bene Scandicci,Honda Olivero S.Bernardo Cuneo,FALSE
Italian Women A1,2023-2024,19/11/2023 ,Volley Bergamo 1991,Prosecco Doc Imoco Conegliano,0,3,0-3,3,Prosecco Doc Imoco Conegliano,Prosecco Doc Imoco Conegliano,Volley Bergamo 1991,FALSE
Italian Women A1,2023-2024,25/11/2023 ,Igor Gorgonzola Novara,Il Bisonte Firenze,3,1,3-1,4,Igor Gorgonzola Novara,Igor Gorgonzola Novara,Il Bisonte Firenze,FALSE
Italian Women A1,2023-2024,25/11/2023 ,Itas Trentino,Megabox Ond. Savio Vallefoglia,0,3,0-3,3,Megabox Ond. Savio Vallefoglia,Megabox Ond. Savio Vallefoglia,Itas Trentino,FALSE
Italian Women A1,2023-2024,26/11/2023 ,Prosecco Doc Imoco Conegliano,Trasportipesanti Casalmaggiore,3,0,3-0,3,Prosecco Doc Imoco Conegliano,Prosecco Doc Imoco Conegliano,Trasportipesanti Casalmaggiore,FALSE
Italian Women A1,2023-2024,26/11/2023 ,Savino Del Bene Scandicci,Reale Mutua Fenera Chieri '76,3,2,3-2,5,Savino Del Bene Scandicci,Savino Del Bene Scandicci,Reale Mutua Fenera Chieri '76,FALSE
Italian Women A1,2023-2024,26/11/2023 ,Uyba Volley Busto Arsizio,Honda Olivero S.Bernardo Cuneo,2,3,2-3,5,Honda Olivero S.Bernardo Cuneo,Uyba Volley Busto Arsizio,Honda Olivero S.Bernardo Cuneo,TRUE
Italian Women A1,2023-2024,26/11/2023 ,Aeroitalia Smi Roma,Allianz Vero Volley Milano,0,3,0-3,3,Allianz Vero Volley Milano,Allianz Vero Volley Milano,Aeroitalia Smi Roma,FALSE
Italian Women A1,2023-2024,26/11/2023 ,Wash4green Pinerolo,Volley Bergamo 1991,3,2,3-2,5,Wash4green Pinerolo,Volley Bergamo 1991,Wash4green Pinerolo,TRUE
Italian Women A1,2023-2024,2/12/2023 ,Wash4green Pinerolo,Savino Del Bene Scandicci,0,3,0-3,3,Savino Del Bene Scandicci,Savino Del Bene Scandicci,Wash4green Pinerolo,FALSE
Italian Women A1,2023-2024,3/12/2023 ,Allianz Vero Volley Milano,Trasportipesanti Casalmaggiore,3,2,3-2,5,Allianz Vero Volley Milano,Trasportipesanti Casalmaggiore,Allianz Vero Volley Milano,TRUE
Italian Women A1,2023-2024,3/12/2023 ,Reale Mutua Fenera Chieri '76,Uyba Volley Busto Arsizio,3,0,3-0,3,Reale Mutua Fenera Chieri '76,Reale Mutua Fenera Chieri '76,Uyba Volley Busto Arsizio,FALSE
Italian Women A1,2023-2024,3/12/2023 ,Volley Bergamo 1991,Itas Trentino,3,0,3-0,3,Volley Bergamo 1991,Volley Bergamo 1991,Itas Trentino,FALSE
Italian Women A1,2023-2024,3/12/2023 ,Megabox Ond. Savio Vallefoglia,Il Bisonte Firenze,3,1,3-1,4,Megabox Ond. Savio Vallefoglia,Il Bisonte Firenze,Megabox Ond. Savio Vallefoglia,TRUE
Italian Women A1,2023-2024,3/12/2023 ,Aeroitalia Smi Roma,Honda Olivero S.Bernardo Cuneo,3,1,3-1,4,Aeroitalia Smi Roma,Honda Olivero S.Bernardo Cuneo,Aeroitalia Smi Roma,TRUE
Italian Women A1,2023-2024,3/12/2023 ,Igor Gorgonzola Novara,Prosecco Doc Imoco Conegliano,1,3,1-3,4,Prosecco Doc Imoco Conegliano,Prosecco Doc Imoco Conegliano,Igor Gorgonzola Novara,FALSE
Italian Women A1,2023-2024,9/12/2023 ,Uyba Volley Busto Arsizio,Volley Bergamo 1991,3,1,3-1,4,Uyba Volley Busto Arsizio,Volley Bergamo 1991,Uyba Volley Busto Arsizio,TRUE
Italian Women A1,2023-2024,9/12/2023 ,Trasportipesanti Casalmaggiore,Wash4green Pinerolo,0,3,0-3,3,Wash4green Pinerolo,Wash4green Pinerolo,Trasportipesanti Casalmaggiore,FALSE
Italian Women A1,2023-2024,10/12/2023 ,Prosecco Doc Imoco Conegliano,Megabox Ond. Savio Vallefoglia,3,0,3-0,3,Prosecco Doc Imoco Conegliano,Prosecco Doc Imoco Conegliano,Megabox Ond. Savio Vallefoglia,FALSE
Italian Women A1,2023-2024,10/12/2023 ,Il Bisonte Firenze,Reale Mutua Fenera Chieri '76,3,2,3-2,5,Il Bisonte Firenze,Il Bisonte Firenze,Reale Mutua Fenera Chieri '76,FALSE
Italian Women A1,2023-2024,10/12/2023 ,Honda Olivero S.Bernardo Cuneo,Allianz Vero Volley Milano,0,3,0-3,3,Allianz Vero Volley Milano,Allianz Vero Volley Milano,Honda Olivero S.Bernardo Cuneo,FALSE
Italian Women A1,2023-2024,10/12/2023 ,Itas Trentino,Aeroitalia Smi Roma,0,3,0-3,3,Aeroitalia Smi Roma,Aeroitalia Smi Roma,Itas Trentino,FALSE
Italian Women A1,2023-2024,11/12/2023 ,Savino Del Bene Scandicci,Igor Gorgonzola Novara,3,1,3-1,4,Savino Del Bene Scandicci,Savino Del Bene Scandicci,Igor Gorgonzola Novara,FALSE
Italian Women A1,2023-2024,16/12/2023 ,Aeroitalia Smi Roma,Savino Del Bene Scandicci,2,3,2-3,5,Savino Del Bene Scandicci,Savino Del Bene Scandicci,Aeroitalia Smi Roma,FALSE
Italian Women A1,2023-2024,16/12/2023 ,Volley Bergamo 1991,Igor Gorgonzola Novara,0,3,0-3,3,Igor Gorgonzola Novara,Igor Gorgonzola Novara,Volley Bergamo 1991,FALSE
Italian Women A1,2023-2024,16/12/2023 ,Megabox Ond. Savio Vallefoglia,Trasportipesanti Casalmaggiore,3,0,3-0,3,Megabox Ond. Savio Vallefoglia,Megabox Ond. Savio Vallefoglia,Trasportipesanti Casalmaggiore,FALSE
Italian Women A1,2023-2024,17/12/2023 ,Il Bisonte Firenze,Allianz Vero Volley Milano,0,3,0-3,3,Allianz Vero Volley Milano,Allianz Vero Volley Milano,Il Bisonte Firenze,FALSE
Italian Women A1,2023-2024,17/12/2023 ,Wash4green Pinerolo,Prosecco Doc Imoco Conegliano,2,3,2-3,5,Prosecco Doc Imoco Conegliano,Prosecco Doc Imoco Conegliano,Wash4green Pinerolo,FALSE
Italian Women A1,2023-2024,17/12/2023 ,Reale Mutua Fenera Chieri '76,Honda Olivero S.Bernardo Cuneo,3,1,3-1,4,Reale Mutua Fenera Chieri '76,Reale Mutua Fenera Chieri '76,Honda Olivero S.Bernardo Cuneo,FALSE
Italian Women A1,2023-2024,17/12/2023 ,Uyba Volley Busto Arsizio,Itas Trentino,3,0,3-0,3,Uyba Volley Busto Arsizio,Uyba Volley Busto Arsizio,Itas Trentino,FALSE
Italian Women A1,2023-2024,22/12/2023 ,Itas Trentino,Wash4green Pinerolo,2,3,2-3,5,Wash4green Pinerolo,Itas Trentino,Wash4green Pinerolo,TRUE
Italian Women A1,2023-2024,23/12/2023 ,Prosecco Doc Imoco Conegliano,Uyba Volley Busto Arsizio,3,0,3-0,3,Prosecco Doc Imoco Conegliano,Prosecco Doc Imoco Conegliano,Uyba Volley Busto Arsizio,FALSE
Italian Women A1,2023-2024,23/12/2023 ,Savino Del Bene Scandicci,Volley Bergamo 1991,3,0,3-0,3,Savino Del Bene Scandicci,Savino Del Bene Scandicci,Volley Bergamo 1991,FALSE
Italian Women A1,2023-2024,23/12/2023 ,Allianz Vero Volley Milano,Megabox Ond. Savio Vallefoglia,3,0,3-0,3,Allianz Vero Volley Milano,Allianz Vero Volley Milano,Megabox Ond. Savio Vallefoglia,FALSE
Italian Women A1,2023-2024,23/12/2023 ,Igor Gorgonzola Novara,Aeroitalia Smi Roma,3,0,3-0,3,Igor Gorgonzola Novara,Igor Gorgonzola Novara,Aeroitalia Smi Roma,FALSE
Italian Women A1,2023-2024,23/12/2023 ,Trasportipesanti Casalmaggiore,Reale Mutua Fenera Chieri '76,1,3,1-3,4,Reale Mutua Fenera Chieri '76,Reale Mutua Fenera Chieri '76,Trasportipesanti Casalmaggiore,FALSE
Italian Women A1,2023-2024,23/12/2023 ,Honda Olivero S.Bernardo Cuneo,Il Bisonte Firenze,2,3,2-3,5,Il Bisonte Firenze,Honda Olivero S.Bernardo Cuneo,Il Bisonte Firenze,TRUE
Italian Women A1,2023-2024,26/12/2023 ,Itas Trentino,Prosecco Doc Imoco Conegliano,0,3,0-3,3,Prosecco Doc Imoco Conegliano,Prosecco Doc Imoco Conegliano,Itas Trentino,FALSE
Italian Women A1,2023-2024,26/12/2023 ,Uyba Volley Busto Arsizio,Allianz Vero Volley Milano,1,3,1-3,4,Allianz Vero Volley Milano,Allianz Vero Volley Milano,Uyba Volley Busto Arsizio,FALSE
Italian Women A1,2023-2024,26/12/2023 ,Igor Gorgonzola Novara,Reale Mutua Fenera Chieri '76,3,1,3-1,4,Igor Gorgonzola Novara,Igor Gorgonzola Novara,Reale Mutua Fenera Chieri '76,FALSE
Italian Women A1,2023-2024,26/12/2023 ,Volley Bergamo 1991,Trasportipesanti Casalmaggiore,3,1,3-1,4,Volley Bergamo 1991,Volley Bergamo 1991,Trasportipesanti Casalmaggiore,FALSE
Italian Women A1,2023-2024,26/12/2023 ,Aeroitalia Smi Roma,Megabox Ond. Savio Vallefoglia,2,3,2-3,5,Megabox Ond. Savio Vallefoglia,Megabox Ond. Savio Vallefoglia,Aeroitalia Smi Roma,FALSE
Italian Women A1,2023-2024,26/12/2023 ,Honda Olivero S.Bernardo Cuneo,Wash4green Pinerolo,3,2,3-2,5,Honda Olivero S.Bernardo Cuneo,Wash4green Pinerolo,Honda Olivero S.Bernardo Cuneo,TRUE
Italian Women A1,2023-2024,26/12/2023 ,Il Bisonte Firenze,Savino Del Bene Scandicci,0,3,0-3,3,Savino Del Bene Scandicci,Savino Del Bene Scandicci,Il Bisonte Firenze,FALSE
Italian Women A1,2023-2024,6/1/2024 ,Reale Mutua Fenera Chieri '76,Aeroitalia Smi Roma,3,0,3-0,3,Reale Mutua Fenera Chieri '76,Reale Mutua Fenera Chieri '76,Aeroitalia Smi Roma,FALSE
Italian Women A1,2023-2024,6/1/2024 ,Savino Del Bene Scandicci,Uyba Volley Busto Arsizio,3,1,3-1,4,Savino Del Bene Scandicci,Savino Del Bene Scandicci,Uyba Volley Busto Arsizio,FALSE
Italian Women A1,2023-2024,6/1/2024 ,Megabox Ond. Savio Vallefoglia,Volley Bergamo 1991,3,1,3-1,4,Megabox Ond. Savio Vallefoglia,Megabox Ond. Savio Vallefoglia,Volley Bergamo 1991,FALSE
Italian Women A1,2023-2024,7/1/2024 ,Prosecco Doc Imoco Conegliano,Honda Olivero S.Bernardo Cuneo,3,0,3-0,3,Prosecco Doc Imoco Conegliano,Prosecco Doc Imoco Conegliano,Honda Olivero S.Bernardo Cuneo,FALSE
Italian Women A1,2023-2024,7/1/2024 ,Allianz Vero Volley Milano,Itas Trentino,3,0,3-0,3,Allianz Vero Volley Milano,Allianz Vero Volley Milano,Itas Trentino,FALSE
Italian Women A1,2023-2024,7/1/2024 ,Wash4green Pinerolo,Il Bisonte Firenze,1,3,1-3,4,Il Bisonte Firenze,Il Bisonte Firenze,Wash4green Pinerolo,FALSE
Italian Women A1,2023-2024,17/2/2024 ,Trasportipesanti Casalmaggiore,Igor Gorgonzola Novara,3,1,3-1,4,Trasportipesanti Casalmaggiore,Igor Gorgonzola Novara,Trasportipesanti Casalmaggiore,TRUE
Italian Women A1,2023-2024,13/1/2024 ,Itas Trentino,Trasportipesanti Casalmaggiore,2,3,2-3,5,Trasportipesanti Casalmaggiore,Itas Trentino,Trasportipesanti Casalmaggiore,TRUE
Italian Women A1,2023-2024,13/1/2024 ,Savino Del Bene Scandicci,Allianz Vero Volley Milano,0,3,0-3,3,Allianz Vero Volley Milano,Allianz Vero Volley Milano,Savino Del Bene Scandicci,FALSE
Italian Women A1,2023-2024,14/1/2024 ,Prosecco Doc Imoco Conegliano,Reale Mutua Fenera Chieri '76,3,2,3-2,5,Prosecco Doc Imoco Conegliano,Reale Mutua Fenera Chieri '76,Prosecco Doc Imoco Conegliano,TRUE
Italian Women A1,2023-2024,14/1/2024 ,Volley Bergamo 1991,Il Bisonte Firenze,2,3,2-3,5,Il Bisonte Firenze,Volley Bergamo 1991,Il Bisonte Firenze,TRUE
Italian Women A1,2023-2024,14/1/2024 ,Megabox Ond. Savio Vallefoglia,Honda Olivero S.Bernardo Cuneo,3,1,3-1,4,Megabox Ond. Savio Vallefoglia,Megabox Ond. Savio Vallefoglia,Honda Olivero S.Bernardo Cuneo,FALSE
Italian Women A1,2023-2024,14/1/2024 ,Igor Gorgonzola Novara,Wash4green Pinerolo,3,1,3-1,4,Igor Gorgonzola Novara,Igor Gorgonzola Novara,Wash4green Pinerolo,FALSE
Italian Women A1,2023-2024,14/1/2024 ,Uyba Volley Busto Arsizio,Aeroitalia Smi Roma,3,0,3-0,3,Uyba Volley Busto Arsizio,Uyba Volley Busto Arsizio,Aeroitalia Smi Roma,FALSE
Italian Women A1,2023-2024,20/1/2024 ,Wash4green Pinerolo,Megabox Ond. Savio Vallefoglia,3,1,3-1,4,Wash4green Pinerolo,Wash4green Pinerolo,Megabox Ond. Savio Vallefoglia,FALSE
Italian Women A1,2023-2024,21/1/2024 ,Aeroitalia Smi Roma,Prosecco Doc Imoco Conegliano,2,3,2-3,5,Prosecco Doc Imoco Conegliano,Aeroitalia Smi Roma,Prosecco Doc Imoco Conegliano,TRUE
Italian Women A1,2023-2024,21/1/2024 ,Honda Olivero S.Bernardo Cuneo,Volley Bergamo 1991,1,3,1-3,4,Volley Bergamo 1991,Volley Bergamo 1991,Honda Olivero S.Bernardo Cuneo,FALSE
Italian Women A1,2023-2024,21/1/2024 ,Igor Gorgonzola Novara,Uyba Volley Busto Arsizio,3,1,3-1,4,Igor Gorgonzola Novara,Igor Gorgonzola Novara,Uyba Volley Busto Arsizio,FALSE
Italian Women A1,2023-2024,21/1/2024 ,Il Bisonte Firenze,Itas Trentino,3,0,3-0,3,Il Bisonte Firenze,Il Bisonte Firenze,Itas Trentino,FALSE
Italian Women A1,2023-2024,21/1/2024 ,Reale Mutua Fenera Chieri '76,Allianz Vero Volley Milano,2,3,2-3,5,Allianz Vero Volley Milano,Reale Mutua Fenera Chieri '76,Allianz Vero Volley Milano,TRUE
Italian Women A1,2023-2024,21/1/2024 ,Trasportipesanti Casalmaggiore,Savino Del Bene Scandicci,0,3,0-3,3,Savino Del Bene Scandicci,Savino Del Bene Scandicci,Trasportipesanti Casalmaggiore,FALSE
Italian Women A1,2023-2024,27/1/2024 ,Prosecco Doc Imoco Conegliano,Savino Del Bene Scandicci,3,0,3-0,3,Prosecco Doc Imoco Conegliano,Prosecco Doc Imoco Conegliano,Savino Del Bene Scandicci,FALSE
Italian Women A1,2023-2024,28/1/2024 ,Allianz Vero Volley Milano,Volley Bergamo 1991,3,1,3-1,4,Allianz Vero Volley Milano,Allianz Vero Volley Milano,Volley Bergamo 1991,FALSE
Italian Women A1,2023-2024,28/1/2024 ,Reale Mutua Fenera Chieri '76,Megabox Ond. Savio Vallefoglia,3,0,3-0,3,Reale Mutua Fenera Chieri '76,Reale Mutua Fenera Chieri '76,Megabox Ond. Savio Vallefoglia,FALSE
Italian Women A1,2023-2024,28/1/2024 ,Aeroitalia Smi Roma,Il Bisonte Firenze,3,1,3-1,4,Aeroitalia Smi Roma,Aeroitalia Smi Roma,Il Bisonte Firenze,FALSE
Italian Women A1,2023-2024,28/1/2024 ,Uyba Volley Busto Arsizio,Wash4green Pinerolo,2,3,2-3,5,Wash4green Pinerolo,Uyba Volley Busto Arsizio,Wash4green Pinerolo,TRUE
Italian Women A1,2023-2024,28/1/2024 ,Itas Trentino,Igor Gorgonzola Novara,1,3,1-3,4,Igor Gorgonzola Novara,Igor Gorgonzola Novara,Itas Trentino,FALSE
Italian Women A1,2023-2024,28/1/2024 ,Honda Olivero S.Bernardo Cuneo,Trasportipesanti Casalmaggiore,1,3,1-3,4,Trasportipesanti Casalmaggiore,Trasportipesanti Casalmaggiore,Honda Olivero S.Bernardo Cuneo,FALSE
Italian Women A1,2023-2024,3/2/2024 ,Trasportipesanti Casalmaggiore,Il Bisonte Firenze,3,0,3-0,3,Trasportipesanti Casalmaggiore,Trasportipesanti Casalmaggiore,Il Bisonte Firenze,FALSE
Italian Women A1,2023-2024,3/2/2024 ,Megabox Ond. Savio Vallefoglia,Uyba Volley Busto Arsizio,3,0,3-0,3,Megabox Ond. Savio Vallefoglia,Megabox Ond. Savio Vallefoglia,Uyba Volley Busto Arsizio,FALSE
Italian Women A1,2023-2024,4/2/2024 ,Volley Bergamo 1991,Aeroitalia Smi Roma,1,3,1-3,4,Aeroitalia Smi Roma,Aeroitalia Smi Roma,Volley Bergamo 1991,FALSE
Italian Women A1,2023-2024,4/2/2024 ,Wash4green Pinerolo,Reale Mutua Fenera Chieri '76,3,1,3-1,4,Wash4green Pinerolo,Wash4green Pinerolo,Reale Mutua Fenera Chieri '76,FALSE
Italian Women A1,2023-2024,4/2/2024 ,Igor Gorgonzola Novara,Honda Olivero S.Bernardo Cuneo,3,1,3-1,4,Igor Gorgonzola Novara,Igor Gorgonzola Novara,Honda Olivero S.Bernardo Cuneo,FALSE
Italian Women A1,2023-2024,4/2/2024 ,Savino Del Bene Scandicci,Itas Trentino,3,0,3-0,3,Savino Del Bene Scandicci,Savino Del Bene Scandicci,Itas Trentino,FALSE
Italian Women A1,2023-2024,4/2/2024 ,Prosecco Doc Imoco Conegliano,Allianz Vero Volley Milano,3,0,3-0,3,Prosecco Doc Imoco Conegliano,Prosecco Doc Imoco Conegliano,Allianz Vero Volley Milano,FALSE
Italian Women A1,2023-2024,10/2/2024 ,Megabox Ond. Savio Vallefoglia,Savino Del Bene Scandicci,2,3,2-3,5,Savino Del Bene Scandicci,Megabox Ond. Savio Vallefoglia,Savino Del Bene Scandicci,TRUE
Italian Women A1,2023-2024,10/2/2024 ,Allianz Vero Volley Milano,Igor Gorgonzola Novara,2,3,2-3,5,Igor Gorgonzola Novara,Igor Gorgonzola Novara,Allianz Vero Volley Milano,FALSE
Italian Women A1,2023-2024,11/2/2024 ,Uyba Volley Busto Arsizio,Trasportipesanti Casalmaggiore,1,3,1-3,4,Trasportipesanti Casalmaggiore,Trasportipesanti Casalmaggiore,Uyba Volley Busto Arsizio,FALSE
Italian Women A1,2023-2024,11/2/2024 ,Reale Mutua Fenera Chieri '76,Volley Bergamo 1991,3,0,3-0,3,Reale Mutua Fenera Chieri '76,Reale Mutua Fenera Chieri '76,Volley Bergamo 1991,FALSE
Italian Women A1,2023-2024,11/2/2024 ,Aeroitalia Smi Roma,Wash4green Pinerolo,3,2,3-2,5,Aeroitalia Smi Roma,Aeroitalia Smi Roma,Wash4green Pinerolo,FALSE
Italian Women A1,2023-2024,11/2/2024 ,Honda Olivero S.Bernardo Cuneo,Itas Trentino,1,3,1-3,4,Itas Trentino,Itas Trentino,Honda Olivero S.Bernardo Cuneo,FALSE
Italian Women A1,2023-2024,11/2/2024 ,Il Bisonte Firenze,Prosecco Doc Imoco Conegliano,1,3,1-3,4,Prosecco Doc Imoco Conegliano,Prosecco Doc Imoco Conegliano,Il Bisonte Firenze,FALSE
Italian Women A1,2023-2024,24/2/2024 ,Savino Del Bene Scandicci,Honda Olivero S.Bernardo Cuneo,3,0,3-0,3,Savino Del Bene Scandicci,Savino Del Bene Scandicci,Honda Olivero S.Bernardo Cuneo,FALSE
Italian Women A1,2023-2024,24/2/2024 ,Igor Gorgonzola Novara,Megabox Ond. Savio Vallefoglia,3,1,3-1,4,Igor Gorgonzola Novara,Megabox Ond. Savio Vallefoglia,Igor Gorgonzola Novara,TRUE
Italian Women A1,2023-2024,24/2/2024 ,Aeroitalia Smi Roma,Trasportipesanti Casalmaggiore,3,1,3-1,4,Aeroitalia Smi Roma,Trasportipesanti Casalmaggiore,Aeroitalia Smi Roma,TRUE
Italian Women A1,2023-2024,25/2/2024 ,Itas Trentino,Reale Mutua Fenera Chieri '76,1,3,1-3,4,Reale Mutua Fenera Chieri '76,Reale Mutua Fenera Chieri '76,Itas Trentino,FALSE
Italian Women A1,2023-2024,25/2/2024 ,Prosecco Doc Imoco Conegliano,Volley Bergamo 1991,3,0,3-0,3,Prosecco Doc Imoco Conegliano,Prosecco Doc Imoco Conegliano,Volley Bergamo 1991,FALSE
Italian Women A1,2023-2024,25/2/2024 ,Uyba Volley Busto Arsizio,Il Bisonte Firenze,3,1,3-1,4,Uyba Volley Busto Arsizio,Uyba Volley Busto Arsizio,Il Bisonte Firenze,FALSE
Italian Women A1,2023-2024,25/2/2024 ,Wash4green Pinerolo,Allianz Vero Volley Milano,2,3,2-3,5,Allianz Vero Volley Milano,Wash4green Pinerolo,Allianz Vero Volley Milano,TRUE
Italian Women A1,2023-2024,2/3/2024 ,Trasportipesanti Casalmaggiore,Prosecco Doc Imoco Conegliano,1,3,1-3,4,Prosecco Doc Imoco Conegliano,Trasportipesanti Casalmaggiore,Prosecco Doc Imoco Conegliano,TRUE
Italian Women A1,2023-2024,2/3/2024 ,Volley Bergamo 1991,Wash4green Pinerolo,1,3,1-3,4,Wash4green Pinerolo,Wash4green Pinerolo,Volley Bergamo 1991,FALSE
Italian Women A1,2023-2024,3/3/2024 ,Allianz Vero Volley Milano,Aeroitalia Smi Roma,3,2,3-2,5,Allianz Vero Volley Milano,Aeroitalia Smi Roma,Allianz Vero Volley Milano,TRUE
Italian Women A1,2023-2024,3/3/2024 ,Reale Mutua Fenera Chieri '76,Savino Del Bene Scandicci,1,3,1-3,4,Savino Del Bene Scandicci,Savino Del Bene Scandicci,Reale Mutua Fenera Chieri '76,FALSE
Italian Women A1,2023-2024,3/3/2024 ,Il Bisonte Firenze,Igor Gorgonzola Novara,1,3,1-3,4,Igor Gorgonzola Novara,Igor Gorgonzola Novara,Il Bisonte Firenze,FALSE
Italian Women A1,2023-2024,3/3/2024 ,Megabox Ond. Savio Vallefoglia,Itas Trentino,3,0,3-0,3,Megabox Ond. Savio Vallefoglia,Megabox Ond. Savio Vallefoglia,Itas Trentino,FALSE
Italian Women A1,2023-2024,3/3/2024 ,Honda Olivero S.Bernardo Cuneo,Uyba Volley Busto Arsizio,3,1,3-1,4,Honda Olivero S.Bernardo Cuneo,Honda Olivero S.Bernardo Cuneo,Uyba Volley Busto Arsizio,FALSE
Italian Women A1,2023-2024,6/3/2024 ,Savino Del Bene Scandicci,Wash4green Pinerolo,3,0,3-0,3,Savino Del Bene Scandicci,Savino Del Bene Scandicci,Wash4green Pinerolo,FALSE
Italian Women A1,2023-2024,6/3/2024 ,Trasportipesanti Casalmaggiore,Allianz Vero Volley Milano,3,2,3-2,5,Trasportipesanti Casalmaggiore,Trasportipesanti Casalmaggiore,Allianz Vero Volley Milano,FALSE
Italian Women A1,2023-2024,6/3/2024 ,Uyba Volley Busto Arsizio,Reale Mutua Fenera Chieri '76,0,3,0-3,3,Reale Mutua Fenera Chieri '76,Reale Mutua Fenera Chieri '76,Uyba Volley Busto Arsizio,FALSE
Italian Women A1,2023-2024,6/3/2024 ,Prosecco Doc Imoco Conegliano,Igor Gorgonzola Novara,3,0,3-0,3,Prosecco Doc Imoco Conegliano,Prosecco Doc Imoco Conegliano,Igor Gorgonzola Novara,FALSE
Italian Women A1,2023-2024,6/3/2024 ,Il Bisonte Firenze,Megabox Ond. Savio Vallefoglia,0,3,0-3,3,Megabox Ond. Savio Vallefoglia,Megabox Ond. Savio Vallefoglia,Il Bisonte Firenze,FALSE
Italian Women A1,2023-2024,6/3/2024 ,Honda Olivero S.Bernardo Cuneo,Aeroitalia Smi Roma,3,2,3-2,5,Honda Olivero S.Bernardo Cuneo,Honda Olivero S.Bernardo Cuneo,Aeroitalia Smi Roma,FALSE
Italian Women A1,2023-2024,20/3/2024 ,Itas Trentino,Volley Bergamo 1991,1,3,1-3,4,Volley Bergamo 1991,Itas Trentino,Volley Bergamo 1991,TRUE
Italian Women A1,2023-2024,9/3/2024 ,Reale Mutua Fenera Chieri '76,Il Bisonte Firenze,0,3,0-3,3,Il Bisonte Firenze,Il Bisonte Firenze,Reale Mutua Fenera Chieri '76,FALSE
Italian Women A1,2023-2024,9/3/2024 ,Allianz Vero Volley Milano,Honda Olivero S.Bernardo Cuneo,3,0,3-0,3,Allianz Vero Volley Milano,Allianz Vero Volley Milano,Honda Olivero S.Bernardo Cuneo,FALSE
Italian Women A1,2023-2024,9/3/2024 ,Megabox Ond. Savio Vallefoglia,Prosecco Doc Imoco Conegliano,1,3,1-3,4,Prosecco Doc Imoco Conegliano,Megabox Ond. Savio Vallefoglia,Prosecco Doc Imoco Conegliano,TRUE
Italian Women A1,2023-2024,10/3/2024 ,Igor Gorgonzola Novara,Savino Del Bene Scandicci,0,3,0-3,3,Savino Del Bene Scandicci,Savino Del Bene Scandicci,Igor Gorgonzola Novara,FALSE
Italian Women A1,2023-2024,10/3/2024 ,Wash4green Pinerolo,Trasportipesanti Casalmaggiore,1,3,1-3,4,Trasportipesanti Casalmaggiore,Trasportipesanti Casalmaggiore,Wash4green Pinerolo,FALSE
Italian Women A1,2023-2024,10/3/2024 ,Volley Bergamo 1991,Uyba Volley Busto Arsizio,1,3,1-3,4,Uyba Volley Busto Arsizio,Volley Bergamo 1991,Uyba Volley Busto Arsizio,TRUE
Italian Women A1,2023-2024,10/3/2024 ,Aeroitalia Smi Roma,Itas Trentino,3,2,3-2,5,Aeroitalia Smi Roma,Aeroitalia Smi Roma,Itas Trentino,FALSE
Italian Women A1,2023-2024,16/3/2024 ,Allianz Vero Volley Milano,Il Bisonte Firenze,3,1,3-1,4,Allianz Vero Volley Milano,Allianz Vero Volley Milano,Il Bisonte Firenze,FALSE
Italian Women A1,2023-2024,16/3/2024 ,Trasportipesanti Casalmaggiore,Megabox Ond. Savio Vallefoglia,3,1,3-1,4,Trasportipesanti Casalmaggiore,Megabox Ond. Savio Vallefoglia,Trasportipesanti Casalmaggiore,TRUE
Italian Women A1,2023-2024,16/3/2024 ,Itas Trentino,Uyba Volley Busto Arsizio,3,1,3-1,4,Itas Trentino,Itas Trentino,Uyba Volley Busto Arsizio,FALSE
Italian Women A1,2023-2024,16/3/2024 ,Prosecco Doc Imoco Conegliano,Wash4green Pinerolo,3,0,3-0,3,Prosecco Doc Imoco Conegliano,Prosecco Doc Imoco Conegliano,Wash4green Pinerolo,FALSE
Italian Women A1,2023-2024,17/3/2024 ,Savino Del Bene Scandicci,Aeroitalia Smi Roma,3,0,3-0,3,Savino Del Bene Scandicci,Savino Del Bene Scandicci,Aeroitalia Smi Roma,FALSE
Italian Women A1,2023-2024,17/3/2024 ,Honda Olivero S.Bernardo Cuneo,Reale Mutua Fenera Chieri '76,0,3,0-3,3,Reale Mutua Fenera Chieri '76,Reale Mutua Fenera Chieri '76,Honda Olivero S.Bernardo Cuneo,FALSE
Italian Women A1,2023-2024,17/3/2024 ,Igor Gorgonzola Novara,Volley Bergamo 1991,3,0,3-0,3,Igor Gorgonzola Novara,Igor Gorgonzola Novara,Volley Bergamo 1991,FALSE
Italian Women A1,2023-2024,24/3/2024 ,Uyba Volley Busto Arsizio,Prosecco Doc Imoco Conegliano,1,3,1-3,4,Prosecco Doc Imoco Conegliano,Uyba Volley Busto Arsizio,Prosecco Doc Imoco Conegliano,TRUE
Italian Women A1,2023-2024,24/3/2024 ,Volley Bergamo 1991,Savino Del Bene Scandicci,2,3,2-3,5,Savino Del Bene Scandicci,Volley Bergamo 1991,Savino Del Bene Scandicci,TRUE
Italian Women A1,2023-2024,24/3/2024 ,Megabox Ond. Savio Vallefoglia,Allianz Vero Volley Milano,3,0,3-0,3,Megabox Ond. Savio Vallefoglia,Megabox Ond. Savio Vallefoglia,Allianz Vero Volley Milano,FALSE
Italian Women A1,2023-2024,24/3/2024 ,Aeroitalia Smi Roma,Igor Gorgonzola Novara,3,1,3-1,4,Aeroitalia Smi Roma,Aeroitalia Smi Roma,Igor Gorgonzola Novara,FALSE
Italian Women A1,2023-2024,24/3/2024 ,Reale Mutua Fenera Chieri '76,Trasportipesanti Casalmaggiore,3,0,3-0,3,Reale Mutua Fenera Chieri '76,Reale Mutua Fenera Chieri '76,Trasportipesanti Casalmaggiore,FALSE
Italian Women A1,2023-2024,24/3/2024 ,Il Bisonte Firenze,Honda Olivero S.Bernardo Cuneo,3,1,3-1,4,Il Bisonte Firenze,Honda Olivero S.Bernardo Cuneo,Il Bisonte Firenze,TRUE
Italian Women A1,2023-2024,24/3/2024 ,Wash4green Pinerolo,Itas Trentino,3,0,3-0,3,Wash4green Pinerolo,Wash4green Pinerolo,Itas Trentino,FALSE
Italian Women A1,2023-2024,27/3/2024 ,Prosecco Doc Imoco Conegliano,Aeroitalia Smi Roma,3,0,3-0,3,Prosecco Doc Imoco Conegliano,Prosecco Doc Imoco Conegliano,Aeroitalia Smi Roma,FALSE
Italian Women A1,2023-2024,27/3/2024 ,Igor Gorgonzola Novara,Reale Mutua Fenera Chieri,2,3,2-3,5,Reale Mutua Fenera Chieri,Reale Mutua Fenera Chieri,Igor Gorgonzola Novara,FALSE
Italian Women A1,2023-2024,27/3/2024 ,Savino Del Bene Scandicci,Megabox Ond. Savio Vallefoglia,3,1,3-1,4,Savino Del Bene Scandicci,Savino Del Bene Scandicci,Megabox Ond. Savio Vallefoglia,FALSE
Italian Women A1,2023-2024,27/3/2024 ,Allianz Vero Volley Milano,Wash4green Pinerolo,3,2,3-2,5,Allianz Vero Volley Milano,Allianz Vero Volley Milano,Wash4green Pinerolo,FALSE
Italian Women A1,2023-2024,30/3/2024 ,Megabox Ond. Savio Vallefoglia,Savino Del Bene Scandicci,0,3,0-3,3,Savino Del Bene Scandicci,Savino Del Bene Scandicci,Megabox Ond. Savio Vallefoglia,FALSE
Italian Women A1,2023-2024,30/3/2024 ,Reale Mutua Fenera Chieri,Igor Gorgonzola Novara,0,3,0-3,3,Igor Gorgonzola Novara,Igor Gorgonzola Novara,Reale Mutua Fenera Chieri,FALSE
Italian Women A1,2023-2024,31/3/2024 ,Wash4green Pinerolo,Allianz Vero Volley Milano,1,3,1-3,4,Allianz Vero Volley Milano,Allianz Vero Volley Milano,Wash4green Pinerolo,FALSE
Italian Women A1,2023-2024,31/3/2024 ,Aeroitalia Smi Roma,Prosecco Doc Imoco Conegliano,0,3,0-3,3,Prosecco Doc Imoco Conegliano,Prosecco Doc Imoco Conegliano,Aeroitalia Smi Roma,FALSE
Italian Women A1,2023-2024,3/4/2024 ,Igor Gorgonzola Novara,Reale Mutua Fenera Chieri,3,1,3-1,4,Igor Gorgonzola Novara,Reale Mutua Fenera Chieri,Igor Gorgonzola Novara,TRUE
Italian Women A1,2023-2024,6/4/2024 ,Savino Del Bene Scandicci,Allianz Vero Volley Milano,3,0,3-0,3,Savino Del Bene Scandicci,Savino Del Bene Scandicci,Allianz Vero Volley Milano,FALSE
Italian Women A1,2023-2024,7/4/2024 ,Prosecco Doc Imoco Conegliano,Igor Gorgonzola Novara,3,0,3-0,3,Prosecco Doc Imoco Conegliano,Prosecco Doc Imoco Conegliano,Igor Gorgonzola Novara,FALSE
Italian Women A1,2023-2024,10/4/2024 ,Igor Gorgonzola Novara,Prosecco Doc Imoco Conegliano,3,2,3-2,5,Igor Gorgonzola Novara,Igor Gorgonzola Novara,Prosecco Doc Imoco Conegliano,FALSE
Italian Women A1,2023-2024,10/4/2024 ,Allianz Vero Volley Milano,Savino Del Bene Scandicci,0,3,0-3,3,Savino Del Bene Scandicci,Savino Del Bene Scandicci,Allianz Vero Volley Milano,FALSE
Italian Women A1,2023-2024,13/4/2024 ,Prosecco Doc Imoco Conegliano,Igor Gorgonzola Novara,3,0,3-0,3,Prosecco Doc Imoco Conegliano,Prosecco Doc Imoco Conegliano,Igor Gorgonzola Novara,FALSE
Italian Women A1,2023-2024,17/4/2024 ,Prosecco Doc Imoco Conegliano,Savino Del Bene Scandicci,2,3,2-3,5,Savino Del Bene Scandicci,Savino Del Bene Scandicci,Prosecco Doc Imoco Conegliano,FALSE
Italian Women A1,2023-2024,20/4/2024 ,Savino Del Bene Scandicci,Prosecco Doc Imoco Conegliano,2,3,2-3,5,Prosecco Doc Imoco Conegliano,Savino Del Bene Scandicci,Prosecco Doc Imoco Conegliano,TRUE
Italian Women A1,2023-2024,24/4/2024 ,Prosecco Doc Imoco Conegliano,Savino Del Bene Scandicci,3,1,3-1,4,Prosecco Doc Imoco Conegliano,Prosecco Doc Imoco Conegliano,Savino Del Bene Scandicci,FALSE
Italian Women A1,2023-2024,27/4/2024 ,Savino Del Bene Scandicci,Prosecco Doc Imoco Conegliano,1,3,1-3,4,Prosecco Doc Imoco Conegliano,Savino Del Bene Scandicci,Prosecco Doc Imoco Conegliano,TRUE
Italian Women A1,2023-2024,24/1/2024 ,Savino Del Bene Scandicci,Wash4green Pinerolo,3,1,3-1,4,Savino Del Bene Scandicci,Savino Del Bene Scandicci,Wash4green Pinerolo,FALSE
Italian Women A1,2023-2024,24/1/2024 ,Prosecco Doc Imoco Conegliano,Il Bisonte Firenze,3,0,3-0,3,Prosecco Doc Imoco Conegliano,Prosecco Doc Imoco Conegliano,Il Bisonte Firenze,FALSE
Italian Women A1,2023-2024,24/1/2024 ,Igor Gorgonzola Novara,Reale Mutua Fenera Chieri,1,3,1-3,4,Reale Mutua Fenera Chieri,Reale Mutua Fenera Chieri,Igor Gorgonzola Novara,FALSE
Italian Women A1,2023-2024,24/1/2024 ,Allianz Vero Volley Milano,Aeroitalia Smi Roma,3,0,3-0,3,Allianz Vero Volley Milano,Allianz Vero Volley Milano,Aeroitalia Smi Roma,FALSE
Italian Women A1,2023-2024,17/2/2024 ,Prosecco Doc Imoco Conegliano,Reale Mutua Fenera Chieri,3,0,3-0,3,Prosecco Doc Imoco Conegliano,Prosecco Doc Imoco Conegliano,Reale Mutua Fenera Chieri,FALSE
Italian Women A1,2023-2024,17/2/2024 ,Allianz Vero Volley Milano,Savino Del Bene Scandicci,3,2,3-2,5,Allianz Vero Volley Milano,Savino Del Bene Scandicci,Allianz Vero Volley Milano,TRUE
Italian Women A1,2023-2024,18/2/2024 ,Prosecco Doc Imoco Conegliano,Allianz Vero Volley Milano,3,2,3-2,5,Prosecco Doc Imoco Conegliano,Prosecco Doc Imoco Conegliano,Allianz Vero Volley Milano,FALSE
Italian Women A1,2023-2024,28/10/2023 ,Prosecco Doc Imoco Conegliano,Allianz Vero Volley Milano,3,1,3-1,4,Prosecco Doc Imoco Conegliano,Prosecco Doc Imoco Conegliano,Allianz Vero Volley Milano,FALSE
Italian Women A2,2023-2024,8/10/2023 ,Bartoccini-Fortinfissi Perugia,Valsabbina Millenium Brescia,3,2,3-2,5,Bartoccini-Fortinfissi Perugia,Valsabbina Millenium Brescia,Bartoccini-Fortinfissi Perugia,TRUE
Italian Women A2,2023-2024,8/10/2023 ,Cda Volley Talmassons Fvg,Vtb Fcredil Bologna,3,2,3-2,5,Cda Volley Talmassons Fvg,Vtb Fcredil Bologna,Cda Volley Talmassons Fvg,TRUE
Italian Women A2,2023-2024,8/10/2023 ,Tecnoteam Albese Volley Como,Futura Giovani Busto Arsizio,0,3,0-3,3,Futura Giovani Busto Arsizio,Futura Giovani Busto Arsizio,Tecnoteam Albese Volley Como,FALSE
Italian Women A2,2023-2024,8/10/2023 ,Nuvolì Altafratte Padova,Città Di Messina,2,3,2-3,5,Città Di Messina,Nuvolì Altafratte Padova,Città Di Messina,TRUE
Italian Women A2,2023-2024,8/10/2023 ,Sirdeco Volley Pescara,Volley Soverato,0,3,0-3,3,Volley Soverato,Volley Soverato,Sirdeco Volley Pescara,FALSE
Italian Women A2,2023-2024,15/10/2023 ,Città Di Messina,Tecnoteam Albese Volley Como,3,1,3-1,4,Città Di Messina,Tecnoteam Albese Volley Como,Città Di Messina,TRUE
Italian Women A2,2023-2024,15/10/2023 ,Futura Giovani Busto Arsizio,Sirdeco Volley Pescara,3,0,3-0,3,Futura Giovani Busto Arsizio,Futura Giovani Busto Arsizio,Sirdeco Volley Pescara,FALSE
Italian Women A2,2023-2024,15/10/2023 ,Volley Soverato,Cda Volley Talmassons Fvg,0,3,0-3,3,Cda Volley Talmassons Fvg,Cda Volley Talmassons Fvg,Volley Soverato,FALSE
Italian Women A2,2023-2024,15/10/2023 ,Vtb Fcredil Bologna,Bartoccini-Fortinfissi Perugia,0,3,0-3,3,Bartoccini-Fortinfissi Perugia,Bartoccini-Fortinfissi Perugia,Vtb Fcredil Bologna,FALSE
Italian Women A2,2023-2024,16/10/2023 ,Valsabbina Millenium Brescia,Nuvolì Altafratte Padova,3,0,3-0,3,Valsabbina Millenium Brescia,Valsabbina Millenium Brescia,Nuvolì Altafratte Padova,FALSE
Italian Women A2,2023-2024,22/10/2023 ,Cda Volley Talmassons Fvg,Bartoccini-Fortinfissi Perugia,2,3,2-3,5,Bartoccini-Fortinfissi Perugia,Bartoccini-Fortinfissi Perugia,Cda Volley Talmassons Fvg,FALSE
Italian Women A2,2023-2024,22/10/2023 ,Tecnoteam Albese Volley Como,Volley Soverato,3,1,3-1,4,Tecnoteam Albese Volley Como,Tecnoteam Albese Volley Como,Volley Soverato,FALSE
Italian Women A2,2023-2024,22/10/2023 ,Città Di Messina,Vtb Fcredil Bologna,3,0,3-0,3,Città Di Messina,Città Di Messina,Vtb Fcredil Bologna,FALSE
Italian Women A2,2023-2024,22/10/2023 ,Nuvolì Altafratte Padova,Futura Giovani Busto Arsizio,0,3,0-3,3,Futura Giovani Busto Arsizio,Futura Giovani Busto Arsizio,Nuvolì Altafratte Padova,FALSE
Italian Women A2,2023-2024,22/10/2023 ,Sirdeco Volley Pescara,Valsabbina Millenium Brescia,1,3,1-3,4,Valsabbina Millenium Brescia,Valsabbina Millenium Brescia,Sirdeco Volley Pescara,FALSE
Italian Women A2,2023-2024,28/10/2023 ,Cda Volley Talmassons Fvg,Città Di Messina,3,2,3-2,5,Cda Volley Talmassons Fvg,Cda Volley Talmassons Fvg,Città Di Messina,FALSE
Italian Women A2,2023-2024,29/10/2023 ,Sirdeco Volley Pescara,Tecnoteam Albese Volley Como,0,3,0-3,3,Tecnoteam Albese Volley Como,Tecnoteam Albese Volley Como,Sirdeco Volley Pescara,FALSE
Italian Women A2,2023-2024,29/10/2023 ,Bartoccini-Fortinfissi Perugia,Nuvolì Altafratte Padova,3,0,3-0,3,Bartoccini-Fortinfissi Perugia,Bartoccini-Fortinfissi Perugia,Nuvolì Altafratte Padova,FALSE
Italian Women A2,2023-2024,29/10/2023 ,Valsabbina Millenium Brescia,Volley Soverato,3,0,3-0,3,Valsabbina Millenium Brescia,Valsabbina Millenium Brescia,Volley Soverato,FALSE
Italian Women A2,2023-2024,29/10/2023 ,Vtb Fcredil Bologna,Futura Giovani Busto Arsizio,1,3,1-3,4,Futura Giovani Busto Arsizio,Futura Giovani Busto Arsizio,Vtb Fcredil Bologna,FALSE
Italian Women A2,2023-2024,1/11/2023 ,Valsabbina Millenium Brescia,Tecnoteam Albese Volley Como,3,2,3-2,5,Valsabbina Millenium Brescia,Tecnoteam Albese Volley Como,Valsabbina Millenium Brescia,TRUE
Italian Women A2,2023-2024,1/11/2023 ,Volley Soverato,Bartoccini-Fortinfissi Perugia,0,3,0-3,3,Bartoccini-Fortinfissi Perugia,Bartoccini-Fortinfissi Perugia,Volley Soverato,FALSE
Italian Women A2,2023-2024,1/11/2023 ,Città Di Messina,Sirdeco Volley Pescara,3,0,3-0,3,Città Di Messina,Città Di Messina,Sirdeco Volley Pescara,FALSE
Italian Women A2,2023-2024,1/11/2023 ,Nuvolì Altafratte Padova,Vtb Fcredil Bologna,0,3,0-3,3,Vtb Fcredil Bologna,Vtb Fcredil Bologna,Nuvolì Altafratte Padova,FALSE
Italian Women A2,2023-2024,2/11/2023 ,Futura Giovani Busto Arsizio,Cda Volley Talmassons Fvg,3,0,3-0,3,Futura Giovani Busto Arsizio,Futura Giovani Busto Arsizio,Cda Volley Talmassons Fvg,FALSE
Italian Women A2,2023-2024,5/11/2023 ,Futura Giovani Busto Arsizio,Valsabbina Millenium Brescia,3,0,3-0,3,Futura Giovani Busto Arsizio,Futura Giovani Busto Arsizio,Valsabbina Millenium Brescia,FALSE
Italian Women A2,2023-2024,5/11/2023 ,Tecnoteam Albese Volley Como,Vtb Fcredil Bologna,3,2,3-2,5,Tecnoteam Albese Volley Como,Tecnoteam Albese Volley Como,Vtb Fcredil Bologna,FALSE
Italian Women A2,2023-2024,5/11/2023 ,Città Di Messina,Volley Soverato,3,0,3-0,3,Città Di Messina,Città Di Messina,Volley Soverato,FALSE
Italian Women A2,2023-2024,5/11/2023 ,Nuvolì Altafratte Padova,Cda Volley Talmassons Fvg,0,3,0-3,3,Cda Volley Talmassons Fvg,Cda Volley Talmassons Fvg,Nuvolì Altafratte Padova,FALSE
Italian Women A2,2023-2024,5/11/2023 ,Sirdeco Volley Pescara,Bartoccini-Fortinfissi Perugia,0,3,0-3,3,Bartoccini-Fortinfissi Perugia,Bartoccini-Fortinfissi Perugia,Sirdeco Volley Pescara,FALSE
Italian Women A2,2023-2024,11/11/2023 ,Bartoccini-Fortinfissi Perugia,Futura Giovani Busto Arsizio,3,0,3-0,3,Bartoccini-Fortinfissi Perugia,Bartoccini-Fortinfissi Perugia,Futura Giovani Busto Arsizio,FALSE
Italian Women A2,2023-2024,12/11/2023 ,Valsabbina Millenium Brescia,Città Di Messina,0,3,0-3,3,Città Di Messina,Città Di Messina,Valsabbina Millenium Brescia,FALSE
Italian Women A2,2023-2024,12/11/2023 ,Cda Volley Talmassons Fvg,Tecnoteam Albese Volley Como,3,0,3-0,3,Cda Volley Talmassons Fvg,Cda Volley Talmassons Fvg,Tecnoteam Albese Volley Como,FALSE
Italian Women A2,2023-2024,12/11/2023 ,Volley Soverato,Nuvolì Altafratte Padova,3,1,3-1,4,Volley Soverato,Volley Soverato,Nuvolì Altafratte Padova,FALSE
Italian Women A2,2023-2024,12/11/2023 ,Vtb Fcredil Bologna,Sirdeco Volley Pescara,3,1,3-1,4,Vtb Fcredil Bologna,Vtb Fcredil Bologna,Sirdeco Volley Pescara,FALSE
Italian Women A2,2023-2024,19/11/2023 ,Valsabbina Millenium Brescia,Vtb Fcredil Bologna,3,0,3-0,3,Valsabbina Millenium Brescia,Valsabbina Millenium Brescia,Vtb Fcredil Bologna,FALSE
Italian Women A2,2023-2024,19/11/2023 ,Volley Soverato,Futura Giovani Busto Arsizio,2,3,2-3,5,Futura Giovani Busto Arsizio,Volley Soverato,Futura Giovani Busto Arsizio,TRUE
Italian Women A2,2023-2024,19/11/2023 ,Tecnoteam Albese Volley Como,Nuvolì Altafratte Padova,3,0,3-0,3,Tecnoteam Albese Volley Como,Tecnoteam Albese Volley Como,Nuvolì Altafratte Padova,FALSE
Italian Women A2,2023-2024,19/11/2023 ,Città Di Messina,Bartoccini-Fortinfissi Perugia,0,3,0-3,3,Bartoccini-Fortinfissi Perugia,Bartoccini-Fortinfissi Perugia,Città Di Messina,FALSE
Italian Women A2,2023-2024,19/11/2023 ,Sirdeco Volley Pescara,Cda Volley Talmassons Fvg,0,3,0-3,3,Cda Volley Talmassons Fvg,Cda Volley Talmassons Fvg,Sirdeco Volley Pescara,FALSE
Italian Women A2,2023-2024,22/11/2023 ,Bartoccini-Fortinfissi Perugia,Tecnoteam Albese Volley Como,3,0,3-0,3,Bartoccini-Fortinfissi Perugia,Bartoccini-Fortinfissi Perugia,Tecnoteam Albese Volley Como,FALSE
Italian Women A2,2023-2024,22/11/2023 ,Cda Volley Talmassons Fvg,Valsabbina Millenium Brescia,3,2,3-2,5,Cda Volley Talmassons Fvg,Valsabbina Millenium Brescia,Cda Volley Talmassons Fvg,TRUE
Italian Women A2,2023-2024,22/11/2023 ,Futura Giovani Busto Arsizio,Città Di Messina,3,1,3-1,4,Futura Giovani Busto Arsizio,Futura Giovani Busto Arsizio,Città Di Messina,FALSE
Italian Women A2,2023-2024,22/11/2023 ,Vtb Fcredil Bologna,Volley Soverato,3,1,3-1,4,Vtb Fcredil Bologna,Vtb Fcredil Bologna,Volley Soverato,FALSE
Italian Women A2,2023-2024,23/11/2023 ,Nuvolì Altafratte Padova,Sirdeco Volley Pescara,3,1,3-1,4,Nuvolì Altafratte Padova,Sirdeco Volley Pescara,Nuvolì Altafratte Padova,TRUE
Italian Women A2,2023-2024,25/11/2023 ,Vtb Fcredil Bologna,Cda Volley Talmassons Fvg,1,3,1-3,4,Cda Volley Talmassons Fvg,Vtb Fcredil Bologna,Cda Volley Talmassons Fvg,TRUE
Italian Women A2,2023-2024,26/11/2023 ,Valsabbina Millenium Brescia,Bartoccini-Fortinfissi Perugia,0,3,0-3,3,Bartoccini-Fortinfissi Perugia,Bartoccini-Fortinfissi Perugia,Valsabbina Millenium Brescia,FALSE
Italian Women A2,2023-2024,26/11/2023 ,Futura Giovani Busto Arsizio,Tecnoteam Albese Volley Como,3,0,3-0,3,Futura Giovani Busto Arsizio,Futura Giovani Busto Arsizio,Tecnoteam Albese Volley Como,FALSE
Italian Women A2,2023-2024,26/11/2023 ,Città Di Messina,Nuvolì Altafratte Padova,3,0,3-0,3,Città Di Messina,Città Di Messina,Nuvolì Altafratte Padova,FALSE
Italian Women A2,2023-2024,26/11/2023 ,Volley Soverato,Sirdeco Volley Pescara,3,0,3-0,3,Volley Soverato,Volley Soverato,Sirdeco Volley Pescara,FALSE
Italian Women A2,2023-2024,3/12/2023 ,Tecnoteam Albese Volley Como,Città Di Messina,0,3,0-3,3,Città Di Messina,Città Di Messina,Tecnoteam Albese Volley Como,FALSE
Italian Women A2,2023-2024,3/12/2023 ,Nuvolì Altafratte Padova,Valsabbina Millenium Brescia,0,3,0-3,3,Valsabbina Millenium Brescia,Valsabbina Millenium Brescia,Nuvolì Altafratte Padova,FALSE
Italian Women A2,2023-2024,3/12/2023 ,Sirdeco Volley Pescara,Futura Giovani Busto Arsizio,0,3,0-3,3,Futura Giovani Busto Arsizio,Futura Giovani Busto Arsizio,Sirdeco Volley Pescara,FALSE
Italian Women A2,2023-2024,3/12/2023 ,Cda Volley Talmassons Fvg,Volley Soverato,3,1,3-1,4,Cda Volley Talmassons Fvg,Volley Soverato,Cda Volley Talmassons Fvg,TRUE
Italian Women A2,2023-2024,3/12/2023 ,Bartoccini-Fortinfissi Perugia,Vtb Fcredil Bologna,3,1,3-1,4,Bartoccini-Fortinfissi Perugia,Bartoccini-Fortinfissi Perugia,Vtb Fcredil Bologna,FALSE
Italian Women A2,2023-2024,10/12/2023 ,Vtb Fcredil Bologna,Città Di Messina,0,3,0-3,3,Città Di Messina,Città Di Messina,Vtb Fcredil Bologna,FALSE
Italian Women A2,2023-2024,10/12/2023 ,Bartoccini-Fortinfissi Perugia,Cda Volley Talmassons Fvg,3,1,3-1,4,Bartoccini-Fortinfissi Perugia,Bartoccini-Fortinfissi Perugia,Cda Volley Talmassons Fvg,FALSE
Italian Women A2,2023-2024,10/12/2023 ,Volley Soverato,Tecnoteam Albese Volley Como,0,3,0-3,3,Tecnoteam Albese Volley Como,Tecnoteam Albese Volley Como,Volley Soverato,FALSE
Italian Women A2,2023-2024,10/12/2023 ,Valsabbina Millenium Brescia,Sirdeco Volley Pescara,3,2,3-2,5,Valsabbina Millenium Brescia,Sirdeco Volley Pescara,Valsabbina Millenium Brescia,TRUE
Italian Women A2,2023-2024,11/12/2023 ,Futura Giovani Busto Arsizio,Nuvolì Altafratte Padova,3,1,3-1,4,Futura Giovani Busto Arsizio,Futura Giovani Busto Arsizio,Nuvolì Altafratte Padova,FALSE
Italian Women A2,2023-2024,16/12/2023 ,Città Di Messina,Cda Volley Talmassons Fvg,3,1,3-1,4,Città Di Messina,Città Di Messina,Cda Volley Talmassons Fvg,FALSE
Italian Women A2,2023-2024,17/12/2023 ,Nuvolì Altafratte Padova,Bartoccini-Fortinfissi Perugia,0,3,0-3,3,Bartoccini-Fortinfissi Perugia,Bartoccini-Fortinfissi Perugia,Nuvolì Altafratte Padova,FALSE
Italian Women A2,2023-2024,17/12/2023 ,Volley Soverato,Valsabbina Millenium Brescia,3,2,3-2,5,Volley Soverato,Valsabbina Millenium Brescia,Volley Soverato,TRUE
Italian Women A2,2023-2024,17/12/2023 ,Futura Giovani Busto Arsizio,Vtb Fcredil Bologna,3,0,3-0,3,Futura Giovani Busto Arsizio,Futura Giovani Busto Arsizio,Vtb Fcredil Bologna,FALSE
Italian Women A2,2023-2024,17/12/2023 ,Tecnoteam Albese Volley Como,Sirdeco Volley Pescara,3,0,3-0,3,Tecnoteam Albese Volley Como,Tecnoteam Albese Volley Como,Sirdeco Volley Pescara,FALSE
Italian Women A2,2023-2024,23/12/2023 ,Tecnoteam Albese Volley Como,Valsabbina Millenium Brescia,3,0,3-0,3,Tecnoteam Albese Volley Como,Tecnoteam Albese Volley Como,Valsabbina Millenium Brescia,FALSE
Italian Women A2,2023-2024,23/12/2023 ,Cda Volley Talmassons Fvg,Futura Giovani Busto Arsizio,3,1,3-1,4,Cda Volley Talmassons Fvg,Futura Giovani Busto Arsizio,Cda Volley Talmassons Fvg,TRUE
Italian Women A2,2023-2024,23/12/2023 ,Bartoccini-Fortinfissi Perugia,Volley Soverato,3,0,3-0,3,Bartoccini-Fortinfissi Perugia,Bartoccini-Fortinfissi Perugia,Volley Soverato,FALSE
Italian Women A2,2023-2024,23/12/2023 ,Sirdeco Volley Pescara,Città Di Messina,0,3,0-3,3,Città Di Messina,Città Di Messina,Sirdeco Volley Pescara,FALSE
Italian Women A2,2023-2024,23/12/2023 ,Vtb Fcredil Bologna,Nuvolì Altafratte Padova,3,2,3-2,5,Vtb Fcredil Bologna,Nuvolì Altafratte Padova,Vtb Fcredil Bologna,TRUE
Italian Women A2,2023-2024,26/12/2023 ,Valsabbina Millenium Brescia,Futura Giovani Busto Arsizio,0,3,0-3,3,Futura Giovani Busto Arsizio,Futura Giovani Busto Arsizio,Valsabbina Millenium Brescia,FALSE
Italian Women A2,2023-2024,26/12/2023 ,Vtb Fcredil Bologna,Tecnoteam Albese Volley Como,0,3,0-3,3,Tecnoteam Albese Volley Como,Tecnoteam Albese Volley Como,Vtb Fcredil Bologna,FALSE
Italian Women A2,2023-2024,26/12/2023 ,Volley Soverato,Città Di Messina,0,3,0-3,3,Città Di Messina,Città Di Messina,Volley Soverato,FALSE
Italian Women A2,2023-2024,27/12/2023 ,Cda Volley Talmassons Fvg,Nuvolì Altafratte Padova,3,1,3-1,4,Cda Volley Talmassons Fvg,Cda Volley Talmassons Fvg,Nuvolì Altafratte Padova,FALSE
Italian Women A2,2023-2024,27/12/2023 ,Bartoccini-Fortinfissi Perugia,Sirdeco Volley Pescara,3,0,3-0,3,Bartoccini-Fortinfissi Perugia,Bartoccini-Fortinfissi Perugia,Sirdeco Volley Pescara,FALSE
Italian Women A2,2023-2024,14/12/2023 ,Futura Giovani Busto Arsizio,Bartoccini-Fortinfissi Perugia,3,0,3-0,3,Futura Giovani Busto Arsizio,Futura Giovani Busto Arsizio,Bartoccini-Fortinfissi Perugia,FALSE
Italian Women A2,2023-2024,6/1/2024 ,Tecnoteam Albese Volley Como,Cda Volley Talmassons Fvg,3,0,3-0,3,Tecnoteam Albese Volley Como,Tecnoteam Albese Volley Como,Cda Volley Talmassons Fvg,FALSE
Italian Women A2,2023-2024,7/1/2024 ,Città Di Messina,Valsabbina Millenium Brescia,3,2,3-2,5,Città Di Messina,Città Di Messina,Valsabbina Millenium Brescia,FALSE
Italian Women A2,2023-2024,7/1/2024 ,Nuvolì Altafratte Padova,Volley Soverato,3,1,3-1,4,Nuvolì Altafratte Padova,Nuvolì Altafratte Padova,Volley Soverato,FALSE
Italian Women A2,2023-2024,8/1/2024 ,Sirdeco Volley Pescara,Vtb Fcredil Bologna,1,3,1-3,4,Vtb Fcredil Bologna,Sirdeco Volley Pescara,Vtb Fcredil Bologna,TRUE
Italian Women A2,2023-2024,13/1/2024 ,Bartoccini-Fortinfissi Perugia,Città Di Messina,3,0,3-0,3,Bartoccini-Fortinfissi Perugia,Bartoccini-Fortinfissi Perugia,Città Di Messina,FALSE
Italian Women A2,2023-2024,14/1/2024 ,Vtb Fcredil Bologna,Valsabbina Millenium Brescia,3,0,3-0,3,Vtb Fcredil Bologna,Vtb Fcredil Bologna,Valsabbina Millenium Brescia,FALSE
Italian Women A2,2023-2024,14/1/2024 ,Futura Giovani Busto Arsizio,Volley Soverato,3,0,3-0,3,Futura Giovani Busto Arsizio,Futura Giovani Busto Arsizio,Volley Soverato,FALSE
Italian Women A2,2023-2024,14/1/2024 ,Nuvolì Altafratte Padova,Tecnoteam Albese Volley Como,0,3,0-3,3,Tecnoteam Albese Volley Como,Tecnoteam Albese Volley Como,Nuvolì Altafratte Padova,FALSE
Italian Women A2,2023-2024,14/1/2024 ,Cda Volley Talmassons Fvg,Sirdeco Volley Pescara,3,0,3-0,3,Cda Volley Talmassons Fvg,Cda Volley Talmassons Fvg,Sirdeco Volley Pescara,FALSE
Italian Women A2,2023-2024,21/1/2024 ,Tecnoteam Albese Volley Como,Bartoccini-Fortinfissi Perugia,0,3,0-3,3,Bartoccini-Fortinfissi Perugia,Bartoccini-Fortinfissi Perugia,Tecnoteam Albese Volley Como,FALSE
Italian Women A2,2023-2024,21/1/2024 ,Valsabbina Millenium Brescia,Cda Volley Talmassons Fvg,3,0,3-0,3,Valsabbina Millenium Brescia,Valsabbina Millenium Brescia,Cda Volley Talmassons Fvg,FALSE
Italian Women A2,2023-2024,21/1/2024 ,Città Di Messina,Futura Giovani Busto Arsizio,3,2,3-2,5,Città Di Messina,Futura Giovani Busto Arsizio,Città Di Messina,TRUE
Italian Women A2,2023-2024,21/1/2024 ,Volley Soverato,Vtb Fcredil Bologna,3,1,3-1,4,Volley Soverato,Volley Soverato,Vtb Fcredil Bologna,FALSE
Italian Women A2,2023-2024,21/1/2024 ,Sirdeco Volley Pescara,Nuvolì Altafratte Padova,1,3,1-3,4,Nuvolì Altafratte Padova,Nuvolì Altafratte Padova,Sirdeco Volley Pescara,FALSE
Italian Women A2,2023-2024,8/10/2023 ,Volley Hermaea Olbia,Lpm Bam Mondovì,2,3,2-3,5,Lpm Bam Mondovì,Volley Hermaea Olbia,Lpm Bam Mondovì,TRUE
Italian Women A2,2023-2024,8/10/2023 ,Cbf Balducci Hr Macerata,Ipag S.Lle Ramonda Montecchio,1,3,1-3,4,Ipag S.Lle Ramonda Montecchio,Cbf Balducci Hr Macerata,Ipag S.Lle Ramonda Montecchio,TRUE
Italian Women A2,2023-2024,8/10/2023 ,Orocash Picco Lecco,Pallavolo C.B.L. Costa Volpino,2,3,2-3,5,Pallavolo C.B.L. Costa Volpino,Orocash Picco Lecco,Pallavolo C.B.L. Costa Volpino,TRUE
Italian Women A2,2023-2024,8/10/2023 ,Trasporti Bressan Offanengo,Omag-Mt San Giovanni In M.No,1,3,1-3,4,Omag-Mt San Giovanni In M.No,Trasporti Bressan Offanengo,Omag-Mt San Giovanni In M.No,TRUE
Italian Women A2,2023-2024,9/10/2023 ,Narconon Volley Melendugno,Cremonaufficio Esperia Cremona,1,3,1-3,4,Cremonaufficio Esperia Cremona,Cremonaufficio Esperia Cremona,Narconon Volley Melendugno,FALSE
Italian Women A2,2023-2024,15/10/2023 ,Omag-Mt San Giovanni In M.No,Volley Hermaea Olbia,3,0,3-0,3,Omag-Mt San Giovanni In M.No,Omag-Mt San Giovanni In M.No,Volley Hermaea Olbia,FALSE
Italian Women A2,2023-2024,15/10/2023 ,Ipag S.Lle Ramonda Montecchio,Orocash Picco Lecco,3,2,3-2,5,Ipag S.Lle Ramonda Montecchio,Ipag S.Lle Ramonda Montecchio,Orocash Picco Lecco,FALSE
Italian Women A2,2023-2024,15/10/2023 ,Lpm Bam Mondovì,Narconon Volley Melendugno,3,1,3-1,4,Lpm Bam Mondovì,Narconon Volley Melendugno,Lpm Bam Mondovì,TRUE
Italian Women A2,2023-2024,15/10/2023 ,Cremonaufficio Esperia Cremona,Cbf Balducci Hr Macerata,2,3,2-3,5,Cbf Balducci Hr Macerata,Cremonaufficio Esperia Cremona,Cbf Balducci Hr Macerata,TRUE
Italian Women A2,2023-2024,15/10/2023 ,Pallavolo C.B.L. Costa Volpino,Trasporti Bressan Offanengo,3,2,3-2,5,Pallavolo C.B.L. Costa Volpino,Trasporti Bressan Offanengo,Pallavolo C.B.L. Costa Volpino,TRUE
Italian Women A2,2023-2024,21/10/2023 ,Narconon Volley Melendugno,Pallavolo C.B.L. Costa Volpino,3,1,3-1,4,Narconon Volley Melendugno,Pallavolo C.B.L. Costa Volpino,Narconon Volley Melendugno,TRUE
Italian Women A2,2023-2024,22/10/2023 ,Cbf Balducci Hr Macerata,Lpm Bam Mondovì,3,2,3-2,5,Cbf Balducci Hr Macerata,Lpm Bam Mondovì,Cbf Balducci Hr Macerata,TRUE
Italian Women A2,2023-2024,22/10/2023 ,Ipag S.Lle Ramonda Montecchio,Omag-Mt San Giovanni In M.No,3,2,3-2,5,Ipag S.Lle Ramonda Montecchio,Ipag S.Lle Ramonda Montecchio,Omag-Mt San Giovanni In M.No,FALSE
Italian Women A2,2023-2024,22/10/2023 ,Volley Hermaea Olbia,Cremonaufficio Esperia Cremona,0,3,0-3,3,Cremonaufficio Esperia Cremona,Cremonaufficio Esperia Cremona,Volley Hermaea Olbia,FALSE
Italian Women A2,2023-2024,22/10/2023 ,Trasporti Bressan Offanengo,Orocash Picco Lecco,3,0,3-0,3,Trasporti Bressan Offanengo,Trasporti Bressan Offanengo,Orocash Picco Lecco,FALSE
Italian Women A2,2023-2024,29/10/2023 ,Lpm Bam Mondovì,Ipag S.Lle Ramonda Montecchio,1,3,1-3,4,Ipag S.Lle Ramonda Montecchio,Lpm Bam Mondovì,Ipag S.Lle Ramonda Montecchio,TRUE
Italian Women A2,2023-2024,29/10/2023 ,Cremonaufficio Esperia Cremona,Omag-Mt San Giovanni In M.No,1,3,1-3,4,Omag-Mt San Giovanni In M.No,Cremonaufficio Esperia Cremona,Omag-Mt San Giovanni In M.No,TRUE
Italian Women A2,2023-2024,29/10/2023 ,Orocash Picco Lecco,Narconon Volley Melendugno,3,1,3-1,4,Orocash Picco Lecco,Narconon Volley Melendugno,Orocash Picco Lecco,TRUE
Italian Women A2,2023-2024,29/10/2023 ,Trasporti Bressan Offanengo,Cbf Balducci Hr Macerata,1,3,1-3,4,Cbf Balducci Hr Macerata,Cbf Balducci Hr Macerata,Trasporti Bressan Offanengo,FALSE
Italian Women A2,2023-2024,29/10/2023 ,Pallavolo C.B.L. Costa Volpino,Volley Hermaea Olbia,3,0,3-0,3,Pallavolo C.B.L. Costa Volpino,Pallavolo C.B.L. Costa Volpino,Volley Hermaea Olbia,FALSE
Italian Women A2,2023-2024,1/11/2023 ,Cbf Balducci Hr Macerata,Orocash Picco Lecco,3,0,3-0,3,Cbf Balducci Hr Macerata,Cbf Balducci Hr Macerata,Orocash Picco Lecco,FALSE
Italian Women A2,2023-2024,1/11/2023 ,Omag-Mt San Giovanni In M.No,Narconon Volley Melendugno,3,1,3-1,4,Omag-Mt San Giovanni In M.No,Omag-Mt San Giovanni In M.No,Narconon Volley Melendugno,FALSE
Italian Women A2,2023-2024,1/11/2023 ,Volley Hermaea Olbia,Trasporti Bressan Offanengo,3,1,3-1,4,Volley Hermaea Olbia,Volley Hermaea Olbia,Trasporti Bressan Offanengo,FALSE
Italian Women A2,2023-2024,1/11/2023 ,Ipag S.Lle Ramonda Montecchio,Pallavolo C.B.L. Costa Volpino,3,1,3-1,4,Ipag S.Lle Ramonda Montecchio,Ipag S.Lle Ramonda Montecchio,Pallavolo C.B.L. Costa Volpino,FALSE
Italian Women A2,2023-2024,1/11/2023 ,Lpm Bam Mondovì,Cremonaufficio Esperia Cremona,0,3,0-3,3,Cremonaufficio Esperia Cremona,Cremonaufficio Esperia Cremona,Lpm Bam Mondovì,FALSE
Italian Women A2,2023-2024,5/11/2023 ,Omag-Mt San Giovanni In M.No,Cbf Balducci Hr Macerata,1,3,1-3,4,Cbf Balducci Hr Macerata,Omag-Mt San Giovanni In M.No,Cbf Balducci Hr Macerata,TRUE
Italian Women A2,2023-2024,5/11/2023 ,Orocash Picco Lecco,Volley Hermaea Olbia,3,2,3-2,5,Orocash Picco Lecco,Orocash Picco Lecco,Volley Hermaea Olbia,FALSE
Italian Women A2,2023-2024,5/11/2023 ,Trasporti Bressan Offanengo,Cremonaufficio Esperia Cremona,1,3,1-3,4,Cremonaufficio Esperia Cremona,Trasporti Bressan Offanengo,Cremonaufficio Esperia Cremona,TRUE
Italian Women A2,2023-2024,5/11/2023 ,Narconon Volley Melendugno,Ipag S.Lle Ramonda Montecchio,1,3,1-3,4,Ipag S.Lle Ramonda Montecchio,Ipag S.Lle Ramonda Montecchio,Narconon Volley Melendugno,FALSE
Italian Women A2,2023-2024,5/11/2023 ,Pallavolo C.B.L. Costa Volpino,Lpm Bam Mondovì,2,3,2-3,5,Lpm Bam Mondovì,Lpm Bam Mondovì,Pallavolo C.B.L. Costa Volpino,FALSE
Italian Women A2,2023-2024,11/11/2023 ,Cremonaufficio Esperia Cremona,Orocash Picco Lecco,3,1,3-1,4,Cremonaufficio Esperia Cremona,Cremonaufficio Esperia Cremona,Orocash Picco Lecco,FALSE
Italian Women A2,2023-2024,12/11/2023 ,Cbf Balducci Hr Macerata,Pallavolo C.B.L. Costa Volpino,3,0,3-0,3,Cbf Balducci Hr Macerata,Cbf Balducci Hr Macerata,Pallavolo C.B.L. Costa Volpino,FALSE
Italian Women A2,2023-2024,12/11/2023 ,Ipag S.Lle Ramonda Montecchio,Trasporti Bressan Offanengo,3,0,3-0,3,Ipag S.Lle Ramonda Montecchio,Ipag S.Lle Ramonda Montecchio,Trasporti Bressan Offanengo,FALSE
Italian Women A2,2023-2024,12/11/2023 ,Lpm Bam Mondovì,Omag-Mt San Giovanni In M.No,3,0,3-0,3,Lpm Bam Mondovì,Lpm Bam Mondovì,Omag-Mt San Giovanni In M.No,FALSE
Italian Women A2,2023-2024,12/11/2023 ,Volley Hermaea Olbia,Narconon Volley Melendugno,3,2,3-2,5,Volley Hermaea Olbia,Volley Hermaea Olbia,Narconon Volley Melendugno,FALSE
Italian Women A2,2023-2024,18/11/2023 ,Volley Hermaea Olbia,Ipag S.Lle Ramonda Montecchio,3,1,3-1,4,Volley Hermaea Olbia,Ipag S.Lle Ramonda Montecchio,Volley Hermaea Olbia,TRUE
Italian Women A2,2023-2024,18/11/2023 ,Cremonaufficio Esperia Cremona,Pallavolo C.B.L. Costa Volpino,3,1,3-1,4,Cremonaufficio Esperia Cremona,Cremonaufficio Esperia Cremona,Pallavolo C.B.L. Costa Volpino,FALSE
Italian Women A2,2023-2024,19/11/2023 ,Omag-Mt San Giovanni In M.No,Orocash Picco Lecco,3,0,3-0,3,Omag-Mt San Giovanni In M.No,Omag-Mt San Giovanni In M.No,Orocash Picco Lecco,FALSE
Italian Women A2,2023-2024,19/11/2023 ,Lpm Bam Mondovì,Trasporti Bressan Offanengo,3,2,3-2,5,Lpm Bam Mondovì,Trasporti Bressan Offanengo,Lpm Bam Mondovì,TRUE
Italian Women A2,2023-2024,19/11/2023 ,Narconon Volley Melendugno,Cbf Balducci Hr Macerata,0,3,0-3,3,Cbf Balducci Hr Macerata,Cbf Balducci Hr Macerata,Narconon Volley Melendugno,FALSE
Italian Women A2,2023-2024,22/11/2023 ,Cbf Balducci Hr Macerata,Volley Hermaea Olbia,3,0,3-0,3,Cbf Balducci Hr Macerata,Cbf Balducci Hr Macerata,Volley Hermaea Olbia,FALSE
Italian Women A2,2023-2024,22/11/2023 ,Ipag S.Lle Ramonda Montecchio,Cremonaufficio Esperia Cremona,3,2,3-2,5,Ipag S.Lle Ramonda Montecchio,Cremonaufficio Esperia Cremona,Ipag S.Lle Ramonda Montecchio,TRUE
Italian Women A2,2023-2024,22/11/2023 ,Orocash Picco Lecco,Lpm Bam Mondovì,3,2,3-2,5,Orocash Picco Lecco,Lpm Bam Mondovì,Orocash Picco Lecco,TRUE
Italian Women A2,2023-2024,22/11/2023 ,Trasporti Bressan Offanengo,Narconon Volley Melendugno,3,2,3-2,5,Trasporti Bressan Offanengo,Narconon Volley Melendugno,Trasporti Bressan Offanengo,TRUE
Italian Women A2,2023-2024,22/11/2023 ,Pallavolo C.B.L. Costa Volpino,Omag-Mt San Giovanni In M.No,0,3,0-3,3,Omag-Mt San Giovanni In M.No,Omag-Mt San Giovanni In M.No,Pallavolo C.B.L. Costa Volpino,FALSE
Italian Women A2,2023-2024,26/11/2023 ,Cremonaufficio Esperia Cremona,Narconon Volley Melendugno,3,1,3-1,4,Cremonaufficio Esperia Cremona,Cremonaufficio Esperia Cremona,Narconon Volley Melendugno,FALSE
Italian Women A2,2023-2024,26/11/2023 ,Ipag S.Lle Ramonda Montecchio,Cbf Balducci Hr Macerata,1,3,1-3,4,Cbf Balducci Hr Macerata,Cbf Balducci Hr Macerata,Ipag S.Lle Ramonda Montecchio,FALSE
Italian Women A2,2023-2024,26/11/2023 ,Lpm Bam Mondovì,Volley Hermaea Olbia,3,0,3-0,3,Lpm Bam Mondovì,Lpm Bam Mondovì,Volley Hermaea Olbia,FALSE
Italian Women A2,2023-2024,26/11/2023 ,Pallavolo C.B.L. Costa Volpino,Orocash Picco Lecco,1,3,1-3,4,Orocash Picco Lecco,Pallavolo C.B.L. Costa Volpino,Orocash Picco Lecco,TRUE
Italian Women A2,2023-2024,26/11/2023 ,Omag-Mt San Giovanni In M.No,Trasporti Bressan Offanengo,3,0,3-0,3,Omag-Mt San Giovanni In M.No,Omag-Mt San Giovanni In M.No,Trasporti Bressan Offanengo,FALSE
Italian Women A2,2023-2024,3/12/2023 ,Volley Hermaea Olbia,Omag-Mt San Giovanni In M.No,1,3,1-3,4,Omag-Mt San Giovanni In M.No,Omag-Mt San Giovanni In M.No,Volley Hermaea Olbia,FALSE
Italian Women A2,2023-2024,3/12/2023 ,Orocash Picco Lecco,Ipag S.Lle Ramonda Montecchio,1,3,1-3,4,Ipag S.Lle Ramonda Montecchio,Ipag S.Lle Ramonda Montecchio,Orocash Picco Lecco,FALSE
Italian Women A2,2023-2024,3/12/2023 ,Narconon Volley Melendugno,Lpm Bam Mondovì,3,0,3-0,3,Narconon Volley Melendugno,Narconon Volley Melendugno,Lpm Bam Mondovì,FALSE
Italian Women A2,2023-2024,3/12/2023 ,Cbf Balducci Hr Macerata,Cremonaufficio Esperia Cremona,3,1,3-1,4,Cbf Balducci Hr Macerata,Cbf Balducci Hr Macerata,Cremonaufficio Esperia Cremona,FALSE
Italian Women A2,2023-2024,3/12/2023 ,Trasporti Bressan Offanengo,Pallavolo C.B.L. Costa Volpino,3,0,3-0,3,Trasporti Bressan Offanengo,Trasporti Bressan Offanengo,Pallavolo C.B.L. Costa Volpino,FALSE
Italian Women A2,2023-2024,9/12/2023 ,Cremonaufficio Esperia Cremona,Volley Hermaea Olbia,3,1,3-1,4,Cremonaufficio Esperia Cremona,Cremonaufficio Esperia Cremona,Volley Hermaea Olbia,FALSE
Italian Women A2,2023-2024,10/12/2023 ,Lpm Bam Mondovì,Cbf Balducci Hr Macerata,2,3,2-3,5,Cbf Balducci Hr Macerata,Lpm Bam Mondovì,Cbf Balducci Hr Macerata,TRUE
Italian Women A2,2023-2024,10/12/2023 ,Omag-Mt San Giovanni In M.No,Ipag S.Lle Ramonda Montecchio,2,3,2-3,5,Ipag S.Lle Ramonda Montecchio,Omag-Mt San Giovanni In M.No,Ipag S.Lle Ramonda Montecchio,TRUE
Italian Women A2,2023-2024,10/12/2023 ,Orocash Picco Lecco,Trasporti Bressan Offanengo,1,3,1-3,4,Trasporti Bressan Offanengo,Trasporti Bressan Offanengo,Orocash Picco Lecco,FALSE
Italian Women A2,2023-2024,10/12/2023 ,Pallavolo C.B.L. Costa Volpino,Narconon Volley Melendugno,0,3,0-3,3,Narconon Volley Melendugno,Narconon Volley Melendugno,Pallavolo C.B.L. Costa Volpino,FALSE
Italian Women A2,2023-2024,16/12/2023 ,Cbf Balducci Hr Macerata,Trasporti Bressan Offanengo,0,3,0-3,3,Trasporti Bressan Offanengo,Trasporti Bressan Offanengo,Cbf Balducci Hr Macerata,FALSE
Italian Women A2,2023-2024,17/12/2023 ,Volley Hermaea Olbia,Pallavolo C.B.L. Costa Volpino,2,3,2-3,5,Pallavolo C.B.L. Costa Volpino,Volley Hermaea Olbia,Pallavolo C.B.L. Costa Volpino,TRUE
Italian Women A2,2023-2024,17/12/2023 ,Ipag S.Lle Ramonda Montecchio,Lpm Bam Mondovì,3,2,3-2,5,Ipag S.Lle Ramonda Montecchio,Lpm Bam Mondovì,Ipag S.Lle Ramonda Montecchio,TRUE
Italian Women A2,2023-2024,17/12/2023 ,Omag-Mt San Giovanni In M.No,Cremonaufficio Esperia Cremona,0,3,0-3,3,Cremonaufficio Esperia Cremona,Cremonaufficio Esperia Cremona,Omag-Mt San Giovanni In M.No,FALSE
Italian Women A2,2023-2024,17/12/2023 ,Narconon Volley Melendugno,Orocash Picco Lecco,3,1,3-1,4,Narconon Volley Melendugno,Narconon Volley Melendugno,Orocash Picco Lecco,FALSE
Italian Women A2,2023-2024,23/12/2023 ,Orocash Picco Lecco,Cbf Balducci Hr Macerata,2,3,2-3,5,Cbf Balducci Hr Macerata,Orocash Picco Lecco,Cbf Balducci Hr Macerata,TRUE
Italian Women A2,2023-2024,23/12/2023 ,Narconon Volley Melendugno,Omag-Mt San Giovanni In M.No,2,3,2-3,5,Omag-Mt San Giovanni In M.No,Omag-Mt San Giovanni In M.No,Narconon Volley Melendugno,FALSE
Italian Women A2,2023-2024,23/12/2023 ,Pallavolo C.B.L. Costa Volpino,Ipag S.Lle Ramonda Montecchio,1,3,1-3,4,Ipag S.Lle Ramonda Montecchio,Ipag S.Lle Ramonda Montecchio,Pallavolo C.B.L. Costa Volpino,FALSE
Italian Women A2,2023-2024,23/12/2023 ,Cremonaufficio Esperia Cremona,Lpm Bam Mondovì,3,0,3-0,3,Cremonaufficio Esperia Cremona,Cremonaufficio Esperia Cremona,Lpm Bam Mondovì,FALSE
Italian Women A2,2023-2024,23/12/2023 ,Trasporti Bressan Offanengo,Volley Hermaea Olbia,3,1,3-1,4,Trasporti Bressan Offanengo,Trasporti Bressan Offanengo,Volley Hermaea Olbia,FALSE
Italian Women A2,2023-2024,26/12/2023 ,Cbf Balducci Hr Macerata,Omag-Mt San Giovanni In M.No,3,0,3-0,3,Cbf Balducci Hr Macerata,Cbf Balducci Hr Macerata,Omag-Mt San Giovanni In M.No,FALSE
Italian Women A2,2023-2024,26/12/2023 ,Cremonaufficio Esperia Cremona,Trasporti Bressan Offanengo,3,0,3-0,3,Cremonaufficio Esperia Cremona,Cremonaufficio Esperia Cremona,Trasporti Bressan Offanengo,FALSE
Italian Women A2,2023-2024,26/12/2023 ,Ipag S.Lle Ramonda Montecchio,Narconon Volley Melendugno,3,2,3-2,5,Ipag S.Lle Ramonda Montecchio,Narconon Volley Melendugno,Ipag S.Lle Ramonda Montecchio,TRUE
Italian Women A2,2023-2024,26/12/2023 ,Lpm Bam Mondovì,Pallavolo C.B.L. Costa Volpino,3,1,3-1,4,Lpm Bam Mondovì,Lpm Bam Mondovì,Pallavolo C.B.L. Costa Volpino,FALSE
Italian Women A2,2023-2024,28/12/2023 ,Volley Hermaea Olbia,Orocash Picco Lecco,2,3,2-3,5,Orocash Picco Lecco,Volley Hermaea Olbia,Orocash Picco Lecco,TRUE
Italian Women A2,2023-2024,7/1/2024 ,Pallavolo C.B.L. Costa Volpino,Cbf Balducci Hr Macerata,1,3,1-3,4,Cbf Balducci Hr Macerata,Cbf Balducci Hr Macerata,Pallavolo C.B.L. Costa Volpino,FALSE
Italian Women A2,2023-2024,7/1/2024 ,Trasporti Bressan Offanengo,Ipag S.Lle Ramonda Montecchio,2,3,2-3,5,Ipag S.Lle Ramonda Montecchio,Trasporti Bressan Offanengo,Ipag S.Lle Ramonda Montecchio,TRUE
Italian Women A2,2023-2024,7/1/2024 ,Omag-Mt San Giovanni In M.No,Lpm Bam Mondovì,1,3,1-3,4,Lpm Bam Mondovì,Lpm Bam Mondovì,Omag-Mt San Giovanni In M.No,FALSE
Italian Women A2,2023-2024,7/1/2024 ,Narconon Volley Melendugno,Volley Hermaea Olbia,3,0,3-0,3,Narconon Volley Melendugno,Narconon Volley Melendugno,Volley Hermaea Olbia,FALSE
Italian Women A2,2023-2024,7/1/2024 ,Orocash Picco Lecco,Cremonaufficio Esperia Cremona,2,3,2-3,5,Cremonaufficio Esperia Cremona,Orocash Picco Lecco,Cremonaufficio Esperia Cremona,TRUE
Italian Women A2,2023-2024,14/1/2024 ,Orocash Picco Lecco,Omag-Mt San Giovanni In M.No,1,3,1-3,4,Omag-Mt San Giovanni In M.No,Orocash Picco Lecco,Omag-Mt San Giovanni In M.No,TRUE
Italian Women A2,2023-2024,14/1/2024 ,Trasporti Bressan Offanengo,Lpm Bam Mondovì,1,3,1-3,4,Lpm Bam Mondovì,Trasporti Bressan Offanengo,Lpm Bam Mondovì,TRUE
Italian Women A2,2023-2024,14/1/2024 ,Ipag S.Lle Ramonda Montecchio,Volley Hermaea Olbia,0,3,0-3,3,Volley Hermaea Olbia,Volley Hermaea Olbia,Ipag S.Lle Ramonda Montecchio,FALSE
Italian Women A2,2023-2024,14/1/2024 ,Pallavolo C.B.L. Costa Volpino,Cremonaufficio Esperia Cremona,1,3,1-3,4,Cremonaufficio Esperia Cremona,Cremonaufficio Esperia Cremona,Pallavolo C.B.L. Costa Volpino,FALSE
Italian Women A2,2023-2024,14/1/2024 ,Cbf Balducci Hr Macerata,Narconon Volley Melendugno,3,1,3-1,4,Cbf Balducci Hr Macerata,Cbf Balducci Hr Macerata,Narconon Volley Melendugno,FALSE
Italian Women A2,2023-2024,21/1/2024 ,Narconon Volley Melendugno,Trasporti Bressan Offanengo,1,3,1-3,4,Trasporti Bressan Offanengo,Trasporti Bressan Offanengo,Narconon Volley Melendugno,FALSE
Italian Women A2,2023-2024,21/1/2024 ,Volley Hermaea Olbia,Cbf Balducci Hr Macerata,1,3,1-3,4,Cbf Balducci Hr Macerata,Volley Hermaea Olbia,Cbf Balducci Hr Macerata,TRUE
Italian Women A2,2023-2024,21/1/2024 ,Cremonaufficio Esperia Cremona,Ipag S.Lle Ramonda Montecchio,3,1,3-1,4,Cremonaufficio Esperia Cremona,Cremonaufficio Esperia Cremona,Ipag S.Lle Ramonda Montecchio,FALSE
Italian Women A2,2023-2024,21/1/2024 ,Lpm Bam Mondovì,Orocash Picco Lecco,3,1,3-1,4,Lpm Bam Mondovì,Orocash Picco Lecco,Lpm Bam Mondovì,TRUE
Italian Women A2,2023-2024,21/1/2024 ,Omag-Mt San Giovanni In M.No,Pallavolo C.B.L. Costa Volpino,3,0,3-0,3,Omag-Mt San Giovanni In M.No,Omag-Mt San Giovanni In M.No,Pallavolo C.B.L. Costa Volpino,FALSE
Italian Women A2,2023-2024,6/4/2024 ,Futura Busto Arsizio,Cbf Balducci Hr Macerata,3,2,3-2,5,Futura Busto Arsizio,Futura Busto Arsizio,Cbf Balducci Hr Macerata,FALSE
Italian Women A2,2023-2024,7/4/2024 ,Città Di Messina,Cda Volley Talmassons Fvg,2,3,2-3,5,Cda Volley Talmassons Fvg,Città Di Messina,Cda Volley Talmassons Fvg,TRUE
Italian Women A2,2023-2024,10/4/2024 ,Cda Volley Talmassons Fvg,Città Di Messina,1,3,1-3,4,Città Di Messina,Cda Volley Talmassons Fvg,Città Di Messina,TRUE
Italian Women A2,2023-2024,10/4/2024 ,Cbf Balducci Hr Macerata,Futura Busto Arsizio,0,3,0-3,3,Futura Busto Arsizio,Futura Busto Arsizio,Cbf Balducci Hr Macerata,FALSE
Italian Women A2,2023-2024,14/4/2024 ,Città Di Messina,Cda Volley Talmassons Fvg,0,3,0-3,3,Cda Volley Talmassons Fvg,Cda Volley Talmassons Fvg,Città Di Messina,FALSE
Italian Women A2,2023-2024,20/4/2024 ,Futura Busto Arsizio,Cda Volley Talmassons Fvg,0,3,0-3,3,Cda Volley Talmassons Fvg,Cda Volley Talmassons Fvg,Futura Busto Arsizio,FALSE
Italian Women A2,2023-2024,25/4/2024 ,Cda Volley Talmassons Fvg,Futura Busto Arsizio,3,0,3-0,3,Cda Volley Talmassons Fvg,Cda Volley Talmassons Fvg,Futura Busto Arsizio,FALSE
Italian Women A2,2023-2024,27/1/2024 ,Cda Volley Talmassons Fvg,Cremonaufficio Esperia Cremona,3,2,3-2,5,Cda Volley Talmassons Fvg,Cda Volley Talmassons Fvg,Cremonaufficio Esperia Cremona,FALSE
Italian Women A2,2023-2024,28/1/2024 ,Città Di Messina,Ipag S.Lle Ramonda Montecchio,3,1,3-1,4,Città Di Messina,Città Di Messina,Ipag S.Lle Ramonda Montecchio,FALSE
Italian Women A2,2023-2024,28/1/2024 ,Bartoccini-Fortinfissi Perugia,Cbf Balducci Hr Macerata,3,1,3-1,4,Bartoccini-Fortinfissi Perugia,Bartoccini-Fortinfissi Perugia,Cbf Balducci Hr Macerata,FALSE
Italian Women A2,2023-2024,28/1/2024 ,Omag-Mt San Giovanni In M.No,Futura Giovani Busto Arsizio,3,2,3-2,5,Omag-Mt San Giovanni In M.No,Futura Giovani Busto Arsizio,Omag-Mt San Giovanni In M.No,TRUE
Italian Women A2,2023-2024,28/1/2024 ,Lpm Bam Mondovì,Tecnoteam Albese Volley Como,0,3,0-3,3,Tecnoteam Albese Volley Como,Tecnoteam Albese Volley Como,Lpm Bam Mondovì,FALSE
Italian Women A2,2023-2024,3/2/2024 ,Cremonaufficio Esperia Cremona,Città Di Messina,1,3,1-3,4,Città Di Messina,Cremonaufficio Esperia Cremona,Città Di Messina,TRUE
Italian Women A2,2023-2024,4/2/2024 ,Futura Giovani Busto Arsizio,Lpm Bam Mondovì,3,1,3-1,4,Futura Giovani Busto Arsizio,Futura Giovani Busto Arsizio,Lpm Bam Mondovì,FALSE
Italian Women A2,2023-2024,4/2/2024 ,Tecnoteam Albese Volley Como,Omag-Mt San Giovanni In M.No,3,1,3-1,4,Tecnoteam Albese Volley Como,Omag-Mt San Giovanni In M.No,Tecnoteam Albese Volley Como,TRUE
Italian Women A2,2023-2024,4/2/2024 ,Cbf Balducci Hr Macerata,Cda Volley Talmassons Fvg,0,3,0-3,3,Cda Volley Talmassons Fvg,Cda Volley Talmassons Fvg,Cbf Balducci Hr Macerata,FALSE
Italian Women A2,2023-2024,4/2/2024 ,Ipag S.Lle Ramonda Montecchio,Bartoccini-Fortinfissi Perugia,0,3,0-3,3,Bartoccini-Fortinfissi Perugia,Bartoccini-Fortinfissi Perugia,Ipag S.Lle Ramonda Montecchio,FALSE
Italian Women A2,2023-2024,9/2/2024 ,Ipag S.Lle Ramonda Montecchio,Futura Giovani Busto Arsizio,0,3,0-3,3,Futura Giovani Busto Arsizio,Futura Giovani Busto Arsizio,Ipag S.Lle Ramonda Montecchio,FALSE
Italian Women A2,2023-2024,10/2/2024 ,Cbf Balducci Hr Macerata,Tecnoteam Albese Volley Como,3,2,3-2,5,Cbf Balducci Hr Macerata,Tecnoteam Albese Volley Como,Cbf Balducci Hr Macerata,TRUE
Italian Women A2,2023-2024,10/2/2024 ,Lpm Bam Mondovì,Cda Volley Talmassons Fvg,3,2,3-2,5,Lpm Bam Mondovì,Cda Volley Talmassons Fvg,Lpm Bam Mondovì,TRUE
Italian Women A2,2023-2024,10/2/2024 ,Bartoccini-Fortinfissi Perugia,Cremonaufficio Esperia Cremona,3,0,3-0,3,Bartoccini-Fortinfissi Perugia,Bartoccini-Fortinfissi Perugia,Cremonaufficio Esperia Cremona,FALSE
Italian Women A2,2023-2024,11/2/2024 ,Omag-Mt San Giovanni In M.No,Città Di Messina,3,0,3-0,3,Omag-Mt San Giovanni In M.No,Omag-Mt San Giovanni In M.No,Città Di Messina,FALSE
Italian Women A2,2023-2024,14/2/2024 ,Bartoccini-Fortinfissi Perugia,Lpm Bam Mondovì,3,1,3-1,4,Bartoccini-Fortinfissi Perugia,Bartoccini-Fortinfissi Perugia,Lpm Bam Mondovì,FALSE
Italian Women A2,2023-2024,14/2/2024 ,Cda Volley Talmassons Fvg,Omag-Mt San Giovanni In M.No,2,3,2-3,5,Omag-Mt San Giovanni In M.No,Cda Volley Talmassons Fvg,Omag-Mt San Giovanni In M.No,TRUE
Italian Women A2,2023-2024,14/2/2024 ,Futura Giovani Busto Arsizio,Cremonaufficio Esperia Cremona,3,0,3-0,3,Futura Giovani Busto Arsizio,Futura Giovani Busto Arsizio,Cremonaufficio Esperia Cremona,FALSE
Italian Women A2,2023-2024,14/2/2024 ,Tecnoteam Albese Volley Como,Ipag S.Lle Ramonda Montecchio,3,1,3-1,4,Tecnoteam Albese Volley Como,Ipag S.Lle Ramonda Montecchio,Tecnoteam Albese Volley Como,TRUE
Italian Women A2,2023-2024,14/2/2024 ,Città Di Messina,Cbf Balducci Hr Macerata,3,1,3-1,4,Città Di Messina,Città Di Messina,Cbf Balducci Hr Macerata,FALSE
Italian Women A2,2023-2024,25/2/2024 ,Cbf Balducci Hr Macerata,Futura Giovani Busto Arsizio,3,2,3-2,5,Cbf Balducci Hr Macerata,Cbf Balducci Hr Macerata,Futura Giovani Busto Arsizio,FALSE
Italian Women A2,2023-2024,25/2/2024 ,Lpm Bam Mondovì,Città Di Messina,3,2,3-2,5,Lpm Bam Mondovì,Lpm Bam Mondovì,Città Di Messina,FALSE
Italian Women A2,2023-2024,25/2/2024 ,Omag-Mt San Giovanni In M.No,Bartoccini-Fortinfissi Perugia,3,0,3-0,3,Omag-Mt San Giovanni In M.No,Omag-Mt San Giovanni In M.No,Bartoccini-Fortinfissi Perugia,FALSE
Italian Women A2,2023-2024,25/2/2024 ,Cremonaufficio Esperia Cremona,Tecnoteam Albese Volley Como,2,3,2-3,5,Tecnoteam Albese Volley Como,Tecnoteam Albese Volley Como,Cremonaufficio Esperia Cremona,FALSE
Italian Women A2,2023-2024,25/2/2024 ,Ipag S.Lle Ramonda Montecchio,Cda Volley Talmassons Fvg,0,3,0-3,3,Cda Volley Talmassons Fvg,Cda Volley Talmassons Fvg,Ipag S.Lle Ramonda Montecchio,FALSE
Italian Women A2,2023-2024,2/3/2024 ,Cremonaufficio Esperia Cremona,Cda Volley Talmassons Fvg,1,3,1-3,4,Cda Volley Talmassons Fvg,Cda Volley Talmassons Fvg,Cremonaufficio Esperia Cremona,FALSE
Italian Women A2,2023-2024,2/3/2024 ,Futura Giovani Busto Arsizio,Omag-Mt San Giovanni In M.No,3,1,3-1,4,Futura Giovani Busto Arsizio,Futura Giovani Busto Arsizio,Omag-Mt San Giovanni In M.No,FALSE
Italian Women A2,2023-2024,2/3/2024 ,Tecnoteam Albese Volley Como,Lpm Bam Mondovì,2,3,2-3,5,Lpm Bam Mondovì,Tecnoteam Albese Volley Como,Lpm Bam Mondovì,TRUE
Italian Women A2,2023-2024,3/3/2024 ,Ipag S.Lle Ramonda Montecchio,Città Di Messina,0,3,0-3,3,Città Di Messina,Città Di Messina,Ipag S.Lle Ramonda Montecchio,FALSE
Italian Women A2,2023-2024,3/3/2024 ,Cbf Balducci Hr Macerata,Bartoccini-Fortinfissi Perugia,2,3,2-3,5,Bartoccini-Fortinfissi Perugia,Bartoccini-Fortinfissi Perugia,Cbf Balducci Hr Macerata,FALSE
Italian Women A2,2023-2024,10/3/2024 ,Città Di Messina,Cremonaufficio Esperia Cremona,3,0,3-0,3,Città Di Messina,Città Di Messina,Cremonaufficio Esperia Cremona,FALSE
Italian Women A2,2023-2024,10/3/2024 ,Lpm Bam Mondovì,Futura Giovani Busto Arsizio,3,1,3-1,4,Lpm Bam Mondovì,Lpm Bam Mondovì,Futura Giovani Busto Arsizio,FALSE
Italian Women A2,2023-2024,10/3/2024 ,Omag-Mt San Giovanni In M.No,Tecnoteam Albese Volley Como,0,3,0-3,3,Tecnoteam Albese Volley Como,Tecnoteam Albese Volley Como,Omag-Mt San Giovanni In M.No,FALSE
Italian Women A2,2023-2024,10/3/2024 ,Cda Volley Talmassons Fvg,Cbf Balducci Hr Macerata,3,0,3-0,3,Cda Volley Talmassons Fvg,Cda Volley Talmassons Fvg,Cbf Balducci Hr Macerata,FALSE
Italian Women A2,2023-2024,10/3/2024 ,Bartoccini-Fortinfissi Perugia,Ipag S.Lle Ramonda Montecchio,3,1,3-1,4,Bartoccini-Fortinfissi Perugia,Bartoccini-Fortinfissi Perugia,Ipag S.Lle Ramonda Montecchio,FALSE
Italian Women A2,2023-2024,16/3/2024 ,Tecnoteam Albese Volley Como,Cbf Balducci Hr Macerata,0,3,0-3,3,Cbf Balducci Hr Macerata,Cbf Balducci Hr Macerata,Tecnoteam Albese Volley Como,FALSE
Italian Women A2,2023-2024,17/3/2024 ,Cremonaufficio Esperia Cremona,Bartoccini-Fortinfissi Perugia,0,3,0-3,3,Bartoccini-Fortinfissi Perugia,Bartoccini-Fortinfissi Perugia,Cremonaufficio Esperia Cremona,FALSE
Italian Women A2,2023-2024,17/3/2024 ,Città Di Messina,Omag-Mt San Giovanni In M.No,3,0,3-0,3,Città Di Messina,Città Di Messina,Omag-Mt San Giovanni In M.No,FALSE
Italian Women A2,2023-2024,17/3/2024 ,Cda Volley Talmassons Fvg,Lpm Bam Mondovì,3,1,3-1,4,Cda Volley Talmassons Fvg,Cda Volley Talmassons Fvg,Lpm Bam Mondovì,FALSE
Italian Women A2,2023-2024,18/3/2024 ,Futura Giovani Busto Arsizio,Ipag S.Lle Ramonda Montecchio,3,1,3-1,4,Futura Giovani Busto Arsizio,Futura Giovani Busto Arsizio,Ipag S.Lle Ramonda Montecchio,FALSE
Italian Women A2,2023-2024,23/3/2024 ,Cremonaufficio Esperia Cremona,Futura Giovani Busto Arsizio,3,2,3-2,5,Cremonaufficio Esperia Cremona,Futura Giovani Busto Arsizio,Cremonaufficio Esperia Cremona,TRUE
Italian Women A2,2023-2024,24/3/2024 ,Lpm Bam Mondovì,Bartoccini-Fortinfissi Perugia,3,0,3-0,3,Lpm Bam Mondovì,Lpm Bam Mondovì,Bartoccini-Fortinfissi Perugia,FALSE
Italian Women A2,2023-2024,24/3/2024 ,Ipag S.Lle Ramonda Montecchio,Tecnoteam Albese Volley Como,1,3,1-3,4,Tecnoteam Albese Volley Como,Tecnoteam Albese Volley Como,Ipag S.Lle Ramonda Montecchio,FALSE
Italian Women A2,2023-2024,24/3/2024 ,Cbf Balducci Hr Macerata,Città Di Messina,3,1,3-1,4,Cbf Balducci Hr Macerata,Cbf Balducci Hr Macerata,Città Di Messina,FALSE
Italian Women A2,2023-2024,24/3/2024 ,Omag-Mt San Giovanni In M.No,Cda Volley Talmassons Fvg,2,3,2-3,5,Cda Volley Talmassons Fvg,Omag-Mt San Giovanni In M.No,Cda Volley Talmassons Fvg,TRUE
Italian Women A2,2023-2024,29/3/2024 ,Futura Giovani Busto Arsizio,Cbf Balducci Hr Macerata,3,1,3-1,4,Futura Giovani Busto Arsizio,Futura Giovani Busto Arsizio,Cbf Balducci Hr Macerata,FALSE
Italian Women A2,2023-2024,29/3/2024 ,Bartoccini-Fortinfissi Perugia,Omag-Mt San Giovanni In M.No,3,0,3-0,3,Bartoccini-Fortinfissi Perugia,Bartoccini-Fortinfissi Perugia,Omag-Mt San Giovanni In M.No,FALSE
Italian Women A2,2023-2024,30/3/2024 ,Città Di Messina,Lpm Bam Mondovì,0,3,0-3,3,Lpm Bam Mondovì,Lpm Bam Mondovì,Città Di Messina,FALSE
Italian Women A2,2023-2024,30/3/2024 ,Tecnoteam Albese Volley Como,Cremonaufficio Esperia Cremona,3,0,3-0,3,Tecnoteam Albese Volley Como,Tecnoteam Albese Volley Como,Cremonaufficio Esperia Cremona,FALSE
Italian Women A2,2023-2024,30/3/2024 ,Cda Volley Talmassons Fvg,Ipag S.Lle Ramonda Montecchio,2,3,2-3,5,Ipag S.Lle Ramonda Montecchio,Cda Volley Talmassons Fvg,Ipag S.Lle Ramonda Montecchio,TRUE
Italian Women A2,2023-2024,27/1/2024 ,Valsabbina Millenium Brescia,Volley Hermaea Olbia,3,1,3-1,4,Valsabbina Millenium Brescia,Volley Hermaea Olbia,Valsabbina Millenium Brescia,TRUE
Italian Women A2,2023-2024,28/1/2024 ,Trasporti Bressan Offanengo,Vtb Fcredil Bologna,3,0,3-0,3,Trasporti Bressan Offanengo,Trasporti Bressan Offanengo,Vtb Fcredil Bologna,FALSE
Italian Women A2,2023-2024,28/1/2024 ,Pallavolo C.B.L. Costa Volpino,Sirdeco Volley Pescara,3,1,3-1,4,Pallavolo C.B.L. Costa Volpino,Sirdeco Volley Pescara,Pallavolo C.B.L. Costa Volpino,TRUE
Italian Women A2,2023-2024,28/1/2024 ,Orocash Picco Lecco,Nuvolì Altafratte Padova,3,0,3-0,3,Orocash Picco Lecco,Orocash Picco Lecco,Nuvolì Altafratte Padova,FALSE
Italian Women A2,2023-2024,28/1/2024 ,Volley Soverato,Narconon Volley Melendugno,3,2,3-2,5,Volley Soverato,Narconon Volley Melendugno,Volley Soverato,TRUE
Italian Women A2,2023-2024,4/2/2024 ,Sirdeco Volley Pescara,Orocash Picco Lecco,0,3,0-3,3,Orocash Picco Lecco,Orocash Picco Lecco,Sirdeco Volley Pescara,FALSE
Italian Women A2,2023-2024,4/2/2024 ,Narconon Volley Melendugno,Valsabbina Millenium Brescia,1,3,1-3,4,Valsabbina Millenium Brescia,Valsabbina Millenium Brescia,Narconon Volley Melendugno,FALSE
Italian Women A2,2023-2024,4/2/2024 ,Vtb Fcredil Bologna,Pallavolo C.B.L. Costa Volpino,3,2,3-2,5,Vtb Fcredil Bologna,Vtb Fcredil Bologna,Pallavolo C.B.L. Costa Volpino,FALSE
Italian Women A2,2023-2024,4/2/2024 ,Volley Hermaea Olbia,Volley Soverato,2,3,2-3,5,Volley Soverato,Volley Soverato,Volley Hermaea Olbia,FALSE
Italian Women A2,2023-2024,4/2/2024 ,Nuvolì Altafratte Padova,Trasporti Bressan Offanengo,3,2,3-2,5,Nuvolì Altafratte Padova,Trasporti Bressan Offanengo,Nuvolì Altafratte Padova,TRUE
Italian Women A2,2023-2024,11/2/2024 ,Valsabbina Millenium Brescia,Pallavolo C.B.L. Costa Volpino,3,0,3-0,3,Valsabbina Millenium Brescia,Valsabbina Millenium Brescia,Pallavolo C.B.L. Costa Volpino,FALSE
Italian Women A2,2023-2024,11/2/2024 ,Orocash Picco Lecco,Vtb Fcredil Bologna,3,2,3-2,5,Orocash Picco Lecco,Vtb Fcredil Bologna,Orocash Picco Lecco,TRUE
Italian Women A2,2023-2024,11/2/2024 ,Sirdeco Volley Pescara,Volley Hermaea Olbia,0,3,0-3,3,Volley Hermaea Olbia,Volley Hermaea Olbia,Sirdeco Volley Pescara,FALSE
Italian Women A2,2023-2024,11/2/2024 ,Nuvolì Altafratte Padova,Narconon Volley Melendugno,1,3,1-3,4,Narconon Volley Melendugno,Narconon Volley Melendugno,Nuvolì Altafratte Padova,FALSE
Italian Women A2,2023-2024,11/2/2024 ,Volley Soverato,Trasporti Bressan Offanengo,0,3,0-3,3,Trasporti Bressan Offanengo,Trasporti Bressan Offanengo,Volley Soverato,FALSE
Italian Women A2,2023-2024,24/2/2024 ,Narconon Volley Melendugno,Vtb Fcredil Bologna,1,3,1-3,4,Vtb Fcredil Bologna,Narconon Volley Melendugno,Vtb Fcredil Bologna,TRUE
Italian Women A2,2023-2024,25/2/2024 ,Orocash Picco Lecco,Valsabbina Millenium Brescia,3,1,3-1,4,Orocash Picco Lecco,Orocash Picco Lecco,Valsabbina Millenium Brescia,FALSE
Italian Women A2,2023-2024,25/2/2024 ,Pallavolo C.B.L. Costa Volpino,Volley Soverato,3,0,3-0,3,Pallavolo C.B.L. Costa Volpino,Pallavolo C.B.L. Costa Volpino,Volley Soverato,FALSE
Italian Women A2,2023-2024,25/2/2024 ,Volley Hermaea Olbia,Nuvolì Altafratte Padova,3,0,3-0,3,Volley Hermaea Olbia,Volley Hermaea Olbia,Nuvolì Altafratte Padova,FALSE
Italian Women A2,2023-2024,25/2/2024 ,Trasporti Bressan Offanengo,Sirdeco Volley Pescara,3,0,3-0,3,Trasporti Bressan Offanengo,Trasporti Bressan Offanengo,Sirdeco Volley Pescara,FALSE
Italian Women A2,2023-2024,3/3/2024 ,Valsabbina Millenium Brescia,Trasporti Bressan Offanengo,1,3,1-3,4,Trasporti Bressan Offanengo,Trasporti Bressan Offanengo,Valsabbina Millenium Brescia,FALSE
Italian Women A2,2023-2024,3/3/2024 ,Vtb Fcredil Bologna,Volley Hermaea Olbia,1,3,1-3,4,Volley Hermaea Olbia,Volley Hermaea Olbia,Vtb Fcredil Bologna,FALSE
Italian Women A2,2023-2024,3/3/2024 ,Volley Soverato,Orocash Picco Lecco,1,3,1-3,4,Orocash Picco Lecco,Volley Soverato,Orocash Picco Lecco,TRUE
Italian Women A2,2023-2024,3/3/2024 ,Nuvolì Altafratte Padova,Pallavolo C.B.L. Costa Volpino,3,1,3-1,4,Nuvolì Altafratte Padova,Nuvolì Altafratte Padova,Pallavolo C.B.L. Costa Volpino,FALSE
Italian Women A2,2023-2024,3/3/2024 ,Sirdeco Volley Pescara,Narconon Volley Melendugno,0,3,0-3,3,Narconon Volley Melendugno,Narconon Volley Melendugno,Sirdeco Volley Pescara,FALSE
Italian Women A2,2023-2024,9/3/2024 ,Vtb Fcredil Bologna,Trasporti Bressan Offanengo,0,3,0-3,3,Trasporti Bressan Offanengo,Trasporti Bressan Offanengo,Vtb Fcredil Bologna,FALSE
Italian Women A2,2023-2024,10/3/2024 ,Sirdeco Volley Pescara,Pallavolo C.B.L. Costa Volpino,0,3,0-3,3,Pallavolo C.B.L. Costa Volpino,Pallavolo C.B.L. Costa Volpino,Sirdeco Volley Pescara,FALSE
Italian Women A2,2023-2024,10/3/2024 ,Narconon Volley Melendugno,Volley Soverato,3,0,3-0,3,Narconon Volley Melendugno,Narconon Volley Melendugno,Volley Soverato,FALSE
Italian Women A2,2023-2024,10/3/2024 ,Nuvolì Altafratte Padova,Orocash Picco Lecco,2,3,2-3,5,Orocash Picco Lecco,Nuvolì Altafratte Padova,Orocash Picco Lecco,TRUE
Italian Women A2,2023-2024,10/3/2024 ,Volley Hermaea Olbia,Valsabbina Millenium Brescia,1,3,1-3,4,Valsabbina Millenium Brescia,Valsabbina Millenium Brescia,Volley Hermaea Olbia,FALSE
Italian Women A2,2023-2024,17/3/2024 ,Orocash Picco Lecco,Sirdeco Volley Pescara,3,0,3-0,3,Orocash Picco Lecco,Orocash Picco Lecco,Sirdeco Volley Pescara,FALSE
Italian Women A2,2023-2024,17/3/2024 ,Valsabbina Millenium Brescia,Narconon Volley Melendugno,2,3,2-3,5,Narconon Volley Melendugno,Narconon Volley Melendugno,Valsabbina Millenium Brescia,FALSE
Italian Women A2,2023-2024,17/3/2024 ,Pallavolo C.B.L. Costa Volpino,Vtb Fcredil Bologna,1,3,1-3,4,Vtb Fcredil Bologna,Vtb Fcredil Bologna,Pallavolo C.B.L. Costa Volpino,FALSE
Italian Women A2,2023-2024,17/3/2024 ,Volley Soverato,Volley Hermaea Olbia,2,3,2-3,5,Volley Hermaea Olbia,Volley Hermaea Olbia,Volley Soverato,FALSE
Italian Women A2,2023-2024,17/3/2024 ,Trasporti Bressan Offanengo,Nuvolì Altafratte Padova,3,0,3-0,3,Trasporti Bressan Offanengo,Trasporti Bressan Offanengo,Nuvolì Altafratte Padova,FALSE
Italian Women A2,2023-2024,24/3/2024 ,Volley Hermaea Olbia,Sirdeco Volley Pescara,3,0,3-0,3,Volley Hermaea Olbia,Volley Hermaea Olbia,Sirdeco Volley Pescara,FALSE
Italian Women A2,2023-2024,24/3/2024 ,Pallavolo C.B.L. Costa Volpino,Valsabbina Millenium Brescia,3,1,3-1,4,Pallavolo C.B.L. Costa Volpino,Pallavolo C.B.L. Costa Volpino,Valsabbina Millenium Brescia,FALSE
Italian Women A2,2023-2024,24/3/2024 ,Vtb Fcredil Bologna,Orocash Picco Lecco,2,3,2-3,5,Orocash Picco Lecco,Vtb Fcredil Bologna,Orocash Picco Lecco,TRUE
Italian Women A2,2023-2024,24/3/2024 ,Narconon Volley Melendugno,Nuvolì Altafratte Padova,2,3,2-3,5,Nuvolì Altafratte Padova,Narconon Volley Melendugno,Nuvolì Altafratte Padova,TRUE
Italian Women A2,2023-2024,24/3/2024 ,Trasporti Bressan Offanengo,Volley Soverato,3,2,3-2,5,Trasporti Bressan Offanengo,Volley Soverato,Trasporti Bressan Offanengo,TRUE
Italian Women A2,2023-2024,30/3/2024 ,Valsabbina Millenium Brescia,Orocash Picco Lecco,2,3,2-3,5,Orocash Picco Lecco,Orocash Picco Lecco,Valsabbina Millenium Brescia,FALSE
Italian Women A2,2023-2024,30/3/2024 ,Vtb Fcredil Bologna,Narconon Volley Melendugno,3,2,3-2,5,Vtb Fcredil Bologna,Narconon Volley Melendugno,Vtb Fcredil Bologna,TRUE
Italian Women A2,2023-2024,30/3/2024 ,Volley Soverato,Pallavolo C.B.L. Costa Volpino,3,1,3-1,4,Volley Soverato,Volley Soverato,Pallavolo C.B.L. Costa Volpino,FALSE
Italian Women A2,2023-2024,30/3/2024 ,Nuvolì Altafratte Padova,Volley Hermaea Olbia,1,3,1-3,4,Volley Hermaea Olbia,Volley Hermaea Olbia,Nuvolì Altafratte Padova,FALSE
Italian Women A2,2023-2024,30/3/2024 ,Sirdeco Volley Pescara,Trasporti Bressan Offanengo,0,3,0-3,3,Trasporti Bressan Offanengo,Trasporti Bressan Offanengo,Sirdeco Volley Pescara,FALSE
Italian Women A2,2023-2024,7/4/2024 ,Trasporti Bressan Offanengo,Valsabbina Millenium Brescia,1,3,1-3,4,Valsabbina Millenium Brescia,Valsabbina Millenium Brescia,Trasporti Bressan Offanengo,FALSE
Italian Women A2,2023-2024,7/4/2024 ,Volley Hermaea Olbia,Vtb Fcredil Bologna,3,0,3-0,3,Volley Hermaea Olbia,Volley Hermaea Olbia,Vtb Fcredil Bologna,FALSE
Italian Women A2,2023-2024,7/4/2024 ,Orocash Picco Lecco,Volley Soverato,3,0,3-0,3,Orocash Picco Lecco,Orocash Picco Lecco,Volley Soverato,FALSE
Italian Women A2,2023-2024,7/4/2024 ,Pallavolo C.B.L. Costa Volpino,Nuvolì Altafratte Padova,1,3,1-3,4,Nuvolì Altafratte Padova,Nuvolì Altafratte Padova,Pallavolo C.B.L. Costa Volpino,FALSE
Italian Women A2,2023-2024,7/4/2024 ,Narconon Volley Melendugno,Sirdeco Volley Pescara,3,0,3-0,3,Narconon Volley Melendugno,Narconon Volley Melendugno,Sirdeco Volley Pescara,FALSE
Italian Women A2,2023-2024,10/1/2024 ,Ipag Montecchio,Cda Volley Talmassons Fvg,0,3,0-3,3,Cda Volley Talmassons Fvg,Cda Volley Talmassons Fvg,Ipag Montecchio,FALSE
Italian Women A2,2023-2024,10/1/2024 ,Bartoccini-Fortinfissi Perugia,Omag-Mt San Giovanni In M.No,3,1,3-1,4,Bartoccini-Fortinfissi Perugia,Omag-Mt San Giovanni In M.No,Bartoccini-Fortinfissi Perugia,TRUE
Italian Women A2,2023-2024,10/1/2024 ,Cbf Balducci Hr Macerata,Città Di Messina,0,3,0-3,3,Città Di Messina,Città Di Messina,Cbf Balducci Hr Macerata,FALSE
Italian Women A2,2023-2024,10/1/2024 ,Futura Busto Arsizio,Cremonaufficio Esperia Cremona,3,0,3-0,3,Futura Busto Arsizio,Futura Busto Arsizio,Cremonaufficio Esperia Cremona,FALSE
Italian Women A2,2023-2024,24/1/2024 ,Futura Busto Arsizio,Città Di Messina,3,0,3-0,3,Futura Busto Arsizio,Futura Busto Arsizio,Città Di Messina,FALSE
Italian Women A2,2023-2024,31/1/2024 ,Bartoccini-Fortinfissi Perugia,Cda Volley Talmassons Fvg,3,0,3-0,3,Bartoccini-Fortinfissi Perugia,Bartoccini-Fortinfissi Perugia,Cda Volley Talmassons Fvg,FALSE
Italian Women A2,2023-2024,18/2/2024 ,Bartoccini-Fortinfissi Perugia,Futura Busto Arsizio,3,0,3-0,3,Bartoccini-Fortinfissi Perugia,Bartoccini-Fortinfissi Perugia,Futura Busto Arsizio,FALSE
Italian Men SuperLega,2023-2024,22/10/2023 ,Sir Susa Vim Perugia,Farmitalia Catania,3,0,3-0,3,Sir Susa Vim Perugia,Sir Susa Vim Perugia,Farmitalia Catania,FALSE
Italian Men SuperLega,2023-2024,22/10/2023 ,Valsa Group Modena,Allianz Milano,3,2,3-2,5,Valsa Group Modena,Valsa Group Modena,Allianz Milano,FALSE
Italian Men SuperLega,2023-2024,22/10/2023 ,Cucine Lube Civitanova,Mint Vero Volley Monza,0,3,0-3,3,Mint Vero Volley Monza,Mint Vero Volley Monza,Cucine Lube Civitanova,FALSE
Italian Men SuperLega,2023-2024,22/10/2023 ,Gas Sales Bluenergy Piacenza,Pallavolo Padova,3,0,3-0,3,Gas Sales Bluenergy Piacenza,Gas Sales Bluenergy Piacenza,Pallavolo Padova,FALSE
Italian Men SuperLega,2023-2024,22/10/2023 ,Cisterna Volley,Itas Trentino,2,3,2-3,5,Itas Trentino,Itas Trentino,Cisterna Volley,FALSE
Italian Men SuperLega,2023-2024,22/10/2023 ,Gioiella Prisma Taranto,Rana Verona,1,3,1-3,4,Rana Verona,Rana Verona,Gioiella Prisma Taranto,FALSE
Italian Men SuperLega,2023-2024,28/10/2023 ,Itas Trentino,Gioiella Prisma Taranto,3,2,3-2,5,Itas Trentino,Itas Trentino,Gioiella Prisma Taranto,FALSE
Italian Men SuperLega,2023-2024,28/10/2023 ,Rana Verona,Valsa Group Modena,2,3,2-3,5,Valsa Group Modena,Rana Verona,Valsa Group Modena,TRUE
Italian Men SuperLega,2023-2024,29/10/2023 ,Mint Vero Volley Monza,Sir Susa Vim Perugia,0,3,0-3,3,Sir Susa Vim Perugia,Sir Susa Vim Perugia,Mint Vero Volley Monza,FALSE
Italian Men SuperLega,2023-2024,29/10/2023 ,Allianz Milano,Gas Sales Bluenergy Piacenza,0,3,0-3,3,Gas Sales Bluenergy Piacenza,Gas Sales Bluenergy Piacenza,Allianz Milano,FALSE
Italian Men SuperLega,2023-2024,29/10/2023 ,Pallavolo Padova,Cucine Lube Civitanova,0,3,0-3,3,Cucine Lube Civitanova,Cucine Lube Civitanova,Pallavolo Padova,FALSE
Italian Men SuperLega,2023-2024,29/10/2023 ,Farmitalia Catania,Cisterna Volley,3,1,3-1,4,Farmitalia Catania,Cisterna Volley,Farmitalia Catania,TRUE
Italian Men SuperLega,2023-2024,5/11/2023 ,Valsa Group Modena,Mint Vero Volley Monza,0,3,0-3,3,Mint Vero Volley Monza,Mint Vero Volley Monza,Valsa Group Modena,FALSE
Italian Men SuperLega,2023-2024,5/11/2023 ,Cucine Lube Civitanova,Sir Susa Vim Perugia,3,2,3-2,5,Cucine Lube Civitanova,Sir Susa Vim Perugia,Cucine Lube Civitanova,TRUE
Italian Men SuperLega,2023-2024,5/11/2023 ,Rana Verona,Itas Trentino,0,3,0-3,3,Itas Trentino,Itas Trentino,Rana Verona,FALSE
Italian Men SuperLega,2023-2024,5/11/2023 ,Gas Sales Bluenergy Piacenza,Farmitalia Catania,3,0,3-0,3,Gas Sales Bluenergy Piacenza,Gas Sales Bluenergy Piacenza,Farmitalia Catania,FALSE
Italian Men SuperLega,2023-2024,4/11/2023 ,Cisterna Volley,Allianz Milano,3,0,3-0,3,Cisterna Volley,Cisterna Volley,Allianz Milano,FALSE
Italian Men SuperLega,2023-2024,5/11/2023 ,Gioiella Prisma Taranto,Pallavolo Padova,2,3,2-3,5,Pallavolo Padova,Pallavolo Padova,Gioiella Prisma Taranto,FALSE
Italian Men SuperLega,2023-2024,12/11/2023 ,Sir Susa Vim Perugia,Valsa Group Modena,3,1,3-1,4,Sir Susa Vim Perugia,Valsa Group Modena,Sir Susa Vim Perugia,TRUE
Italian Men SuperLega,2023-2024,11/11/2023 ,Itas Trentino,Gas Sales Bluenergy Piacenza,3,1,3-1,4,Itas Trentino,Itas Trentino,Gas Sales Bluenergy Piacenza,FALSE
Italian Men SuperLega,2023-2024,12/11/2023 ,Mint Vero Volley Monza,Gioiella Prisma Taranto,3,0,3-0,3,Mint Vero Volley Monza,Mint Vero Volley Monza,Gioiella Prisma Taranto,FALSE
Italian Men SuperLega,2023-2024,12/11/2023 ,Allianz Milano,Cucine Lube Civitanova,3,0,3-0,3,Allianz Milano,Allianz Milano,Cucine Lube Civitanova,FALSE
Italian Men SuperLega,2023-2024,12/11/2023 ,Pallavolo Padova,Cisterna Volley,3,2,3-2,5,Pallavolo Padova,Pallavolo Padova,Cisterna Volley,FALSE
Italian Men SuperLega,2023-2024,12/11/2023 ,Farmitalia Catania,Rana Verona,1,3,1-3,4,Rana Verona,Rana Verona,Farmitalia Catania,FALSE
Italian Men SuperLega,2023-2024,15/11/2023 ,Valsa Group Modena,Pallavolo Padova,3,1,3-1,4,Valsa Group Modena,Pallavolo Padova,Valsa Group Modena,TRUE
Italian Men SuperLega,2023-2024,15/11/2023 ,Cucine Lube Civitanova,Farmitalia Catania,3,0,3-0,3,Cucine Lube Civitanova,Cucine Lube Civitanova,Farmitalia Catania,FALSE
Italian Men SuperLega,2023-2024,8/11/2023 ,Rana Verona,Mint Vero Volley Monza,1,3,1-3,4,Mint Vero Volley Monza,Mint Vero Volley Monza,Rana Verona,FALSE
Italian Men SuperLega,2023-2024,15/11/2023 ,Gas Sales Bluenergy Piacenza,Cisterna Volley,3,1,3-1,4,Gas Sales Bluenergy Piacenza,Gas Sales Bluenergy Piacenza,Cisterna Volley,FALSE
Italian Men SuperLega,2023-2024,15/11/2023 ,Allianz Milano,Itas Trentino,1,3,1-3,4,Itas Trentino,Itas Trentino,Allianz Milano,FALSE
Italian Men SuperLega,2023-2024,15/11/2023 ,Gioiella Prisma Taranto,Sir Susa Vim Perugia,1,3,1-3,4,Sir Susa Vim Perugia,Sir Susa Vim Perugia,Gioiella Prisma Taranto,FALSE
Italian Men SuperLega,2023-2024,19/11/2023 ,Sir Susa Vim Perugia,Gas Sales Bluenergy Piacenza,3,2,3-2,5,Sir Susa Vim Perugia,Gas Sales Bluenergy Piacenza,Sir Susa Vim Perugia,TRUE
Italian Men SuperLega,2023-2024,19/11/2023 ,Itas Trentino,Mint Vero Volley Monza,3,1,3-1,4,Itas Trentino,Mint Vero Volley Monza,Itas Trentino,TRUE
Italian Men SuperLega,2023-2024,19/11/2023 ,Valsa Group Modena,Cucine Lube Civitanova,0,3,0-3,3,Cucine Lube Civitanova,Cucine Lube Civitanova,Valsa Group Modena,FALSE
Italian Men SuperLega,2023-2024,19/11/2023 ,Cisterna Volley,Gioiella Prisma Taranto,3,2,3-2,5,Cisterna Volley,Gioiella Prisma Taranto,Cisterna Volley,TRUE
Italian Men SuperLega,2023-2024,18/11/2023 ,Pallavolo Padova,Rana Verona,3,1,3-1,4,Pallavolo Padova,Pallavolo Padova,Rana Verona,FALSE
Italian Men SuperLega,2023-2024,19/11/2023 ,Farmitalia Catania,Allianz Milano,1,3,1-3,4,Allianz Milano,Farmitalia Catania,Allianz Milano,TRUE
Italian Men SuperLega,2023-2024,26/11/2023 ,Itas Trentino,Farmitalia Catania,3,0,3-0,3,Itas Trentino,Itas Trentino,Farmitalia Catania,FALSE
Italian Men SuperLega,2023-2024,26/11/2023 ,Cucine Lube Civitanova,Gioiella Prisma Taranto,3,2,3-2,5,Cucine Lube Civitanova,Cucine Lube Civitanova,Gioiella Prisma Taranto,FALSE
Italian Men SuperLega,2023-2024,26/11/2023 ,Rana Verona,Sir Susa Vim Perugia,0,3,0-3,3,Sir Susa Vim Perugia,Sir Susa Vim Perugia,Rana Verona,FALSE
Italian Men SuperLega,2023-2024,26/11/2023 ,Mint Vero Volley Monza,Gas Sales Bluenergy Piacenza,3,2,3-2,5,Mint Vero Volley Monza,Gas Sales Bluenergy Piacenza,Mint Vero Volley Monza,TRUE
Italian Men SuperLega,2023-2024,26/11/2023 ,Allianz Milano,Pallavolo Padova,3,0,3-0,3,Allianz Milano,Allianz Milano,Pallavolo Padova,FALSE
Italian Men SuperLega,2023-2024,25/11/2023 ,Cisterna Volley,Valsa Group Modena,1,3,1-3,4,Valsa Group Modena,Valsa Group Modena,Cisterna Volley,FALSE
Italian Men SuperLega,2023-2024,2/12/2023 ,Sir Susa Vim Perugia,Cisterna Volley,3,1,3-1,4,Sir Susa Vim Perugia,Sir Susa Vim Perugia,Cisterna Volley,FALSE
Italian Men SuperLega,2023-2024,10/12/2023 ,Valsa Group Modena,Itas Trentino,3,1,3-1,4,Valsa Group Modena,Itas Trentino,Valsa Group Modena,TRUE
Italian Men SuperLega,2023-2024,3/12/2023 ,Gas Sales Bluenergy Piacenza,Rana Verona,3,0,3-0,3,Gas Sales Bluenergy Piacenza,Gas Sales Bluenergy Piacenza,Rana Verona,FALSE
Italian Men SuperLega,2023-2024,4/12/2023 ,Mint Vero Volley Monza,Allianz Milano,0,3,0-3,3,Allianz Milano,Allianz Milano,Mint Vero Volley Monza,FALSE
Italian Men SuperLega,2023-2024,3/12/2023 ,Pallavolo Padova,Farmitalia Catania,3,1,3-1,4,Pallavolo Padova,Pallavolo Padova,Farmitalia Catania,FALSE
Italian Men SuperLega,2023-2024,2/12/2023 ,Gioiella Prisma Taranto,Valsa Group Modena,2,3,2-3,5,Valsa Group Modena,Valsa Group Modena,Gioiella Prisma Taranto,FALSE
Italian Men SuperLega,2023-2024,22/11/2023 ,Sir Susa Vim Perugia,Pallavolo Padova,3,0,3-0,3,Sir Susa Vim Perugia,Sir Susa Vim Perugia,Pallavolo Padova,FALSE
Italian Men SuperLega,2023-2024,10/12/2023 ,Rana Verona,Allianz Milano,3,2,3-2,5,Rana Verona,Allianz Milano,Rana Verona,TRUE
Italian Men SuperLega,2023-2024,8/12/2023 ,Cisterna Volley,Cucine Lube Civitanova,1,3,1-3,4,Cucine Lube Civitanova,Cucine Lube Civitanova,Cisterna Volley,FALSE
Italian Men SuperLega,2023-2024,8/12/2023 ,Gioiella Prisma Taranto,Gas Sales Bluenergy Piacenza,1,3,1-3,4,Gas Sales Bluenergy Piacenza,Gioiella Prisma Taranto,Gas Sales Bluenergy Piacenza,TRUE
Italian Men SuperLega,2023-2024,10/12/2023 ,Farmitalia Catania,Mint Vero Volley Monza,1,3,1-3,4,Mint Vero Volley Monza,Mint Vero Volley Monza,Farmitalia Catania,FALSE
Italian Men SuperLega,2023-2024,17/12/2023 ,Itas Trentino,Sir Susa Vim Perugia,3,1,3-1,4,Itas Trentino,Itas Trentino,Sir Susa Vim Perugia,FALSE
Italian Men SuperLega,2023-2024,17/12/2023 ,Rana Verona,Cisterna Volley,3,0,3-0,3,Rana Verona,Rana Verona,Cisterna Volley,FALSE
Italian Men SuperLega,2023-2024,17/12/2023 ,Gas Sales Bluenergy Piacenza,Cucine Lube Civitanova,2,3,2-3,5,Cucine Lube Civitanova,Cucine Lube Civitanova,Gas Sales Bluenergy Piacenza,FALSE
Italian Men SuperLega,2023-2024,17/12/2023 ,Mint Vero Volley Monza,Pallavolo Padova,3,0,3-0,3,Mint Vero Volley Monza,Mint Vero Volley Monza,Pallavolo Padova,FALSE
Italian Men SuperLega,2023-2024,17/12/2023 ,Allianz Milano,Gioiella Prisma Taranto,3,2,3-2,5,Allianz Milano,Gioiella Prisma Taranto,Allianz Milano,TRUE
Italian Men SuperLega,2023-2024,16/12/2023 ,Farmitalia Catania,Valsa Group Modena,2,3,2-3,5,Valsa Group Modena,Farmitalia Catania,Valsa Group Modena,TRUE
Italian Men SuperLega,2023-2024,26/12/2023 ,Sir Susa Vim Perugia,Allianz Milano,2,3,2-3,5,Allianz Milano,Sir Susa Vim Perugia,Allianz Milano,TRUE
Italian Men SuperLega,2023-2024,26/12/2023 ,Valsa Group Modena,Gas Sales Bluenergy Piacenza,0,3,0-3,3,Gas Sales Bluenergy Piacenza,Gas Sales Bluenergy Piacenza,Valsa Group Modena,FALSE
Italian Men SuperLega,2023-2024,26/12/2023 ,Cucine Lube Civitanova,Rana Verona,2,3,2-3,5,Rana Verona,Cucine Lube Civitanova,Rana Verona,TRUE
Italian Men SuperLega,2023-2024,26/12/2023 ,Cisterna Volley,Mint Vero Volley Monza,3,1,3-1,4,Cisterna Volley,Cisterna Volley,Mint Vero Volley Monza,FALSE
Italian Men SuperLega,2023-2024,26/12/2023 ,Pallavolo Padova,Itas Trentino,0,3,0-3,3,Itas Trentino,Itas Trentino,Pallavolo Padova,FALSE
Italian Men SuperLega,2023-2024,26/12/2023 ,Gioiella Prisma Taranto,Farmitalia Catania,3,1,3-1,4,Gioiella Prisma Taranto,Gioiella Prisma Taranto,Farmitalia Catania,FALSE
Italian Men SuperLega,2023-2024,30/12/2023 ,Farmitalia Catania,Sir Susa Vim Perugia,0,3,0-3,3,Sir Susa Vim Perugia,Sir Susa Vim Perugia,Farmitalia Catania,FALSE
Italian Men SuperLega,2023-2024,30/12/2023 ,Allianz Milano,Valsa Group Modena,3,0,3-0,3,Allianz Milano,Allianz Milano,Valsa Group Modena,FALSE
Italian Men SuperLega,2023-2024,30/12/2023 ,Mint Vero Volley Monza,Cucine Lube Civitanova,1,3,1-3,4,Cucine Lube Civitanova,Mint Vero Volley Monza,Cucine Lube Civitanova,TRUE
Italian Men SuperLega,2023-2024,30/12/2023 ,Pallavolo Padova,Gas Sales Bluenergy Piacenza,1,3,1-3,4,Gas Sales Bluenergy Piacenza,Pallavolo Padova,Gas Sales Bluenergy Piacenza,TRUE
Italian Men SuperLega,2023-2024,30/12/2023 ,Itas Trentino,Cisterna Volley,3,0,3-0,3,Itas Trentino,Itas Trentino,Cisterna Volley,FALSE
Italian Men SuperLega,2023-2024,29/12/2023 ,Rana Verona,Gioiella Prisma Taranto,3,1,3-1,4,Rana Verona,Rana Verona,Gioiella Prisma Taranto,FALSE
Italian Men SuperLega,2023-2024,7/1/2024 ,Gioiella Prisma Taranto,Itas Trentino,0,3,0-3,3,Itas Trentino,Itas Trentino,Gioiella Prisma Taranto,FALSE
Italian Men SuperLega,2023-2024,7/1/2024 ,Valsa Group Modena,Rana Verona,0,3,0-3,3,Rana Verona,Rana Verona,Valsa Group Modena,FALSE
Italian Men SuperLega,2023-2024,7/1/2024 ,Sir Susa Vim Perugia,Mint Vero Volley Monza,3,0,3-0,3,Sir Susa Vim Perugia,Sir Susa Vim Perugia,Mint Vero Volley Monza,FALSE
Italian Men SuperLega,2023-2024,6/1/2024 ,Gas Sales Bluenergy Piacenza,Allianz Milano,3,2,3-2,5,Gas Sales Bluenergy Piacenza,Gas Sales Bluenergy Piacenza,Allianz Milano,FALSE
Italian Men SuperLega,2023-2024,6/1/2024 ,Cucine Lube Civitanova,Pallavolo Padova,3,0,3-0,3,Cucine Lube Civitanova,Cucine Lube Civitanova,Pallavolo Padova,FALSE
Italian Men SuperLega,2023-2024,7/1/2024 ,Cisterna Volley,Farmitalia Catania,3,1,3-1,4,Cisterna Volley,Cisterna Volley,Farmitalia Catania,FALSE
Italian Men SuperLega,2023-2024,14/1/2024 ,Mint Vero Volley Monza,Valsa Group Modena,2,3,2-3,5,Valsa Group Modena,Valsa Group Modena,Mint Vero Volley Monza,FALSE
Italian Men SuperLega,2023-2024,14/1/2024 ,Sir Susa Vim Perugia,Cucine Lube Civitanova,3,0,3-0,3,Sir Susa Vim Perugia,Sir Susa Vim Perugia,Cucine Lube Civitanova,FALSE
Italian Men SuperLega,2023-2024,14/1/2024 ,Itas Trentino,Rana Verona,3,1,3-1,4,Itas Trentino,Rana Verona,Itas Trentino,TRUE
Italian Men SuperLega,2023-2024,14/1/2024 ,Farmitalia Catania,Gas Sales Bluenergy Piacenza,1,3,1-3,4,Gas Sales Bluenergy Piacenza,Gas Sales Bluenergy Piacenza,Farmitalia Catania,FALSE
Italian Men SuperLega,2023-2024,14/1/2024 ,Allianz Milano,Cisterna Volley,3,0,3-0,3,Allianz Milano,Allianz Milano,Cisterna Volley,FALSE
Italian Men SuperLega,2023-2024,14/1/2024 ,Pallavolo Padova,Gioiella Prisma Taranto,2,3,2-3,5,Gioiella Prisma Taranto,Pallavolo Padova,Gioiella Prisma Taranto,TRUE
Italian Men SuperLega,2023-2024,20/1/2024 ,Valsa Group Modena,Sir Susa Vim Perugia,0,3,0-3,3,Sir Susa Vim Perugia,Sir Susa Vim Perugia,Valsa Group Modena,FALSE
Italian Men SuperLega,2023-2024,21/1/2024 ,Gas Sales Bluenergy Piacenza,Itas Trentino,1,3,1-3,4,Itas Trentino,Itas Trentino,Gas Sales Bluenergy Piacenza,FALSE
Italian Men SuperLega,2023-2024,21/1/2024 ,Gioiella Prisma Taranto,Mint Vero Volley Monza,1,3,1-3,4,Mint Vero Volley Monza,Mint Vero Volley Monza,Gioiella Prisma Taranto,FALSE
Italian Men SuperLega,2023-2024,21/1/2024 ,Cucine Lube Civitanova,Allianz Milano,3,2,3-2,5,Cucine Lube Civitanova,Cucine Lube Civitanova,Allianz Milano,FALSE
Italian Men SuperLega,2023-2024,21/1/2024 ,Cisterna Volley,Pallavolo Padova,3,1,3-1,4,Cisterna Volley,Pallavolo Padova,Cisterna Volley,TRUE
Italian Men SuperLega,2023-2024,21/1/2024 ,Rana Verona,Farmitalia Catania,3,1,3-1,4,Rana Verona,Rana Verona,Farmitalia Catania,FALSE
Italian Men SuperLega,2023-2024,25/1/2024 ,Pallavolo Padova,Valsa Group Modena,3,1,3-1,4,Pallavolo Padova,Pallavolo Padova,Valsa Group Modena,FALSE
Italian Men SuperLega,2023-2024,24/1/2024 ,Farmitalia Catania,Cucine Lube Civitanova,2,3,2-3,5,Cucine Lube Civitanova,Farmitalia Catania,Cucine Lube Civitanova,TRUE
Italian Men SuperLega,2023-2024,24/1/2024 ,Mint Vero Volley Monza,Rana Verona,2,3,2-3,5,Rana Verona,Mint Vero Volley Monza,Rana Verona,TRUE
Italian Men SuperLega,2023-2024,24/1/2024 ,Cisterna Volley,Gas Sales Bluenergy Piacenza,3,1,3-1,4,Cisterna Volley,Gas Sales Bluenergy Piacenza,Cisterna Volley,TRUE
Italian Men SuperLega,2023-2024,24/1/2024 ,Itas Trentino,Allianz Milano,3,0,3-0,3,Itas Trentino,Itas Trentino,Allianz Milano,FALSE
Italian Men SuperLega,2023-2024,24/1/2024 ,Sir Susa Vim Perugia,Gioiella Prisma Taranto,3,0,3-0,3,Sir Susa Vim Perugia,Sir Susa Vim Perugia,Gioiella Prisma Taranto,FALSE
Italian Men SuperLega,2023-2024,4/2/2024 ,Gas Sales Bluenergy Piacenza,Sir Susa Vim Perugia,3,1,3-1,4,Gas Sales Bluenergy Piacenza,Sir Susa Vim Perugia,Gas Sales Bluenergy Piacenza,TRUE
Italian Men SuperLega,2023-2024,3/2/2024 ,Mint Vero Volley Monza,Itas Trentino,0,3,0-3,3,Itas Trentino,Itas Trentino,Mint Vero Volley Monza,FALSE
Italian Men SuperLega,2023-2024,4/2/2024 ,Cucine Lube Civitanova,Valsa Group Modena,3,0,3-0,3,Cucine Lube Civitanova,Cucine Lube Civitanova,Valsa Group Modena,FALSE
Italian Men SuperLega,2023-2024,4/2/2024 ,Gioiella Prisma Taranto,Cisterna Volley,1,3,1-3,4,Cisterna Volley,Gioiella Prisma Taranto,Cisterna Volley,TRUE
Italian Men SuperLega,2023-2024,3/2/2024 ,Rana Verona,Pallavolo Padova,3,0,3-0,3,Rana Verona,Rana Verona,Pallavolo Padova,FALSE
Italian Men SuperLega,2023-2024,3/2/2024 ,Allianz Milano,Farmitalia Catania,3,0,3-0,3,Allianz Milano,Allianz Milano,Farmitalia Catania,FALSE
Italian Men SuperLega,2023-2024,10/2/2024 ,Farmitalia Catania,Itas Trentino,0,3,0-3,3,Itas Trentino,Itas Trentino,Farmitalia Catania,FALSE
Italian Men SuperLega,2023-2024,11/2/2024 ,Gioiella Prisma Taranto,Cucine Lube Civitanova,1,3,1-3,4,Cucine Lube Civitanova,Gioiella Prisma Taranto,Cucine Lube Civitanova,TRUE
Italian Men SuperLega,2023-2024,11/2/2024 ,Sir Susa Vim Perugia,Rana Verona,2,3,2-3,5,Rana Verona,Rana Verona,Sir Susa Vim Perugia,FALSE
Italian Men SuperLega,2023-2024,10/2/2024 ,Gas Sales Bluenergy Piacenza,Mint Vero Volley Monza,2,3,2-3,5,Mint Vero Volley Monza,Mint Vero Volley Monza,Gas Sales Bluenergy Piacenza,FALSE
Italian Men SuperLega,2023-2024,11/2/2024 ,Pallavolo Padova,Allianz Milano,3,2,3-2,5,Pallavolo Padova,Pallavolo Padova,Allianz Milano,FALSE
Italian Men SuperLega,2023-2024,11/2/2024 ,Valsa Group Modena,Cisterna Volley,3,0,3-0,3,Valsa Group Modena,Valsa Group Modena,Cisterna Volley,FALSE
Italian Men SuperLega,2023-2024,14/2/2024 ,Cisterna Volley,Sir Susa Vim Perugia,1,3,1-3,4,Sir Susa Vim Perugia,Sir Susa Vim Perugia,Cisterna Volley,FALSE
Italian Men SuperLega,2023-2024,14/2/2024 ,Itas Trentino,Cucine Lube Civitanova,3,1,3-1,4,Itas Trentino,Itas Trentino,Cucine Lube Civitanova,FALSE
Italian Men SuperLega,2023-2024,14/2/2024 ,Rana Verona,Gas Sales Bluenergy Piacenza,3,1,3-1,4,Rana Verona,Rana Verona,Gas Sales Bluenergy Piacenza,FALSE
Italian Men SuperLega,2023-2024,14/2/2024 ,Allianz Milano,Mint Vero Volley Monza,1,3,1-3,4,Mint Vero Volley Monza,Mint Vero Volley Monza,Allianz Milano,FALSE
Italian Men SuperLega,2023-2024,14/2/2024 ,Farmitalia Catania,Pallavolo Padova,2,3,2-3,5,Pallavolo Padova,Pallavolo Padova,Farmitalia Catania,FALSE
Italian Men SuperLega,2023-2024,14/2/2024 ,Valsa Group Modena,Gioiella Prisma Taranto,3,2,3-2,5,Valsa Group Modena,Gioiella Prisma Taranto,Valsa Group Modena,TRUE
Italian Men SuperLega,2023-2024,18/2/2024 ,Pallavolo Padova,Sir Susa Vim Perugia,0,3,0-3,3,Sir Susa Vim Perugia,Sir Susa Vim Perugia,Pallavolo Padova,FALSE
Italian Men SuperLega,2023-2024,18/2/2024 ,Itas Trentino,Valsa Group Modena,3,0,3-0,3,Itas Trentino,Itas Trentino,Valsa Group Modena,FALSE
Italian Men SuperLega,2023-2024,18/2/2024 ,Allianz Milano,Rana Verona,3,0,3-0,3,Allianz Milano,Allianz Milano,Rana Verona,FALSE
Italian Men SuperLega,2023-2024,18/2/2024 ,Cucine Lube Civitanova,Cisterna Volley,3,2,3-2,5,Cucine Lube Civitanova,Cisterna Volley,Cucine Lube Civitanova,TRUE
Italian Men SuperLega,2023-2024,17/2/2024 ,Gas Sales Bluenergy Piacenza,Gioiella Prisma Taranto,2,3,2-3,5,Gioiella Prisma Taranto,Gioiella Prisma Taranto,Gas Sales Bluenergy Piacenza,FALSE
Italian Men SuperLega,2023-2024,17/2/2024 ,Mint Vero Volley Monza,Farmitalia Catania,3,0,3-0,3,Mint Vero Volley Monza,Mint Vero Volley Monza,Farmitalia Catania,FALSE
Italian Men SuperLega,2023-2024,25/2/2024 ,Sir Susa Vim Perugia,Itas Trentino,3,1,3-1,4,Sir Susa Vim Perugia,Sir Susa Vim Perugia,Itas Trentino,FALSE
Italian Men SuperLega,2023-2024,25/2/2024 ,Cisterna Volley,Rana Verona,0,3,0-3,3,Rana Verona,Rana Verona,Cisterna Volley,FALSE
Italian Men SuperLega,2023-2024,25/2/2024 ,Cucine Lube Civitanova,Gas Sales Bluenergy Piacenza,0,3,0-3,3,Gas Sales Bluenergy Piacenza,Gas Sales Bluenergy Piacenza,Cucine Lube Civitanova,FALSE
Italian Men SuperLega,2023-2024,24/2/2024 ,Pallavolo Padova,Mint Vero Volley Monza,1,3,1-3,4,Mint Vero Volley Monza,Mint Vero Volley Monza,Pallavolo Padova,FALSE
Italian Men SuperLega,2023-2024,25/2/2024 ,Gioiella Prisma Taranto,Allianz Milano,1,3,1-3,4,Allianz Milano,Gioiella Prisma Taranto,Allianz Milano,TRUE
Italian Men SuperLega,2023-2024,25/2/2024 ,Valsa Group Modena,Farmitalia Catania,3,1,3-1,4,Valsa Group Modena,Farmitalia Catania,Valsa Group Modena,TRUE
Italian Men SuperLega,2023-2024,3/3/2024 ,Allianz Milano,Sir Susa Vim Perugia,3,2,3-2,5,Allianz Milano,Allianz Milano,Sir Susa Vim Perugia,FALSE
Italian Men SuperLega,2023-2024,3/3/2024 ,Gas Sales Bluenergy Piacenza,Valsa Group Modena,3,1,3-1,4,Gas Sales Bluenergy Piacenza,Gas Sales Bluenergy Piacenza,Valsa Group Modena,FALSE
Italian Men SuperLega,2023-2024,3/3/2024 ,Rana Verona,Cucine Lube Civitanova,0,3,0-3,3,Cucine Lube Civitanova,Cucine Lube Civitanova,Rana Verona,FALSE
Italian Men SuperLega,2023-2024,3/3/2024 ,Mint Vero Volley Monza,Cisterna Volley,3,0,3-0,3,Mint Vero Volley Monza,Mint Vero Volley Monza,Cisterna Volley,FALSE
Italian Men SuperLega,2023-2024,3/3/2024 ,Itas Trentino,Pallavolo Padova,1,3,1-3,4,Pallavolo Padova,Pallavolo Padova,Itas Trentino,FALSE
Italian Men SuperLega,2023-2024,3/3/2024 ,Farmitalia Catania,Gioiella Prisma Taranto,3,1,3-1,4,Farmitalia Catania,Farmitalia Catania,Gioiella Prisma Taranto,FALSE
Italian Men SuperLega,2023-2024,17/4/2024 ,Itas Trentino,Allianz Milano,3,2,3-2,5,Itas Trentino,Allianz Milano,Itas Trentino,TRUE
Italian Men SuperLega,2023-2024,20/4/2024 ,Allianz Milano,Itas Trentino,3,2,3-2,5,Allianz Milano,Allianz Milano,Itas Trentino,FALSE
Italian Men SuperLega,2023-2024,24/4/2024 ,Itas Trentino,Allianz Milano,0,3,0-3,3,Allianz Milano,Allianz Milano,Itas Trentino,FALSE
Italian Men SuperLega,2023-2024,27/4/2024 ,Allianz Milano,Itas Trentino,3,1,3-1,4,Allianz Milano,Allianz Milano,Itas Trentino,FALSE
Italian Men SuperLega,2023-2024,6/3/2024 ,Itas Trentino,Valsa Group Modena,3,0,3-0,3,Itas Trentino,Itas Trentino,Valsa Group Modena,FALSE
Italian Men SuperLega,2023-2024,6/3/2024 ,Cucine Lube Civitanova,Mint Vero Volley Monza,1,3,1-3,4,Mint Vero Volley Monza,Mint Vero Volley Monza,Cucine Lube Civitanova,FALSE
Italian Men SuperLega,2023-2024,6/3/2024 ,Sir Susa Vim Perugia,Rana Verona,3,1,3-1,4,Sir Susa Vim Perugia,Rana Verona,Sir Susa Vim Perugia,TRUE
Italian Men SuperLega,2023-2024,6/3/2024 ,Gas Sales Bluenergy Piacenza,Allianz Milano,2,3,2-3,5,Allianz Milano,Gas Sales Bluenergy Piacenza,Allianz Milano,TRUE
Italian Men SuperLega,2023-2024,10/3/2024 ,Valsa Group Modena,Itas Trentino,2,3,2-3,5,Itas Trentino,Itas Trentino,Valsa Group Modena,FALSE
Italian Men SuperLega,2023-2024,10/3/2024 ,Mint Vero Volley Monza,Cucine Lube Civitanova,3,1,3-1,4,Mint Vero Volley Monza,Cucine Lube Civitanova,Mint Vero Volley Monza,TRUE
Italian Men SuperLega,2023-2024,10/3/2024 ,Rana Verona,Sir Susa Vim Perugia,1,3,1-3,4,Sir Susa Vim Perugia,Rana Verona,Sir Susa Vim Perugia,TRUE
Italian Men SuperLega,2023-2024,10/3/2024 ,Allianz Milano,Gas Sales Bluenergy Piacenza,1,3,1-3,4,Gas Sales Bluenergy Piacenza,Allianz Milano,Gas Sales Bluenergy Piacenza,TRUE
Italian Men SuperLega,2023-2024,17/3/2024 ,Itas Trentino,Valsa Group Modena,3,0,3-0,3,Itas Trentino,Itas Trentino,Valsa Group Modena,FALSE
Italian Men SuperLega,2023-2024,17/3/2024 ,Cucine Lube Civitanova,Mint Vero Volley Monza,3,2,3-2,5,Cucine Lube Civitanova,Mint Vero Volley Monza,Cucine Lube Civitanova,TRUE
Italian Men SuperLega,2023-2024,17/3/2024 ,Sir Susa Vim Perugia,Rana Verona,3,2,3-2,5,Sir Susa Vim Perugia,Sir Susa Vim Perugia,Rana Verona,FALSE
Italian Men SuperLega,2023-2024,16/3/2024 ,Gas Sales Bluenergy Piacenza,Allianz Milano,3,2,3-2,5,Gas Sales Bluenergy Piacenza,Gas Sales Bluenergy Piacenza,Allianz Milano,FALSE
Italian Men SuperLega,2023-2024,24/3/2024 ,Mint Vero Volley Monza,Cucine Lube Civitanova,2,3,2-3,5,Cucine Lube Civitanova,Cucine Lube Civitanova,Mint Vero Volley Monza,FALSE
Italian Men SuperLega,2023-2024,24/3/2024 ,Allianz Milano,Gas Sales Bluenergy Piacenza,3,2,3-2,5,Allianz Milano,Gas Sales Bluenergy Piacenza,Allianz Milano,TRUE
Italian Men SuperLega,2023-2024,27/3/2024 ,Cucine Lube Civitanova,Mint Vero Volley Monza,1,3,1-3,4,Mint Vero Volley Monza,Mint Vero Volley Monza,Cucine Lube Civitanova,FALSE
Italian Men SuperLega,2023-2024,27/3/2024 ,Gas Sales Bluenergy Piacenza,Allianz Milano,0,3,0-3,3,Allianz Milano,Allianz Milano,Gas Sales Bluenergy Piacenza,FALSE
Italian Men SuperLega,2023-2024,31/3/2024 ,Itas Trentino,Mint Vero Volley Monza,3,0,3-0,3,Itas Trentino,Itas Trentino,Mint Vero Volley Monza,FALSE
Italian Men SuperLega,2023-2024,31/3/2024 ,Sir Susa Vim Perugia,Allianz Milano,3,1,3-1,4,Sir Susa Vim Perugia,Sir Susa Vim Perugia,Allianz Milano,FALSE
Italian Men SuperLega,2023-2024,3/4/2024 ,Mint Vero Volley Monza,Itas Trentino,1,3,1-3,4,Itas Trentino,Itas Trentino,Mint Vero Volley Monza,FALSE
Italian Men SuperLega,2023-2024,3/4/2024 ,Allianz Milano,Sir Susa Vim Perugia,3,2,3-2,5,Allianz Milano,Sir Susa Vim Perugia,Allianz Milano,TRUE
Italian Men SuperLega,2023-2024,7/4/2024 ,Itas Trentino,Mint Vero Volley Monza,2,3,2-3,5,Mint Vero Volley Monza,Itas Trentino,Mint Vero Volley Monza,TRUE
Italian Men SuperLega,2023-2024,7/4/2024 ,Sir Susa Vim Perugia,Allianz Milano,3,1,3-1,4,Sir Susa Vim Perugia,Allianz Milano,Sir Susa Vim Perugia,TRUE
Italian Men SuperLega,2023-2024,11/4/2024 ,Mint Vero Volley Monza,Itas Trentino,3,1,3-1,4,Mint Vero Volley Monza,Itas Trentino,Mint Vero Volley Monza,TRUE
Italian Men SuperLega,2023-2024,11/4/2024 ,Allianz Milano,Sir Susa Vim Perugia,1,3,1-3,4,Sir Susa Vim Perugia,Allianz Milano,Sir Susa Vim Perugia,TRUE
Italian Men SuperLega,2023-2024,14/4/2024 ,Itas Trentino,Mint Vero Volley Monza,2,3,2-3,5,Mint Vero Volley Monza,Mint Vero Volley Monza,Itas Trentino,FALSE
Italian Men SuperLega,2023-2024,18/4/2024 ,Sir Susa Vim Perugia,Mint Vero Volley Monza,3,1,3-1,4,Sir Susa Vim Perugia,Sir Susa Vim Perugia,Mint Vero Volley Monza,FALSE
Italian Men SuperLega,2023-2024,21/4/2024 ,Mint Vero Volley Monza,Sir Susa Vim Perugia,3,2,3-2,5,Mint Vero Volley Monza,Mint Vero Volley Monza,Sir Susa Vim Perugia,FALSE
Italian Men SuperLega,2023-2024,25/4/2024 ,Sir Susa Vim Perugia,Mint Vero Volley Monza,3,1,3-1,4,Sir Susa Vim Perugia,Sir Susa Vim Perugia,Mint Vero Volley Monza,FALSE
Italian Men SuperLega,2023-2024,28/4/2024 ,Mint Vero Volley Monza,Sir Susa Vim Perugia,1,3,1-3,4,Sir Susa Vim Perugia,Mint Vero Volley Monza,Sir Susa Vim Perugia,TRUE
Italian Men SuperLega,2023-2024,22/4/2024 ,Rana Verona,Valsa Group Modena,3,1,3-1,4,Rana Verona,Rana Verona,Valsa Group Modena,FALSE
Italian Men SuperLega,2023-2024,22/4/2024 ,Gas Sales Bluenergy Piacenza,Cucine Lube Civitanova,2,3,2-3,5,Cucine Lube Civitanova,Cucine Lube Civitanova,Gas Sales Bluenergy Piacenza,FALSE
Italian Men SuperLega,2023-2024,27/4/2024 ,Rana Verona,Cucine Lube Civitanova,1,3,1-3,4,Cucine Lube Civitanova,Rana Verona,Cucine Lube Civitanova,TRUE
Italian Men SuperLega,2023-2024,17/4/2024 ,Rana Verona,Cisterna Volley,3,0,3-0,3,Rana Verona,Rana Verona,Cisterna Volley,FALSE
Italian Men SuperLega,2023-2024,17/4/2024 ,Gas Sales Bluenergy Piacenza,Cucine Lube Civitanova,1,3,1-3,4,Cucine Lube Civitanova,Cucine Lube Civitanova,Gas Sales Bluenergy Piacenza,FALSE
Italian Men SuperLega,2023-2024,17/4/2024 ,Valsa Group Modena,Pallavolo Padova,3,1,3-1,4,Valsa Group Modena,Valsa Group Modena,Pallavolo Padova,FALSE
Italian Men SuperLega,2023-2024,3/4/2024 ,Cisterna Volley,Gas Sales Bluenergy Piacenza,1,3,1-3,4,Gas Sales Bluenergy Piacenza,Gas Sales Bluenergy Piacenza,Cisterna Volley,FALSE
Italian Men SuperLega,2023-2024,4/4/2024 ,Cucine Lube Civitanova,Valsa Group Modena,3,1,3-1,4,Cucine Lube Civitanova,Cucine Lube Civitanova,Valsa Group Modena,FALSE
Italian Men SuperLega,2023-2024,3/4/2024 ,Rana Verona,Pallavolo Padova,3,1,3-1,4,Rana Verona,Rana Verona,Pallavolo Padova,FALSE
Italian Men SuperLega,2023-2024,7/4/2024 ,Valsa Group Modena,Cisterna Volley,3,2,3-2,5,Valsa Group Modena,Cisterna Volley,Valsa Group Modena,TRUE
Italian Men SuperLega,2023-2024,7/4/2024 ,Gas Sales Bluenergy Piacenza,Rana Verona,3,2,3-2,5,Gas Sales Bluenergy Piacenza,Gas Sales Bluenergy Piacenza,Rana Verona,FALSE
Italian Men SuperLega,2023-2024,7/4/2024 ,Pallavolo Padova,Cucine Lube Civitanova,3,0,3-0,3,Pallavolo Padova,Pallavolo Padova,Cucine Lube Civitanova,FALSE
Italian Men SuperLega,2023-2024,10/4/2024 ,Cisterna Volley,Pallavolo Padova,3,1,3-1,4,Cisterna Volley,Pallavolo Padova,Cisterna Volley,TRUE
Italian Men SuperLega,2023-2024,10/4/2024 ,Cucine Lube Civitanova,Rana Verona,0,3,0-3,3,Rana Verona,Rana Verona,Cucine Lube Civitanova,FALSE
Italian Men SuperLega,2023-2024,10/4/2024 ,Gas Sales Bluenergy Piacenza,Valsa Group Modena,3,1,3-1,4,Gas Sales Bluenergy Piacenza,Gas Sales Bluenergy Piacenza,Valsa Group Modena,FALSE
Italian Men SuperLega,2023-2024,13/4/2024 ,Rana Verona,Valsa Group Modena,3,0,3-0,3,Rana Verona,Rana Verona,Valsa Group Modena,FALSE
Italian Men SuperLega,2023-2024,14/4/2024 ,Pallavolo Padova,Gas Sales Bluenergy Piacenza,0,3,0-3,3,Gas Sales Bluenergy Piacenza,Gas Sales Bluenergy Piacenza,Pallavolo Padova,FALSE
Italian Men SuperLega,2023-2024,14/4/2024 ,Cucine Lube Civitanova,Cisterna Volley,3,0,3-0,3,Cucine Lube Civitanova,Cucine Lube Civitanova,Cisterna Volley,FALSE
Italian Men SuperLega,2023-2024,3/1/2024 ,Itas Trentino,Rana Verona,3,0,3-0,3,Itas Trentino,Itas Trentino,Rana Verona,FALSE
Italian Men SuperLega,2023-2024,3/1/2024 ,Mint Vero Volley Monza,Cucine Lube Civitanova,3,1,3-1,4,Mint Vero Volley Monza,Cucine Lube Civitanova,Mint Vero Volley Monza,TRUE
Italian Men SuperLega,2023-2024,4/1/2024 ,Sir Susa Vim Perugia,Valsa Group Modena,3,0,3-0,3,Sir Susa Vim Perugia,Sir Susa Vim Perugia,Valsa Group Modena,FALSE
Italian Men SuperLega,2023-2024,3/1/2024 ,Gas Sales Bluenergy Piacenza,Allianz Milano,2,3,2-3,5,Allianz Milano,Allianz Milano,Gas Sales Bluenergy Piacenza,FALSE
Italian Men SuperLega,2023-2024,27/1/2024 ,Itas Trentino,Mint Vero Volley Monza,2,3,2-3,5,Mint Vero Volley Monza,Itas Trentino,Mint Vero Volley Monza,TRUE
Italian Men SuperLega,2023-2024,27/1/2024 ,Sir Susa Vim Perugia,Allianz Milano,3,2,3-2,5,Sir Susa Vim Perugia,Allianz Milano,Sir Susa Vim Perugia,TRUE
Italian Men SuperLega,2023-2024,28/1/2024 ,Sir Susa Vim Perugia,Mint Vero Volley Monza,3,1,3-1,4,Sir Susa Vim Perugia,Mint Vero Volley Monza,Sir Susa Vim Perugia,TRUE
Italian Men SuperLega,2023-2024,1/11/2023 ,Cucine Lube Civitanova,Sir Susa Vim Perugia,2,3,2-3,5,Sir Susa Vim Perugia,Cucine Lube Civitanova,Sir Susa Vim Perugia,TRUE
Italian Men SuperLega,2023-2024,31/10/2023 ,Itas Trentino,Sir Susa Vim Perugia,1,3,1-3,4,Sir Susa Vim Perugia,Itas Trentino,Sir Susa Vim Perugia,TRUE
Italian Men SuperLega,2023-2024,31/10/2023 ,Gas Sales Bluenergy Piacenza,Cucine Lube Civitanova,0,3,0-3,3,Cucine Lube Civitanova,Cucine Lube Civitanova,Gas Sales Bluenergy Piacenza,FALSE
Italian Men A2,2023-2024,15/10/2023 ,Pool Libertas Cantù,WOW Green House Aversa,1,3,1-3,4,WOW Green House Aversa,Pool Libertas Cantù,WOW Green House Aversa,TRUE
Italian Men A2,2023-2024,15/10/2023 ,Kemas Lamipel Santa Croce,Abba Pineto,1,3,1-3,4,Abba Pineto,Kemas Lamipel Santa Croce,Abba Pineto,TRUE
Italian Men A2,2023-2024,14/10/2023 ,Tinet Prata di Pordenone,Conad Reggio Emilia,3,2,3-2,5,Tinet Prata di Pordenone,Tinet Prata di Pordenone,Conad Reggio Emilia,FALSE
Italian Men A2,2023-2024,15/11/2023 ,Consar Ravenna,Delta Group Porto Viro,0,3,0-3,3,Delta Group Porto Viro,Delta Group Porto Viro,Consar Ravenna,FALSE
Italian Men A2,2023-2024,15/10/2023 ,Consoli Sferc Brescia,BCC Tecbus Castellana Grotte,3,1,3-1,4,Consoli Sferc Brescia,Consoli Sferc Brescia,BCC Tecbus Castellana Grotte,FALSE
Italian Men A2,2023-2024,15/10/2023 ,Yuasa Battery Grottazzolina,Puliservice Acqua S.Bernardo Cuneo,3,1,3-1,4,Yuasa Battery Grottazzolina,Yuasa Battery Grottazzolina,Puliservice Acqua S.Bernardo Cuneo,FALSE
Italian Men A2,2023-2024,15/10/2023 ,Sieco Service Ortona,Emma Villas Siena,0,3,0-3,3,Emma Villas Siena,Emma Villas Siena,Sieco Service Ortona,FALSE
Italian Men A2,2023-2024,22/10/2023 ,Emma Villas Siena,Tinet Prata di Pordenone,2,3,2-3,5,Tinet Prata di Pordenone,Tinet Prata di Pordenone,Emma Villas Siena,FALSE
Italian Men A2,2023-2024,22/10/2023 ,Delta Group Porto Viro,Sieco Service Ortona,3,2,3-2,5,Delta Group Porto Viro,Delta Group Porto Viro,Sieco Service Ortona,FALSE
Italian Men A2,2023-2024,22/10/2023 ,BCC Tecbus Castellana Grotte,Pool Libertas Cantù,0,3,0-3,3,Pool Libertas Cantù,Pool Libertas Cantù,BCC Tecbus Castellana Grotte,FALSE
Italian Men A2,2023-2024,22/10/2023 ,Puliservice Acqua S.Bernardo Cuneo,Consar Ravenna,3,0,3-0,3,Puliservice Acqua S.Bernardo Cuneo,Puliservice Acqua S.Bernardo Cuneo,Consar Ravenna,FALSE
Italian Men A2,2023-2024,22/10/2023 ,Conad Reggio Emilia,Yuasa Battery Grottazzolina,2,3,2-3,5,Yuasa Battery Grottazzolina,Yuasa Battery Grottazzolina,Conad Reggio Emilia,FALSE
Italian Men A2,2023-2024,22/10/2023 ,Abba Pineto,Consoli Sferc Brescia,3,2,3-2,5,Abba Pineto,Consoli Sferc Brescia,Abba Pineto,TRUE
Italian Men A2,2023-2024,22/10/2023 ,WOW Green House Aversa,Kemas Lamipel Santa Croce,3,0,3-0,3,WOW Green House Aversa,WOW Green House Aversa,Kemas Lamipel Santa Croce,FALSE
Italian Men A2,2023-2024,28/10/2023 ,Emma Villas Siena,Abba Pineto,3,0,3-0,3,Emma Villas Siena,Emma Villas Siena,Abba Pineto,FALSE
Italian Men A2,2023-2024,29/10/2023 ,Delta Group Porto Viro,Consoli Sferc Brescia,2,3,2-3,5,Consoli Sferc Brescia,Delta Group Porto Viro,Consoli Sferc Brescia,TRUE
Italian Men A2,2023-2024,28/10/2023 ,Tinet Prata di Pordenone,Kemas Lamipel Santa Croce,3,0,3-0,3,Tinet Prata di Pordenone,Tinet Prata di Pordenone,Kemas Lamipel Santa Croce,FALSE
Italian Men A2,2023-2024,29/10/2023 ,BCC Tecbus Castellana Grotte,Conad Reggio Emilia,1,3,1-3,4,Conad Reggio Emilia,Conad Reggio Emilia,BCC Tecbus Castellana Grotte,FALSE
Italian Men A2,2023-2024,28/10/2023 ,Consar Ravenna,Pool Libertas Cantù,3,1,3-1,4,Consar Ravenna,Consar Ravenna,Pool Libertas Cantù,FALSE
Italian Men A2,2023-2024,29/10/2023 ,Puliservice Acqua S.Bernardo Cuneo,WOW Green House Aversa,3,0,3-0,3,Puliservice Acqua S.Bernardo Cuneo,Puliservice Acqua S.Bernardo Cuneo,WOW Green House Aversa,FALSE
Italian Men A2,2023-2024,29/10/2023 ,Sieco Service Ortona,Yuasa Battery Grottazzolina,1,3,1-3,4,Yuasa Battery Grottazzolina,Yuasa Battery Grottazzolina,Sieco Service Ortona,FALSE
Italian Men A2,2023-2024,1/11/2023 ,Pool Libertas Cantù,Tinet Prata di Pordenone,1,3,1-3,4,Tinet Prata di Pordenone,Tinet Prata di Pordenone,Pool Libertas Cantù,FALSE
Italian Men A2,2023-2024,1/11/2023 ,Kemas Lamipel Santa Croce,Consar Ravenna,0,3,0-3,3,Consar Ravenna,Consar Ravenna,Kemas Lamipel Santa Croce,FALSE
Italian Men A2,2023-2024,1/11/2023 ,Consoli Sferc Brescia,Puliservice Acqua S.Bernardo Cuneo,3,2,3-2,5,Consoli Sferc Brescia,Consoli Sferc Brescia,Puliservice Acqua S.Bernardo Cuneo,FALSE
Italian Men A2,2023-2024,1/11/2023 ,Yuasa Battery Grottazzolina,Delta Group Porto Viro,3,0,3-0,3,Yuasa Battery Grottazzolina,Yuasa Battery Grottazzolina,Delta Group Porto Viro,FALSE
Italian Men A2,2023-2024,1/11/2023 ,Conad Reggio Emilia,Emma Villas Siena,2,3,2-3,5,Emma Villas Siena,Emma Villas Siena,Conad Reggio Emilia,FALSE
Italian Men A2,2023-2024,1/11/2023 ,Abba Pineto,BCC Tecbus Castellana Grotte,2,3,2-3,5,BCC Tecbus Castellana Grotte,Abba Pineto,BCC Tecbus Castellana Grotte,TRUE
Italian Men A2,2023-2024,1/11/2023 ,WOW Green House Aversa,Sieco Service Ortona,3,2,3-2,5,WOW Green House Aversa,WOW Green House Aversa,Sieco Service Ortona,FALSE
Italian Men A2,2023-2024,5/11/2023 ,Emma Villas Siena,Pool Libertas Cantù,3,1,3-1,4,Emma Villas Siena,Emma Villas Siena,Pool Libertas Cantù,FALSE
Italian Men A2,2023-2024,4/11/2023 ,Tinet Prata di Pordenone,WOW Green House Aversa,3,0,3-0,3,Tinet Prata di Pordenone,Tinet Prata di Pordenone,WOW Green House Aversa,FALSE
Italian Men A2,2023-2024,5/11/2023 ,BCC Tecbus Castellana Grotte,Yuasa Battery Grottazzolina,1,3,1-3,4,Yuasa Battery Grottazzolina,Yuasa Battery Grottazzolina,BCC Tecbus Castellana Grotte,FALSE
Italian Men A2,2023-2024,5/11/2023 ,Consar Ravenna,Consoli Sferc Brescia,0,3,0-3,3,Consoli Sferc Brescia,Consoli Sferc Brescia,Consar Ravenna,FALSE
Italian Men A2,2023-2024,4/11/2023 ,Puliservice Acqua S.Bernardo Cuneo,Abba Pineto,3,1,3-1,4,Puliservice Acqua S.Bernardo Cuneo,Puliservice Acqua S.Bernardo Cuneo,Abba Pineto,FALSE
Italian Men A2,2023-2024,5/11/2023 ,Conad Reggio Emilia,Delta Group Porto Viro,2,3,2-3,5,Delta Group Porto Viro,Conad Reggio Emilia,Delta Group Porto Viro,TRUE
Italian Men A2,2023-2024,5/11/2023 ,Sieco Service Ortona,Kemas Lamipel Santa Croce,1,3,1-3,4,Kemas Lamipel Santa Croce,Kemas Lamipel Santa Croce,Sieco Service Ortona,FALSE
Italian Men A2,2023-2024,12/11/2023 ,Pool Libertas Cantù,Conad Reggio Emilia,2,3,2-3,5,Conad Reggio Emilia,Pool Libertas Cantù,Conad Reggio Emilia,TRUE
Italian Men A2,2023-2024,12/11/2023 ,Delta Group Porto Viro,BCC Tecbus Castellana Grotte,3,1,3-1,4,Delta Group Porto Viro,Delta Group Porto Viro,BCC Tecbus Castellana Grotte,FALSE
Italian Men A2,2023-2024,12/11/2023 ,Kemas Lamipel Santa Croce,Puliservice Acqua S.Bernardo Cuneo,3,2,3-2,5,Kemas Lamipel Santa Croce,Puliservice Acqua S.Bernardo Cuneo,Kemas Lamipel Santa Croce,TRUE
Italian Men A2,2023-2024,12/11/2023 ,Consoli Sferc Brescia,Emma Villas Siena,2,3,2-3,5,Emma Villas Siena,Consoli Sferc Brescia,Emma Villas Siena,TRUE
Italian Men A2,2023-2024,11/11/2023 ,Yuasa Battery Grottazzolina,Tinet Prata di Pordenone,3,1,3-1,4,Yuasa Battery Grottazzolina,Tinet Prata di Pordenone,Yuasa Battery Grottazzolina,TRUE
Italian Men A2,2023-2024,12/11/2023 ,Sieco Service Ortona,Consar Ravenna,1,3,1-3,4,Consar Ravenna,Consar Ravenna,Sieco Service Ortona,FALSE
Italian Men A2,2023-2024,12/11/2023 ,WOW Green House Aversa,Abba Pineto,2,3,2-3,5,Abba Pineto,WOW Green House Aversa,Abba Pineto,TRUE
Italian Men A2,2023-2024,18/11/2023 ,Emma Villas Siena,Consar Ravenna,0,3,0-3,3,Consar Ravenna,Consar Ravenna,Emma Villas Siena,FALSE
Italian Men A2,2023-2024,19/11/2023 ,Kemas Lamipel Santa Croce,Pool Libertas Cantù,1,3,1-3,4,Pool Libertas Cantù,Kemas Lamipel Santa Croce,Pool Libertas Cantù,TRUE
Italian Men A2,2023-2024,18/11/2023 ,Tinet Prata di Pordenone,Sieco Service Ortona,3,0,3-0,3,Tinet Prata di Pordenone,Tinet Prata di Pordenone,Sieco Service Ortona,FALSE
Italian Men A2,2023-2024,18/11/2023 ,Puliservice Acqua S.Bernardo Cuneo,BCC Tecbus Castellana Grotte,1,3,1-3,4,BCC Tecbus Castellana Grotte,BCC Tecbus Castellana Grotte,Puliservice Acqua S.Bernardo Cuneo,FALSE
Italian Men A2,2023-2024,19/11/2023 ,Yuasa Battery Grottazzolina,Consoli Sferc Brescia,3,1,3-1,4,Yuasa Battery Grottazzolina,Yuasa Battery Grottazzolina,Consoli Sferc Brescia,FALSE
Italian Men A2,2023-2024,19/11/2023 ,Abba Pineto,Delta Group Porto Viro,3,2,3-2,5,Abba Pineto,Abba Pineto,Delta Group Porto Viro,FALSE
Italian Men A2,2023-2024,19/11/2023 ,WOW Green House Aversa,Conad Reggio Emilia,3,2,3-2,5,WOW Green House Aversa,WOW Green House Aversa,Conad Reggio Emilia,FALSE
Italian Men A2,2023-2024,25/11/2023 ,Pool Libertas Cantù,Yuasa Battery Grottazzolina,2,3,2-3,5,Yuasa Battery Grottazzolina,Yuasa Battery Grottazzolina,Pool Libertas Cantù,FALSE
Italian Men A2,2023-2024,26/11/2023 ,Delta Group Porto Viro,Puliservice Acqua S.Bernardo Cuneo,2,3,2-3,5,Puliservice Acqua S.Bernardo Cuneo,Puliservice Acqua S.Bernardo Cuneo,Delta Group Porto Viro,FALSE
Italian Men A2,2023-2024,26/11/2023 ,BCC Tecbus Castellana Grotte,Emma Villas Siena,1,3,1-3,4,Emma Villas Siena,Emma Villas Siena,BCC Tecbus Castellana Grotte,FALSE
Italian Men A2,2023-2024,26/11/2023 ,Consar Ravenna,WOW Green House Aversa,3,1,3-1,4,Consar Ravenna,Consar Ravenna,WOW Green House Aversa,FALSE
Italian Men A2,2023-2024,26/11/2023 ,Consoli Sferc Brescia,Sieco Service Ortona,3,0,3-0,3,Consoli Sferc Brescia,Consoli Sferc Brescia,Sieco Service Ortona,FALSE
Italian Men A2,2023-2024,26/11/2023 ,Conad Reggio Emilia,Kemas Lamipel Santa Croce,3,1,3-1,4,Conad Reggio Emilia,Conad Reggio Emilia,Kemas Lamipel Santa Croce,FALSE
Italian Men A2,2023-2024,26/11/2023 ,Abba Pineto,Tinet Prata di Pordenone,0,3,0-3,3,Tinet Prata di Pordenone,Tinet Prata di Pordenone,Abba Pineto,FALSE
Italian Men A2,2023-2024,3/12/2023 ,Emma Villas Siena,Puliservice Acqua S.Bernardo Cuneo,2,3,2-3,5,Puliservice Acqua S.Bernardo Cuneo,Puliservice Acqua S.Bernardo Cuneo,Emma Villas Siena,FALSE
Italian Men A2,2023-2024,3/12/2023 ,Kemas Lamipel Santa Croce,BCC Tecbus Castellana Grotte,3,0,3-0,3,Kemas Lamipel Santa Croce,Kemas Lamipel Santa Croce,BCC Tecbus Castellana Grotte,FALSE
Italian Men A2,2023-2024,2/12/2023 ,Tinet Prata di Pordenone,Consoli Sferc Brescia,3,0,3-0,3,Tinet Prata di Pordenone,Tinet Prata di Pordenone,Consoli Sferc Brescia,FALSE
Italian Men A2,2023-2024,3/12/2023 ,Yuasa Battery Grottazzolina,Consar Ravenna,3,1,3-1,4,Yuasa Battery Grottazzolina,Yuasa Battery Grottazzolina,Consar Ravenna,FALSE
Italian Men A2,2023-2024,3/12/2023 ,Conad Reggio Emilia,Abba Pineto,3,1,3-1,4,Conad Reggio Emilia,Abba Pineto,Conad Reggio Emilia,TRUE
Italian Men A2,2023-2024,3/12/2023 ,Sieco Service Ortona,Pool Libertas Cantù,2,3,2-3,5,Pool Libertas Cantù,Sieco Service Ortona,Pool Libertas Cantù,TRUE
Italian Men A2,2023-2024,1/12/2023 ,WOW Green House Aversa,Delta Group Porto Viro,0,3,0-3,3,Delta Group Porto Viro,Delta Group Porto Viro,WOW Green House Aversa,FALSE
Italian Men A2,2023-2024,7/12/2023 ,Emma Villas Siena,Yuasa Battery Grottazzolina,1,3,1-3,4,Yuasa Battery Grottazzolina,Emma Villas Siena,Yuasa Battery Grottazzolina,TRUE
Italian Men A2,2023-2024,7/12/2023 ,Delta Group Porto Viro,Kemas Lamipel Santa Croce,0,3,0-3,3,Kemas Lamipel Santa Croce,Kemas Lamipel Santa Croce,Delta Group Porto Viro,FALSE
Italian Men A2,2023-2024,6/12/2023 ,BCC Tecbus Castellana Grotte,WOW Green House Aversa,3,2,3-2,5,BCC Tecbus Castellana Grotte,BCC Tecbus Castellana Grotte,WOW Green House Aversa,FALSE
Italian Men A2,2023-2024,7/12/2023 ,Consar Ravenna,Tinet Prata di Pordenone,3,2,3-2,5,Consar Ravenna,Tinet Prata di Pordenone,Consar Ravenna,TRUE
Italian Men A2,2023-2024,7/12/2023 ,Puliservice Acqua S.Bernardo Cuneo,Conad Reggio Emilia,3,0,3-0,3,Puliservice Acqua S.Bernardo Cuneo,Puliservice Acqua S.Bernardo Cuneo,Conad Reggio Emilia,FALSE
Italian Men A2,2023-2024,7/12/2023 ,Consoli Sferc Brescia,Pool Libertas Cantù,3,2,3-2,5,Consoli Sferc Brescia,Consoli Sferc Brescia,Pool Libertas Cantù,FALSE
Italian Men A2,2023-2024,7/12/2023 ,Abba Pineto,Sieco Service Ortona,2,3,2-3,5,Sieco Service Ortona,Abba Pineto,Sieco Service Ortona,TRUE
Italian Men A2,2023-2024,10/12/2023 ,Pool Libertas Cantù,Delta Group Porto Viro,3,2,3-2,5,Pool Libertas Cantù,Delta Group Porto Viro,Pool Libertas Cantù,TRUE
Italian Men A2,2023-2024,10/12/2023 ,Kemas Lamipel Santa Croce,Consoli Sferc Brescia,3,0,3-0,3,Kemas Lamipel Santa Croce,Kemas Lamipel Santa Croce,Consoli Sferc Brescia,FALSE
Italian Men A2,2023-2024,9/12/2023 ,Tinet Prata di Pordenone,BCC Tecbus Castellana Grotte,3,0,3-0,3,Tinet Prata di Pordenone,Tinet Prata di Pordenone,BCC Tecbus Castellana Grotte,FALSE
Italian Men A2,2023-2024,10/12/2023 ,Consar Ravenna,Conad Reggio Emilia,3,1,3-1,4,Consar Ravenna,Conad Reggio Emilia,Consar Ravenna,TRUE
Italian Men A2,2023-2024,10/12/2023 ,Yuasa Battery Grottazzolina,Abba Pineto,3,2,3-2,5,Yuasa Battery Grottazzolina,Abba Pineto,Yuasa Battery Grottazzolina,TRUE
Italian Men A2,2023-2024,10/12/2023 ,Sieco Service Ortona,Puliservice Acqua S.Bernardo Cuneo,1,3,1-3,4,Puliservice Acqua S.Bernardo Cuneo,Sieco Service Ortona,Puliservice Acqua S.Bernardo Cuneo,TRUE
Italian Men A2,2023-2024,10/12/2023 ,WOW Green House Aversa,Emma Villas Siena,3,2,3-2,5,WOW Green House Aversa,WOW Green House Aversa,Emma Villas Siena,FALSE
Italian Men A2,2023-2024,17/12/2023 ,Delta Group Porto Viro,Emma Villas Siena,1,3,1-3,4,Emma Villas Siena,Emma Villas Siena,Delta Group Porto Viro,FALSE
Italian Men A2,2023-2024,17/12/2023 ,Kemas Lamipel Santa Croce,Yuasa Battery Grottazzolina,3,2,3-2,5,Kemas Lamipel Santa Croce,Yuasa Battery Grottazzolina,Kemas Lamipel Santa Croce,TRUE
Italian Men A2,2023-2024,17/12/2023 ,BCC Tecbus Castellana Grotte,Consar Ravenna,1,3,1-3,4,Consar Ravenna,Consar Ravenna,BCC Tecbus Castellana Grotte,FALSE
Italian Men A2,2023-2024,17/12/2023 ,Puliservice Acqua S.Bernardo Cuneo,Tinet Prata di Pordenone,3,0,3-0,3,Puliservice Acqua S.Bernardo Cuneo,Puliservice Acqua S.Bernardo Cuneo,Tinet Prata di Pordenone,FALSE
Italian Men A2,2023-2024,17/12/2023 ,Conad Reggio Emilia,Sieco Service Ortona,0,3,0-3,3,Sieco Service Ortona,Sieco Service Ortona,Conad Reggio Emilia,FALSE
Italian Men A2,2023-2024,17/12/2023 ,Abba Pineto,Pool Libertas Cantù,1,3,1-3,4,Pool Libertas Cantù,Pool Libertas Cantù,Abba Pineto,FALSE
Italian Men A2,2023-2024,17/12/2023 ,WOW Green House Aversa,Consoli Sferc Brescia,3,2,3-2,5,WOW Green House Aversa,WOW Green House Aversa,Consoli Sferc Brescia,FALSE
Italian Men A2,2023-2024,26/12/2023 ,Emma Villas Siena,Kemas Lamipel Santa Croce,3,0,3-0,3,Emma Villas Siena,Emma Villas Siena,Kemas Lamipel Santa Croce,FALSE
Italian Men A2,2023-2024,26/12/2023 ,Pool Libertas Cantù,Puliservice Acqua S.Bernardo Cuneo,1,3,1-3,4,Puliservice Acqua S.Bernardo Cuneo,Puliservice Acqua S.Bernardo Cuneo,Pool Libertas Cantù,FALSE
Italian Men A2,2023-2024,26/12/2023 ,Tinet Prata di Pordenone,Delta Group Porto Viro,2,3,2-3,5,Delta Group Porto Viro,Delta Group Porto Viro,Tinet Prata di Pordenone,FALSE
Italian Men A2,2023-2024,26/12/2023 ,Consar Ravenna,Abba Pineto,3,0,3-0,3,Consar Ravenna,Consar Ravenna,Abba Pineto,FALSE
Italian Men A2,2023-2024,26/12/2023 ,Consoli Sferc Brescia,Conad Reggio Emilia,3,1,3-1,4,Consoli Sferc Brescia,Consoli Sferc Brescia,Conad Reggio Emilia,FALSE
Italian Men A2,2023-2024,26/12/2023 ,Yuasa Battery Grottazzolina,WOW Green House Aversa,3,0,3-0,3,Yuasa Battery Grottazzolina,Yuasa Battery Grottazzolina,WOW Green House Aversa,FALSE
Italian Men A2,2023-2024,26/12/2023 ,Sieco Service Ortona,BCC Tecbus Castellana Grotte,2,3,2-3,5,BCC Tecbus Castellana Grotte,BCC Tecbus Castellana Grotte,Sieco Service Ortona,FALSE
Italian Men A2,2023-2024,30/12/2023 ,WOW Green House Aversa,Pool Libertas Cantù,0,3,0-3,3,Pool Libertas Cantù,Pool Libertas Cantù,WOW Green House Aversa,FALSE
Italian Men A2,2023-2024,30/12/2023 ,Abba Pineto,Kemas Lamipel Santa Croce,1,3,1-3,4,Kemas Lamipel Santa Croce,Abba Pineto,Kemas Lamipel Santa Croce,TRUE
Italian Men A2,2023-2024,30/12/2023 ,Conad Reggio Emilia,Tinet Prata di Pordenone,1,3,1-3,4,Tinet Prata di Pordenone,Tinet Prata di Pordenone,Conad Reggio Emilia,FALSE
Italian Men A2,2023-2024,30/12/2023 ,Delta Group Porto Viro,Consar Ravenna,2,3,2-3,5,Consar Ravenna,Consar Ravenna,Delta Group Porto Viro,FALSE
Italian Men A2,2023-2024,30/12/2023 ,BCC Tecbus Castellana Grotte,Consoli Sferc Brescia,1,3,1-3,4,Consoli Sferc Brescia,Consoli Sferc Brescia,BCC Tecbus Castellana Grotte,FALSE
Italian Men A2,2023-2024,30/12/2023 ,Puliservice Acqua S.Bernardo Cuneo,Yuasa Battery Grottazzolina,3,2,3-2,5,Puliservice Acqua S.Bernardo Cuneo,Puliservice Acqua S.Bernardo Cuneo,Yuasa Battery Grottazzolina,FALSE
Italian Men A2,2023-2024,30/12/2023 ,Emma Villas Siena,Sieco Service Ortona,3,0,3-0,3,Emma Villas Siena,Emma Villas Siena,Sieco Service Ortona,FALSE
Italian Men A2,2023-2024,6/1/2024 ,Tinet Prata di Pordenone,Emma Villas Siena,2,3,2-3,5,Emma Villas Siena,Emma Villas Siena,Tinet Prata di Pordenone,FALSE
Italian Men A2,2023-2024,7/1/2024 ,Sieco Service Ortona,Delta Group Porto Viro,0,3,0-3,3,Delta Group Porto Viro,Delta Group Porto Viro,Sieco Service Ortona,FALSE
Italian Men A2,2023-2024,24/1/2024 ,Pool Libertas Cantù,BCC Tecbus Castellana Grotte,0,3,0-3,3,BCC Tecbus Castellana Grotte,BCC Tecbus Castellana Grotte,Pool Libertas Cantù,FALSE
Italian Men A2,2023-2024,7/1/2024 ,Consar Ravenna,Puliservice Acqua S.Bernardo Cuneo,0,3,0-3,3,Puliservice Acqua S.Bernardo Cuneo,Puliservice Acqua S.Bernardo Cuneo,Consar Ravenna,FALSE
Italian Men A2,2023-2024,7/1/2024 ,Yuasa Battery Grottazzolina,Conad Reggio Emilia,3,0,3-0,3,Yuasa Battery Grottazzolina,Yuasa Battery Grottazzolina,Conad Reggio Emilia,FALSE
Italian Men A2,2023-2024,6/1/2024 ,Consoli Sferc Brescia,Abba Pineto,3,2,3-2,5,Consoli Sferc Brescia,Abba Pineto,Consoli Sferc Brescia,TRUE
Italian Men A2,2023-2024,31/1/2024 ,Kemas Lamipel Santa Croce,WOW Green House Aversa,0,3,0-3,3,WOW Green House Aversa,WOW Green House Aversa,Kemas Lamipel Santa Croce,FALSE
Italian Men A2,2023-2024,13/1/2024 ,Abba Pineto,Emma Villas Siena,0,3,0-3,3,Emma Villas Siena,Emma Villas Siena,Abba Pineto,FALSE
Italian Men A2,2023-2024,14/1/2024 ,Consoli Sferc Brescia,Delta Group Porto Viro,3,1,3-1,4,Consoli Sferc Brescia,Consoli Sferc Brescia,Delta Group Porto Viro,FALSE
Italian Men A2,2023-2024,17/1/2024 ,Kemas Lamipel Santa Croce,Tinet Prata di Pordenone,3,0,3-0,3,Kemas Lamipel Santa Croce,Kemas Lamipel Santa Croce,Tinet Prata di Pordenone,FALSE
Italian Men A2,2023-2024,14/1/2024 ,Conad Reggio Emilia,BCC Tecbus Castellana Grotte,3,0,3-0,3,Conad Reggio Emilia,Conad Reggio Emilia,BCC Tecbus Castellana Grotte,FALSE
Italian Men A2,2023-2024,16/1/2024 ,Pool Libertas Cantù,Consar Ravenna,0,3,0-3,3,Consar Ravenna,Consar Ravenna,Pool Libertas Cantù,FALSE
Italian Men A2,2023-2024,14/1/2024 ,WOW Green House Aversa,Puliservice Acqua S.Bernardo Cuneo,1,3,1-3,4,Puliservice Acqua S.Bernardo Cuneo,WOW Green House Aversa,Puliservice Acqua S.Bernardo Cuneo,TRUE
Italian Men A2,2023-2024,14/1/2024 ,Yuasa Battery Grottazzolina,Sieco Service Ortona,3,1,3-1,4,Yuasa Battery Grottazzolina,Yuasa Battery Grottazzolina,Sieco Service Ortona,FALSE
Italian Men A2,2023-2024,20/1/2024 ,Tinet Prata di Pordenone,Pool Libertas Cantù,3,0,3-0,3,Tinet Prata di Pordenone,Tinet Prata di Pordenone,Pool Libertas Cantù,FALSE
Italian Men A2,2023-2024,21/1/2024 ,Consar Ravenna,Kemas Lamipel Santa Croce,3,0,3-0,3,Consar Ravenna,Consar Ravenna,Kemas Lamipel Santa Croce,FALSE
Italian Men A2,2023-2024,20/1/2024 ,Puliservice Acqua S.Bernardo Cuneo,Consoli Sferc Brescia,3,2,3-2,5,Puliservice Acqua S.Bernardo Cuneo,Consoli Sferc Brescia,Puliservice Acqua S.Bernardo Cuneo,TRUE
Italian Men A2,2023-2024,21/1/2024 ,Delta Group Porto Viro,Yuasa Battery Grottazzolina,3,1,3-1,4,Delta Group Porto Viro,Delta Group Porto Viro,Yuasa Battery Grottazzolina,FALSE
Italian Men A2,2023-2024,20/1/2024 ,Emma Villas Siena,Conad Reggio Emilia,3,0,3-0,3,Emma Villas Siena,Emma Villas Siena,Conad Reggio Emilia,FALSE
Italian Men A2,2023-2024,20/1/2024 ,BCC Tecbus Castellana Grotte,Abba Pineto,2,3,2-3,5,Abba Pineto,Abba Pineto,BCC Tecbus Castellana Grotte,FALSE
Italian Men A2,2023-2024,21/1/2024 ,Sieco Service Ortona,WOW Green House Aversa,3,1,3-1,4,Sieco Service Ortona,WOW Green House Aversa,Sieco Service Ortona,TRUE
Italian Men A2,2023-2024,28/1/2024 ,Pool Libertas Cantù,Emma Villas Siena,1,3,1-3,4,Emma Villas Siena,Emma Villas Siena,Pool Libertas Cantù,FALSE
Italian Men A2,2023-2024,27/1/2024 ,WOW Green House Aversa,Tinet Prata di Pordenone,0,3,0-3,3,Tinet Prata di Pordenone,Tinet Prata di Pordenone,WOW Green House Aversa,FALSE
Italian Men A2,2023-2024,28/1/2024 ,Yuasa Battery Grottazzolina,BCC Tecbus Castellana Grotte,3,0,3-0,3,Yuasa Battery Grottazzolina,Yuasa Battery Grottazzolina,BCC Tecbus Castellana Grotte,FALSE
Italian Men A2,2023-2024,28/1/2024 ,Consoli Sferc Brescia,Consar Ravenna,2,3,2-3,5,Consar Ravenna,Consoli Sferc Brescia,Consar Ravenna,TRUE
Italian Men A2,2023-2024,28/1/2024 ,Abba Pineto,Puliservice Acqua S.Bernardo Cuneo,3,2,3-2,5,Abba Pineto,Abba Pineto,Puliservice Acqua S.Bernardo Cuneo,FALSE
Italian Men A2,2023-2024,28/1/2024 ,Delta Group Porto Viro,Conad Reggio Emilia,3,0,3-0,3,Delta Group Porto Viro,Delta Group Porto Viro,Conad Reggio Emilia,FALSE
Italian Men A2,2023-2024,28/1/2024 ,Kemas Lamipel Santa Croce,Sieco Service Ortona,3,2,3-2,5,Kemas Lamipel Santa Croce,Sieco Service Ortona,Kemas Lamipel Santa Croce,TRUE
Italian Men A2,2023-2024,4/2/2024 ,Conad Reggio Emilia,Pool Libertas Cantù,1,3,1-3,4,Pool Libertas Cantù,Conad Reggio Emilia,Pool Libertas Cantù,TRUE
Italian Men A2,2023-2024,4/2/2024 ,BCC Tecbus Castellana Grotte,Delta Group Porto Viro,1,3,1-3,4,Delta Group Porto Viro,BCC Tecbus Castellana Grotte,Delta Group Porto Viro,TRUE
Italian Men A2,2023-2024,4/2/2024 ,Puliservice Acqua S.Bernardo Cuneo,Kemas Lamipel Santa Croce,3,2,3-2,5,Puliservice Acqua S.Bernardo Cuneo,Kemas Lamipel Santa Croce,Puliservice Acqua S.Bernardo Cuneo,TRUE
Italian Men A2,2023-2024,4/2/2024 ,Emma Villas Siena,Consoli Sferc Brescia,2,3,2-3,5,Consoli Sferc Brescia,Consoli Sferc Brescia,Emma Villas Siena,FALSE
Italian Men A2,2023-2024,3/2/2024 ,Tinet Prata di Pordenone,Yuasa Battery Grottazzolina,1,3,1-3,4,Yuasa Battery Grottazzolina,Tinet Prata di Pordenone,Yuasa Battery Grottazzolina,TRUE
Italian Men A2,2023-2024,4/2/2024 ,Consar Ravenna,Sieco Service Ortona,3,0,3-0,3,Consar Ravenna,Consar Ravenna,Sieco Service Ortona,FALSE
Italian Men A2,2023-2024,4/2/2024 ,Abba Pineto,WOW Green House Aversa,3,2,3-2,5,Abba Pineto,Abba Pineto,WOW Green House Aversa,FALSE
Italian Men A2,2023-2024,11/2/2024 ,Consar Ravenna,Emma Villas Siena,2,3,2-3,5,Emma Villas Siena,Emma Villas Siena,Consar Ravenna,FALSE
Italian Men A2,2023-2024,11/2/2024 ,Pool Libertas Cantù,Kemas Lamipel Santa Croce,3,2,3-2,5,Pool Libertas Cantù,Pool Libertas Cantù,Kemas Lamipel Santa Croce,FALSE
Italian Men A2,2023-2024,10/2/2024 ,Sieco Service Ortona,Tinet Prata di Pordenone,3,1,3-1,4,Sieco Service Ortona,Sieco Service Ortona,Tinet Prata di Pordenone,FALSE
Italian Men A2,2023-2024,11/2/2024 ,BCC Tecbus Castellana Grotte,Puliservice Acqua S.Bernardo Cuneo,3,1,3-1,4,BCC Tecbus Castellana Grotte,BCC Tecbus Castellana Grotte,Puliservice Acqua S.Bernardo Cuneo,FALSE
Italian Men A2,2023-2024,11/2/2024 ,Consoli Sferc Brescia,Yuasa Battery Grottazzolina,2,3,2-3,5,Yuasa Battery Grottazzolina,Consoli Sferc Brescia,Yuasa Battery Grottazzolina,TRUE
Italian Men A2,2023-2024,11/2/2024 ,Delta Group Porto Viro,Abba Pineto,3,0,3-0,3,Delta Group Porto Viro,Delta Group Porto Viro,Abba Pineto,FALSE
Italian Men A2,2023-2024,11/2/2024 ,Conad Reggio Emilia,WOW Green House Aversa,3,1,3-1,4,Conad Reggio Emilia,WOW Green House Aversa,Conad Reggio Emilia,TRUE
Italian Men A2,2023-2024,18/2/2024 ,Yuasa Battery Grottazzolina,Pool Libertas Cantù,3,0,3-0,3,Yuasa Battery Grottazzolina,Yuasa Battery Grottazzolina,Pool Libertas Cantù,FALSE
Italian Men A2,2023-2024,18/2/2024 ,Puliservice Acqua S.Bernardo Cuneo,Delta Group Porto Viro,3,0,3-0,3,Puliservice Acqua S.Bernardo Cuneo,Puliservice Acqua S.Bernardo Cuneo,Delta Group Porto Viro,FALSE
Italian Men A2,2023-2024,15/2/2024 ,Emma Villas Siena,BCC Tecbus Castellana Grotte,3,0,3-0,3,Emma Villas Siena,Emma Villas Siena,BCC Tecbus Castellana Grotte,FALSE
Italian Men A2,2023-2024,18/2/2024 ,WOW Green House Aversa,Consar Ravenna,3,2,3-2,5,WOW Green House Aversa,WOW Green House Aversa,Consar Ravenna,FALSE
Italian Men A2,2023-2024,18/2/2024 ,Sieco Service Ortona,Consoli Sferc Brescia,0,3,0-3,3,Consoli Sferc Brescia,Consoli Sferc Brescia,Sieco Service Ortona,FALSE
Italian Men A2,2023-2024,18/2/2024 ,Kemas Lamipel Santa Croce,Conad Reggio Emilia,3,0,3-0,3,Kemas Lamipel Santa Croce,Kemas Lamipel Santa Croce,Conad Reggio Emilia,FALSE
Italian Men A2,2023-2024,17/2/2024 ,Tinet Prata di Pordenone,Abba Pineto,3,1,3-1,4,Tinet Prata di Pordenone,Tinet Prata di Pordenone,Abba Pineto,FALSE
Italian Men A2,2023-2024,25/2/2024 ,Puliservice Acqua S.Bernardo Cuneo,Emma Villas Siena,3,2,3-2,5,Puliservice Acqua S.Bernardo Cuneo,Puliservice Acqua S.Bernardo Cuneo,Emma Villas Siena,FALSE
Italian Men A2,2023-2024,25/2/2024 ,BCC Tecbus Castellana Grotte,Kemas Lamipel Santa Croce,3,1,3-1,4,BCC Tecbus Castellana Grotte,BCC Tecbus Castellana Grotte,Kemas Lamipel Santa Croce,FALSE
Italian Men A2,2023-2024,25/2/2024 ,Consoli Sferc Brescia,Tinet Prata di Pordenone,3,1,3-1,4,Consoli Sferc Brescia,Tinet Prata di Pordenone,Consoli Sferc Brescia,TRUE
Italian Men A2,2023-2024,25/2/2024 ,Consar Ravenna,Yuasa Battery Grottazzolina,2,3,2-3,5,Yuasa Battery Grottazzolina,Consar Ravenna,Yuasa Battery Grottazzolina,TRUE
Italian Men A2,2023-2024,25/2/2024 ,Abba Pineto,Conad Reggio Emilia,3,0,3-0,3,Abba Pineto,Abba Pineto,Conad Reggio Emilia,FALSE
Italian Men A2,2023-2024,25/2/2024 ,Pool Libertas Cantù,Sieco Service Ortona,3,2,3-2,5,Pool Libertas Cantù,Sieco Service Ortona,Pool Libertas Cantù,TRUE
Italian Men A2,2023-2024,25/2/2024 ,Delta Group Porto Viro,WOW Green House Aversa,3,1,3-1,4,Delta Group Porto Viro,Delta Group Porto Viro,WOW Green House Aversa,FALSE
Italian Men A2,2023-2024,3/3/2024 ,Yuasa Battery Grottazzolina,Emma Villas Siena,2,3,2-3,5,Emma Villas Siena,Emma Villas Siena,Yuasa Battery Grottazzolina,FALSE
Italian Men A2,2023-2024,3/3/2024 ,Kemas Lamipel Santa Croce,Delta Group Porto Viro,3,1,3-1,4,Kemas Lamipel Santa Croce,Kemas Lamipel Santa Croce,Delta Group Porto Viro,FALSE
Italian Men A2,2023-2024,3/3/2024 ,WOW Green House Aversa,BCC Tecbus Castellana Grotte,1,3,1-3,4,BCC Tecbus Castellana Grotte,BCC Tecbus Castellana Grotte,WOW Green House Aversa,FALSE
Italian Men A2,2023-2024,2/3/2024 ,Tinet Prata di Pordenone,Consar Ravenna,3,2,3-2,5,Tinet Prata di Pordenone,Tinet Prata di Pordenone,Consar Ravenna,FALSE
Italian Men A2,2023-2024,3/3/2024 ,Conad Reggio Emilia,Puliservice Acqua S.Bernardo Cuneo,0,3,0-3,3,Puliservice Acqua S.Bernardo Cuneo,Puliservice Acqua S.Bernardo Cuneo,Conad Reggio Emilia,FALSE
Italian Men A2,2023-2024,3/3/2024 ,Pool Libertas Cantù,Consoli Sferc Brescia,3,1,3-1,4,Pool Libertas Cantù,Pool Libertas Cantù,Consoli Sferc Brescia,FALSE
Italian Men A2,2023-2024,3/3/2024 ,Sieco Service Ortona,Abba Pineto,0,3,0-3,3,Abba Pineto,Abba Pineto,Sieco Service Ortona,FALSE
Italian Men A2,2023-2024,9/3/2024 ,Delta Group Porto Viro,Pool Libertas Cantù,3,1,3-1,4,Delta Group Porto Viro,Delta Group Porto Viro,Pool Libertas Cantù,FALSE
Italian Men A2,2023-2024,10/3/2024 ,Consoli Sferc Brescia,Kemas Lamipel Santa Croce,3,2,3-2,5,Consoli Sferc Brescia,Kemas Lamipel Santa Croce,Consoli Sferc Brescia,TRUE
Italian Men A2,2023-2024,10/3/2024 ,BCC Tecbus Castellana Grotte,Tinet Prata di Pordenone,1,3,1-3,4,Tinet Prata di Pordenone,Tinet Prata di Pordenone,BCC Tecbus Castellana Grotte,FALSE
Italian Men A2,2023-2024,9/3/2024 ,Conad Reggio Emilia,Consar Ravenna,0,3,0-3,3,Consar Ravenna,Consar Ravenna,Conad Reggio Emilia,FALSE
Italian Men A2,2023-2024,10/3/2024 ,Abba Pineto,Yuasa Battery Grottazzolina,2,3,2-3,5,Yuasa Battery Grottazzolina,Yuasa Battery Grottazzolina,Abba Pineto,FALSE
Italian Men A2,2023-2024,10/3/2024 ,Puliservice Acqua S.Bernardo Cuneo,Sieco Service Ortona,3,0,3-0,3,Puliservice Acqua S.Bernardo Cuneo,Puliservice Acqua S.Bernardo Cuneo,Sieco Service Ortona,FALSE
Italian Men A2,2023-2024,11/3/2024 ,Emma Villas Siena,WOW Green House Aversa,3,2,3-2,5,Emma Villas Siena,Emma Villas Siena,WOW Green House Aversa,FALSE
Italian Men A2,2023-2024,17/3/2024 ,Emma Villas Siena,Delta Group Porto Viro,3,1,3-1,4,Emma Villas Siena,Emma Villas Siena,Delta Group Porto Viro,FALSE
Italian Men A2,2023-2024,17/3/2024 ,Yuasa Battery Grottazzolina,Kemas Lamipel Santa Croce,3,2,3-2,5,Yuasa Battery Grottazzolina,Kemas Lamipel Santa Croce,Yuasa Battery Grottazzolina,TRUE
Italian Men A2,2023-2024,17/3/2024 ,Consar Ravenna,BCC Tecbus Castellana Grotte,3,1,3-1,4,Consar Ravenna,Consar Ravenna,BCC Tecbus Castellana Grotte,FALSE
Italian Men A2,2023-2024,16/3/2024 ,Tinet Prata di Pordenone,Puliservice Acqua S.Bernardo Cuneo,3,0,3-0,3,Tinet Prata di Pordenone,Tinet Prata di Pordenone,Puliservice Acqua S.Bernardo Cuneo,FALSE
Italian Men A2,2023-2024,17/3/2024 ,Sieco Service Ortona,Conad Reggio Emilia,1,3,1-3,4,Conad Reggio Emilia,Sieco Service Ortona,Conad Reggio Emilia,TRUE
Italian Men A2,2023-2024,17/3/2024 ,Pool Libertas Cantù,Abba Pineto,3,2,3-2,5,Pool Libertas Cantù,Pool Libertas Cantù,Abba Pineto,FALSE
Italian Men A2,2023-2024,17/3/2024 ,Consoli Sferc Brescia,WOW Green House Aversa,2,3,2-3,5,WOW Green House Aversa,Consoli Sferc Brescia,WOW Green House Aversa,TRUE
Italian Men A2,2023-2024,24/3/2024 ,Kemas Lamipel Santa Croce,Emma Villas Siena,3,2,3-2,5,Kemas Lamipel Santa Croce,Kemas Lamipel Santa Croce,Emma Villas Siena,FALSE
Italian Men A2,2023-2024,24/3/2024 ,Puliservice Acqua S.Bernardo Cuneo,Pool Libertas Cantù,3,0,3-0,3,Puliservice Acqua S.Bernardo Cuneo,Puliservice Acqua S.Bernardo Cuneo,Pool Libertas Cantù,FALSE
Italian Men A2,2023-2024,24/3/2024 ,Delta Group Porto Viro,Tinet Prata di Pordenone,2,3,2-3,5,Tinet Prata di Pordenone,Delta Group Porto Viro,Tinet Prata di Pordenone,TRUE
Italian Men A2,2023-2024,24/3/2024 ,Abba Pineto,Consar Ravenna,0,3,0-3,3,Consar Ravenna,Consar Ravenna,Abba Pineto,FALSE
Italian Men A2,2023-2024,24/3/2024 ,Conad Reggio Emilia,Consoli Sferc Brescia,3,1,3-1,4,Conad Reggio Emilia,Consoli Sferc Brescia,Conad Reggio Emilia,TRUE
Italian Men A2,2023-2024,24/3/2024 ,WOW Green House Aversa,Yuasa Battery Grottazzolina,3,1,3-1,4,WOW Green House Aversa,WOW Green House Aversa,Yuasa Battery Grottazzolina,FALSE
Italian Men A2,2023-2024,24/3/2024 ,BCC Tecbus Castellana Grotte,Sieco Service Ortona,3,0,3-0,3,BCC Tecbus Castellana Grotte,BCC Tecbus Castellana Grotte,Sieco Service Ortona,FALSE
Italian Men A2,2023-2024,27/3/2024 ,Puliservice Acqua S.Bernardo Cuneo,Delta Group Porto Viro,0,3,0-3,3,Delta Group Porto Viro,Delta Group Porto Viro,Puliservice Acqua S.Bernardo Cuneo,FALSE
Italian Men A2,2023-2024,28/3/2024 ,Consar Ravenna,Tinet Prata di Pordenone,3,0,3-0,3,Consar Ravenna,Consar Ravenna,Tinet Prata di Pordenone,FALSE
Italian Men A2,2023-2024,27/3/2024 ,Emma Villas Siena,Consoli Sferc Brescia,3,1,3-1,4,Emma Villas Siena,Emma Villas Siena,Consoli Sferc Brescia,FALSE
Italian Men A2,2023-2024,1/4/2024 ,Delta Group Porto Viro,Puliservice Acqua S.Bernardo Cuneo,1,3,1-3,4,Puliservice Acqua S.Bernardo Cuneo,Delta Group Porto Viro,Puliservice Acqua S.Bernardo Cuneo,TRUE
Italian Men A2,2023-2024,1/4/2024 ,Tinet Prata di Pordenone,Consar Ravenna,3,2,3-2,5,Tinet Prata di Pordenone,Consar Ravenna,Tinet Prata di Pordenone,TRUE
Italian Men A2,2023-2024,1/4/2024 ,Consoli Sferc Brescia,Emma Villas Siena,2,3,2-3,5,Emma Villas Siena,Emma Villas Siena,Consoli Sferc Brescia,FALSE
Italian Men A2,2023-2024,8/4/2024 ,Puliservice Acqua S.Bernardo Cuneo,Delta Group Porto Viro,0,3,0-3,3,Delta Group Porto Viro,Delta Group Porto Viro,Puliservice Acqua S.Bernardo Cuneo,FALSE
Italian Men A2,2023-2024,7/4/2024 ,Consar Ravenna,Tinet Prata di Pordenone,3,0,3-0,3,Consar Ravenna,Consar Ravenna,Tinet Prata di Pordenone,FALSE
Italian Men A2,2023-2024,11/4/2024 ,Yuasa Battery Grottazzolina,Consar Ravenna,3,1,3-1,4,Yuasa Battery Grottazzolina,Consar Ravenna,Yuasa Battery Grottazzolina,TRUE
Italian Men A2,2023-2024,11/4/2024 ,Emma Villas Siena,Delta Group Porto Viro,3,1,3-1,4,Emma Villas Siena,Emma Villas Siena,Delta Group Porto Viro,FALSE
Italian Men A2,2023-2024,14/4/2024 ,Consar Ravenna,Yuasa Battery Grottazzolina,3,0,3-0,3,Consar Ravenna,Consar Ravenna,Yuasa Battery Grottazzolina,FALSE
Italian Men A2,2023-2024,14/4/2024 ,Delta Group Porto Viro,Emma Villas Siena,3,2,3-2,5,Delta Group Porto Viro,Delta Group Porto Viro,Emma Villas Siena,FALSE
Italian Men A2,2023-2024,17/4/2024 ,Yuasa Battery Grottazzolina,Consar Ravenna,3,2,3-2,5,Yuasa Battery Grottazzolina,Yuasa Battery Grottazzolina,Consar Ravenna,FALSE
Italian Men A2,2023-2024,17/4/2024 ,Emma Villas Siena,Delta Group Porto Viro,3,1,3-1,4,Emma Villas Siena,Delta Group Porto Viro,Emma Villas Siena,TRUE
Italian Men A2,2023-2024,21/4/2024 ,Yuasa Battery Grottazzolina,Emma Villas Siena,3,0,3-0,3,Yuasa Battery Grottazzolina,Yuasa Battery Grottazzolina,Emma Villas Siena,FALSE
Italian Men A2,2023-2024,25/4/2024 ,Emma Villas Siena,Yuasa Battery Grottazzolina,1,3,1-3,4,Yuasa Battery Grottazzolina,Yuasa Battery Grottazzolina,Emma Villas Siena,FALSE
Italian Men A2,2023-2024,14/4/2024 ,Kemas Lamipel Santa Croce,Pool Libertas Cantù,2,3,2-3,5,Pool Libertas Cantù,Kemas Lamipel Santa Croce,Pool Libertas Cantù,TRUE
Italian Men A2,2023-2024,13/4/2024 ,Tinet Prata di Pordenone,WOW Green House Aversa,3,0,3-0,3,Tinet Prata di Pordenone,Tinet Prata di Pordenone,WOW Green House Aversa,FALSE
Italian Men A2,2023-2024,14/4/2024 ,Puliservice Acqua S.Bernardo Cuneo,Abba Pineto,3,0,3-0,3,Puliservice Acqua S.Bernardo Cuneo,Puliservice Acqua S.Bernardo Cuneo,Abba Pineto,FALSE
Italian Men A2,2023-2024,14/4/2024 ,Consoli Sferc Brescia,Conad Reggio Emilia,3,0,3-0,3,Consoli Sferc Brescia,Consoli Sferc Brescia,Conad Reggio Emilia,FALSE
Italian Men A2,2023-2024,21/4/2024 ,Pool Libertas Cantù,Kemas Lamipel Santa Croce,3,2,3-2,5,Pool Libertas Cantù,Pool Libertas Cantù,Kemas Lamipel Santa Croce,FALSE
Italian Men A2,2023-2024,21/4/2024 ,WOW Green House Aversa,Tinet Prata di Pordenone,1,3,1-3,4,Tinet Prata di Pordenone,WOW Green House Aversa,Tinet Prata di Pordenone,TRUE
Italian Men A2,2023-2024,20/4/2024 ,Abba Pineto,Puliservice Acqua S.Bernardo Cuneo,0,3,0-3,3,Puliservice Acqua S.Bernardo Cuneo,Puliservice Acqua S.Bernardo Cuneo,Abba Pineto,FALSE
Italian Men A2,2023-2024,21/4/2024 ,Conad Reggio Emilia,Consoli Sferc Brescia,3,1,3-1,4,Conad Reggio Emilia,Consoli Sferc Brescia,Conad Reggio Emilia,TRUE
Italian Men A2,2023-2024,28/4/2024 ,Consoli Sferc Brescia,Conad Reggio Emilia,3,1,3-1,4,Consoli Sferc Brescia,Consoli Sferc Brescia,Conad Reggio Emilia,FALSE
Italian Men A2,2023-2024,1/5/2024 ,Pool Libertas Cantù,Yuasa Battery Grottazzolina,1,3,1-3,4,Yuasa Battery Grottazzolina,Pool Libertas Cantù,Yuasa Battery Grottazzolina,TRUE
Italian Men A2,2023-2024,1/5/2024 ,Tinet Prata di Pordenone,Consar Ravenna,1,3,1-3,4,Consar Ravenna,Tinet Prata di Pordenone,Consar Ravenna,TRUE
Italian Men A2,2023-2024,1/5/2024 ,Delta Group Porto Viro,Puliservice Acqua S.Bernardo Cuneo,3,1,3-1,4,Delta Group Porto Viro,Puliservice Acqua S.Bernardo Cuneo,Delta Group Porto Viro,TRUE
Italian Men A2,2023-2024,1/5/2024 ,Consoli Sferc Brescia,Emma Villas Siena,3,2,3-2,5,Consoli Sferc Brescia,Consoli Sferc Brescia,Emma Villas Siena,FALSE
Italian Men A2,2023-2024,5/5/2024 ,Yuasa Battery Grottazzolina,Pool Libertas Cantù,3,1,3-1,4,Yuasa Battery Grottazzolina,Pool Libertas Cantù,Yuasa Battery Grottazzolina,TRUE
Italian Men A2,2023-2024,5/5/2024 ,Consar Ravenna,Tinet Prata di Pordenone,3,1,3-1,4,Consar Ravenna,Consar Ravenna,Tinet Prata di Pordenone,FALSE
Italian Men A2,2023-2024,5/5/2024 ,Puliservice Acqua S.Bernardo Cuneo,Delta Group Porto Viro,1,3,1-3,4,Delta Group Porto Viro,Delta Group Porto Viro,Puliservice Acqua S.Bernardo Cuneo,FALSE
Italian Men A2,2023-2024,5/5/2024 ,Emma Villas Siena,Consoli Sferc Brescia,1,3,1-3,4,Consoli Sferc Brescia,Consoli Sferc Brescia,Emma Villas Siena,FALSE
Italian Men A2,2023-2024,12/5/2024 ,Consar Ravenna,Consoli Sferc Brescia,0,3,0-3,3,Consoli Sferc Brescia,Consoli Sferc Brescia,Consar Ravenna,FALSE
Italian Men A2,2023-2024,11/5/2024 ,Yuasa Battery Grottazzolina,Consar Ravenna,0,3,0-3,3,Consar Ravenna,Consar Ravenna,Yuasa Battery Grottazzolina,FALSE
Italian Men A2,2023-2024,11/5/2024 ,Consoli Sferc Brescia,Delta Group Porto Viro,3,1,3-1,4,Consoli Sferc Brescia,Consoli Sferc Brescia,Delta Group Porto Viro,FALSE
Italian Men A2,2023-2024,19/5/2024 ,Yuasa Battery Grottazzolina,Consoli Sferc Brescia,1,3,1-3,4,Consoli Sferc Brescia,Consoli Sferc Brescia,Yuasa Battery Grottazzolina,FALSE
Italian Men A3,2023-2024,14/10/2023 ,Monge Gerbaudo Savigliano,Stadium Mirandola,3,0,3-0,3,Monge Gerbaudo Savigliano,Monge Gerbaudo Savigliano,Stadium Mirandola,FALSE
Italian Men A3,2023-2024,15/10/2023 ,Wimore Salsomaggiore Terme,Personal Time San Donà di Piave,2,3,2-3,5,Personal Time San Donà di Piave,Wimore Salsomaggiore Terme,Personal Time San Donà di Piave,TRUE
Italian Men A3,2023-2024,14/10/2023 ,Senini Motta di Livenza,Negrini CTE Acqui Terme,1,3,1-3,4,Negrini CTE Acqui Terme,Negrini CTE Acqui Terme,Senini Motta di Livenza,FALSE
Italian Men A3,2023-2024,15/10/2023 ,Belluno Volley,CUS Cagliari,3,0,3-0,3,Belluno Volley,Belluno Volley,CUS Cagliari,FALSE
Italian Men A3,2023-2024,15/10/2023 ,Gamma Chimica Brugherio,Geetit Bologna,3,2,3-2,5,Gamma Chimica Brugherio,Geetit Bologna,Gamma Chimica Brugherio,TRUE
Italian Men A3,2023-2024,14/10/2023 ,Sarlux Sarroch,Moyashi Garlasco,3,0,3-0,3,Sarlux Sarroch,Sarlux Sarroch,Moyashi Garlasco,FALSE
Italian Men A3,2023-2024,22/10/2023 ,Moyashi Garlasco,Belluno Volley,3,1,3-1,4,Moyashi Garlasco,Belluno Volley,Moyashi Garlasco,TRUE
Italian Men A3,2023-2024,22/10/2023 ,Geetit Bologna,Senini Motta di Livenza,2,3,2-3,5,Senini Motta di Livenza,Geetit Bologna,Senini Motta di Livenza,TRUE
Italian Men A3,2023-2024,22/10/2023 ,Personal Time San Donà di Piave,Sarlux Sarroch,3,0,3-0,3,Personal Time San Donà di Piave,Personal Time San Donà di Piave,Sarlux Sarroch,FALSE
Italian Men A3,2023-2024,22/10/2023 ,CUS Cagliari,Wimore Salsomaggiore Terme,3,0,3-0,3,CUS Cagliari,CUS Cagliari,Wimore Salsomaggiore Terme,FALSE
Italian Men A3,2023-2024,22/10/2023 ,Stadium Mirandola,Gamma Chimica Brugherio,3,0,3-0,3,Stadium Mirandola,Stadium Mirandola,Gamma Chimica Brugherio,FALSE
Italian Men A3,2023-2024,21/10/2023 ,Gabbiano Mantova,Monge Gerbaudo Savigliano,3,1,3-1,4,Gabbiano Mantova,Gabbiano Mantova,Monge Gerbaudo Savigliano,FALSE
Italian Men A3,2023-2024,25/10/2023 ,Wimore Salsomaggiore Terme,Geetit Bologna,0,3,0-3,3,Geetit Bologna,Geetit Bologna,Wimore Salsomaggiore Terme,FALSE
Italian Men A3,2023-2024,28/10/2023 ,Senini Motta di Livenza,Moyashi Garlasco,3,2,3-2,5,Senini Motta di Livenza,Senini Motta di Livenza,Moyashi Garlasco,FALSE
Italian Men A3,2023-2024,29/10/2023 ,Belluno Volley,Stadium Mirandola,3,0,3-0,3,Belluno Volley,Belluno Volley,Stadium Mirandola,FALSE
Italian Men A3,2023-2024,29/10/2023 ,Gamma Chimica Brugherio,Personal Time San Donà di Piave,2,3,2-3,5,Personal Time San Donà di Piave,Personal Time San Donà di Piave,Gamma Chimica Brugherio,FALSE
Italian Men A3,2023-2024,29/10/2023 ,Negrini CTE Acqui Terme,CUS Cagliari,0,3,0-3,3,CUS Cagliari,CUS Cagliari,Negrini CTE Acqui Terme,FALSE
Italian Men A3,2023-2024,28/10/2023 ,Sarlux Sarroch,Gabbiano Mantova,1,3,1-3,4,Gabbiano Mantova,Sarlux Sarroch,Gabbiano Mantova,TRUE
Italian Men A3,2023-2024,1/11/2023 ,Monge Gerbaudo Savigliano,Gamma Chimica Brugherio,3,0,3-0,3,Monge Gerbaudo Savigliano,Monge Gerbaudo Savigliano,Gamma Chimica Brugherio,FALSE
Italian Men A3,2023-2024,1/11/2023 ,Moyashi Garlasco,Negrini CTE Acqui Terme,0,3,0-3,3,Negrini CTE Acqui Terme,Negrini CTE Acqui Terme,Moyashi Garlasco,FALSE
Italian Men A3,2023-2024,1/11/2023 ,Geetit Bologna,Sarlux Sarroch,3,2,3-2,5,Geetit Bologna,Sarlux Sarroch,Geetit Bologna,TRUE
Italian Men A3,2023-2024,1/11/2023 ,Personal Time San Donà di Piave,Belluno Volley,3,1,3-1,4,Personal Time San Donà di Piave,Personal Time San Donà di Piave,Belluno Volley,FALSE
Italian Men A3,2023-2024,1/11/2023 ,Stadium Mirandola,Senini Motta di Livenza,3,0,3-0,3,Stadium Mirandola,Stadium Mirandola,Senini Motta di Livenza,FALSE
Italian Men A3,2023-2024,1/11/2023 ,Gabbiano Mantova,Wimore Salsomaggiore Terme,3,0,3-0,3,Gabbiano Mantova,Gabbiano Mantova,Wimore Salsomaggiore Terme,FALSE
Italian Men A3,2023-2024,5/11/2023 ,Wimore Salsomaggiore Terme,Senini Motta di Livenza,1,3,1-3,4,Senini Motta di Livenza,Wimore Salsomaggiore Terme,Senini Motta di Livenza,TRUE
Italian Men A3,2023-2024,5/11/2023 ,Personal Time San Donà di Piave,Geetit Bologna,3,2,3-2,5,Personal Time San Donà di Piave,Geetit Bologna,Personal Time San Donà di Piave,TRUE
Italian Men A3,2023-2024,5/11/2023 ,Gamma Chimica Brugherio,Gabbiano Mantova,1,3,1-3,4,Gabbiano Mantova,Gabbiano Mantova,Gamma Chimica Brugherio,FALSE
Italian Men A3,2023-2024,5/11/2023 ,Negrini CTE Acqui Terme,Stadium Mirandola,3,0,3-0,3,Negrini CTE Acqui Terme,Negrini CTE Acqui Terme,Stadium Mirandola,FALSE
Italian Men A3,2023-2024,4/11/2023 ,Sarlux Sarroch,Monge Gerbaudo Savigliano,2,3,2-3,5,Monge Gerbaudo Savigliano,Monge Gerbaudo Savigliano,Sarlux Sarroch,FALSE
Italian Men A3,2023-2024,5/11/2023 ,CUS Cagliari,Moyashi Garlasco,3,0,3-0,3,CUS Cagliari,CUS Cagliari,Moyashi Garlasco,FALSE
Italian Men A3,2023-2024,12/11/2023 ,Moyashi Garlasco,Personal Time San Donà di Piave,0,3,0-3,3,Personal Time San Donà di Piave,Personal Time San Donà di Piave,Moyashi Garlasco,FALSE
Italian Men A3,2023-2024,11/11/2023 ,Senini Motta di Livenza,Sarlux Sarroch,3,2,3-2,5,Senini Motta di Livenza,Senini Motta di Livenza,Sarlux Sarroch,FALSE
Italian Men A3,2023-2024,12/11/2023 ,Geetit Bologna,Monge Gerbaudo Savigliano,1,3,1-3,4,Monge Gerbaudo Savigliano,Monge Gerbaudo Savigliano,Geetit Bologna,FALSE
Italian Men A3,2023-2024,12/11/2023 ,Belluno Volley,Wimore Salsomaggiore Terme,3,1,3-1,4,Belluno Volley,Belluno Volley,Wimore Salsomaggiore Terme,FALSE
Italian Men A3,2023-2024,12/11/2023 ,Negrini CTE Acqui Terme,Gamma Chimica Brugherio,3,0,3-0,3,Negrini CTE Acqui Terme,Negrini CTE Acqui Terme,Gamma Chimica Brugherio,FALSE
Italian Men A3,2023-2024,12/11/2023 ,CUS Cagliari,Gabbiano Mantova,1,3,1-3,4,Gabbiano Mantova,Gabbiano Mantova,CUS Cagliari,FALSE
Italian Men A3,2023-2024,18/11/2023 ,Monge Gerbaudo Savigliano,CUS Cagliari,2,3,2-3,5,CUS Cagliari,CUS Cagliari,Monge Gerbaudo Savigliano,FALSE
Italian Men A3,2023-2024,19/11/2023 ,Personal Time San Donà di Piave,Negrini CTE Acqui Terme,3,1,3-1,4,Personal Time San Donà di Piave,Personal Time San Donà di Piave,Negrini CTE Acqui Terme,FALSE
Italian Men A3,2023-2024,18/11/2023 ,Gamma Chimica Brugherio,Senini Motta di Livenza,3,1,3-1,4,Gamma Chimica Brugherio,Gamma Chimica Brugherio,Senini Motta di Livenza,FALSE
Italian Men A3,2023-2024,18/11/2023 ,Sarlux Sarroch,Belluno Volley,2,3,2-3,5,Belluno Volley,Sarlux Sarroch,Belluno Volley,TRUE
Italian Men A3,2023-2024,19/11/2023 ,Stadium Mirandola,Geetit Bologna,3,1,3-1,4,Stadium Mirandola,Stadium Mirandola,Geetit Bologna,FALSE
Italian Men A3,2023-2024,18/11/2023 ,Gabbiano Mantova,Moyashi Garlasco,3,0,3-0,3,Gabbiano Mantova,Gabbiano Mantova,Moyashi Garlasco,FALSE
Italian Men A3,2023-2024,25/11/2023 ,Moyashi Garlasco,Wimore Salsomaggiore Terme,3,0,3-0,3,Moyashi Garlasco,Moyashi Garlasco,Wimore Salsomaggiore Terme,FALSE
Italian Men A3,2023-2024,25/11/2023 ,Senini Motta di Livenza,Monge Gerbaudo Savigliano,3,1,3-1,4,Senini Motta di Livenza,Senini Motta di Livenza,Monge Gerbaudo Savigliano,FALSE
Italian Men A3,2023-2024,26/11/2023 ,Belluno Volley,Gamma Chimica Brugherio,3,0,3-0,3,Belluno Volley,Belluno Volley,Gamma Chimica Brugherio,FALSE
Italian Men A3,2023-2024,26/11/2023 ,Negrini CTE Acqui Terme,Sarlux Sarroch,3,0,3-0,3,Negrini CTE Acqui Terme,Negrini CTE Acqui Terme,Sarlux Sarroch,FALSE
Italian Men A3,2023-2024,26/11/2023 ,CUS Cagliari,Personal Time San Donà di Piave,0,3,0-3,3,Personal Time San Donà di Piave,Personal Time San Donà di Piave,CUS Cagliari,FALSE
Italian Men A3,2023-2024,26/11/2023 ,Stadium Mirandola,Gabbiano Mantova,0,3,0-3,3,Gabbiano Mantova,Gabbiano Mantova,Stadium Mirandola,FALSE
Italian Men A3,2023-2024,2/12/2023 ,Monge Gerbaudo Savigliano,Belluno Volley,2,3,2-3,5,Belluno Volley,Monge Gerbaudo Savigliano,Belluno Volley,TRUE
Italian Men A3,2023-2024,3/12/2023 ,Wimore Salsomaggiore Terme,Gamma Chimica Brugherio,3,1,3-1,4,Wimore Salsomaggiore Terme,Wimore Salsomaggiore Terme,Gamma Chimica Brugherio,FALSE
Italian Men A3,2023-2024,2/12/2023 ,Geetit Bologna,CUS Cagliari,1,3,1-3,4,CUS Cagliari,Geetit Bologna,CUS Cagliari,TRUE
Italian Men A3,2023-2024,2/12/2023 ,Personal Time San Donà di Piave,Senini Motta di Livenza,3,1,3-1,4,Personal Time San Donà di Piave,Personal Time San Donà di Piave,Senini Motta di Livenza,FALSE
Italian Men A3,2023-2024,2/12/2023 ,Sarlux Sarroch,Stadium Mirandola,3,0,3-0,3,Sarlux Sarroch,Sarlux Sarroch,Stadium Mirandola,FALSE
Italian Men A3,2023-2024,2/12/2023 ,Gabbiano Mantova,Negrini CTE Acqui Terme,3,1,3-1,4,Gabbiano Mantova,Gabbiano Mantova,Negrini CTE Acqui Terme,FALSE
Italian Men A3,2023-2024,7/12/2023 ,Monge Gerbaudo Savigliano,Moyashi Garlasco,3,0,3-0,3,Monge Gerbaudo Savigliano,Monge Gerbaudo Savigliano,Moyashi Garlasco,FALSE
Italian Men A3,2023-2024,7/12/2023 ,Senini Motta di Livenza,Gabbiano Mantova,2,3,2-3,5,Gabbiano Mantova,Gabbiano Mantova,Senini Motta di Livenza,FALSE
Italian Men A3,2023-2024,7/12/2023 ,Belluno Volley,Geetit Bologna,3,0,3-0,3,Belluno Volley,Belluno Volley,Geetit Bologna,FALSE
Italian Men A3,2023-2024,7/12/2023 ,Gamma Chimica Brugherio,CUS Cagliari,3,2,3-2,5,Gamma Chimica Brugherio,CUS Cagliari,Gamma Chimica Brugherio,TRUE
Italian Men A3,2023-2024,7/12/2023 ,Negrini CTE Acqui Terme,Wimore Salsomaggiore Terme,3,1,3-1,4,Negrini CTE Acqui Terme,Negrini CTE Acqui Terme,Wimore Salsomaggiore Terme,FALSE
Italian Men A3,2023-2024,7/12/2023 ,Stadium Mirandola,Personal Time San Donà di Piave,0,3,0-3,3,Personal Time San Donà di Piave,Personal Time San Donà di Piave,Stadium Mirandola,FALSE
Italian Men A3,2023-2024,10/12/2023 ,Moyashi Garlasco,Stadium Mirandola,3,1,3-1,4,Moyashi Garlasco,Stadium Mirandola,Moyashi Garlasco,TRUE
Italian Men A3,2023-2024,10/12/2023 ,Wimore Salsomaggiore Terme,Sarlux Sarroch,2,3,2-3,5,Sarlux Sarroch,Wimore Salsomaggiore Terme,Sarlux Sarroch,TRUE
Italian Men A3,2023-2024,10/12/2023 ,Geetit Bologna,Negrini CTE Acqui Terme,2,3,2-3,5,Negrini CTE Acqui Terme,Geetit Bologna,Negrini CTE Acqui Terme,TRUE
Italian Men A3,2023-2024,10/12/2023 ,Personal Time San Donà di Piave,Monge Gerbaudo Savigliano,1,3,1-3,4,Monge Gerbaudo Savigliano,Monge Gerbaudo Savigliano,Personal Time San Donà di Piave,FALSE
Italian Men A3,2023-2024,10/12/2023 ,CUS Cagliari,Senini Motta di Livenza,3,0,3-0,3,CUS Cagliari,CUS Cagliari,Senini Motta di Livenza,FALSE
Italian Men A3,2023-2024,10/12/2023 ,Gabbiano Mantova,Belluno Volley,3,0,3-0,3,Gabbiano Mantova,Gabbiano Mantova,Belluno Volley,FALSE
Italian Men A3,2023-2024,16/12/2023 ,Monge Gerbaudo Savigliano,Wimore Salsomaggiore Terme,3,0,3-0,3,Monge Gerbaudo Savigliano,Monge Gerbaudo Savigliano,Wimore Salsomaggiore Terme,FALSE
Italian Men A3,2023-2024,17/12/2023 ,Moyashi Garlasco,Geetit Bologna,1,3,1-3,4,Geetit Bologna,Geetit Bologna,Moyashi Garlasco,FALSE
Italian Men A3,2023-2024,17/12/2023 ,Belluno Volley,Negrini CTE Acqui Terme,1,3,1-3,4,Negrini CTE Acqui Terme,Negrini CTE Acqui Terme,Belluno Volley,FALSE
Italian Men A3,2023-2024,16/12/2023 ,Sarlux Sarroch,Gamma Chimica Brugherio,0,3,0-3,3,Gamma Chimica Brugherio,Gamma Chimica Brugherio,Sarlux Sarroch,FALSE
Italian Men A3,2023-2024,16/12/2023 ,Stadium Mirandola,CUS Cagliari,0,3,0-3,3,CUS Cagliari,CUS Cagliari,Stadium Mirandola,FALSE
Italian Men A3,2023-2024,16/12/2023 ,Gabbiano Mantova,Personal Time San Donà di Piave,3,0,3-0,3,Gabbiano Mantova,Gabbiano Mantova,Personal Time San Donà di Piave,FALSE
Italian Men A3,2023-2024,26/12/2023 ,Wimore Salsomaggiore Terme,Stadium Mirandola,2,3,2-3,5,Stadium Mirandola,Stadium Mirandola,Wimore Salsomaggiore Terme,FALSE
Italian Men A3,2023-2024,26/12/2023 ,Senini Motta di Livenza,Belluno Volley,3,0,3-0,3,Senini Motta di Livenza,Senini Motta di Livenza,Belluno Volley,FALSE
Italian Men A3,2023-2024,26/12/2023 ,Geetit Bologna,Gabbiano Mantova,0,3,0-3,3,Gabbiano Mantova,Gabbiano Mantova,Geetit Bologna,FALSE
Italian Men A3,2023-2024,26/12/2023 ,Gamma Chimica Brugherio,Moyashi Garlasco,3,0,3-0,3,Gamma Chimica Brugherio,Gamma Chimica Brugherio,Moyashi Garlasco,FALSE
Italian Men A3,2023-2024,26/12/2023 ,Negrini CTE Acqui Terme,Monge Gerbaudo Savigliano,1,3,1-3,4,Monge Gerbaudo Savigliano,Monge Gerbaudo Savigliano,Negrini CTE Acqui Terme,FALSE
Italian Men A3,2023-2024,26/12/2023 ,CUS Cagliari,Sarlux Sarroch,3,1,3-1,4,CUS Cagliari,Sarlux Sarroch,CUS Cagliari,TRUE
Italian Men A3,2023-2024,30/12/2023 ,Stadium Mirandola,Monge Gerbaudo Savigliano,0,3,0-3,3,Monge Gerbaudo Savigliano,Monge Gerbaudo Savigliano,Stadium Mirandola,FALSE
Italian Men A3,2023-2024,30/12/2023 ,Personal Time San Donà di Piave,Wimore Salsomaggiore Terme,3,1,3-1,4,Personal Time San Donà di Piave,Personal Time San Donà di Piave,Wimore Salsomaggiore Terme,FALSE
Italian Men A3,2023-2024,30/12/2023 ,Negrini CTE Acqui Terme,Senini Motta di Livenza,3,1,3-1,4,Negrini CTE Acqui Terme,Negrini CTE Acqui Terme,Senini Motta di Livenza,FALSE
Italian Men A3,2023-2024,30/12/2023 ,CUS Cagliari,Belluno Volley,1,3,1-3,4,Belluno Volley,Belluno Volley,CUS Cagliari,FALSE
Italian Men A3,2023-2024,30/12/2023 ,Geetit Bologna,Gamma Chimica Brugherio,2,3,2-3,5,Gamma Chimica Brugherio,Gamma Chimica Brugherio,Geetit Bologna,FALSE
Italian Men A3,2023-2024,30/12/2023 ,Moyashi Garlasco,Sarlux Sarroch,2,3,2-3,5,Sarlux Sarroch,Sarlux Sarroch,Moyashi Garlasco,FALSE
Italian Men A3,2023-2024,7/1/2024 ,Belluno Volley,Moyashi Garlasco,3,0,3-0,3,Belluno Volley,Belluno Volley,Moyashi Garlasco,FALSE
Italian Men A3,2023-2024,6/1/2024 ,Senini Motta di Livenza,Geetit Bologna,3,0,3-0,3,Senini Motta di Livenza,Senini Motta di Livenza,Geetit Bologna,FALSE
Italian Men A3,2023-2024,6/1/2024 ,Sarlux Sarroch,Personal Time San Donà di Piave,2,3,2-3,5,Personal Time San Donà di Piave,Sarlux Sarroch,Personal Time San Donà di Piave,TRUE
Italian Men A3,2023-2024,7/1/2024 ,Wimore Salsomaggiore Terme,CUS Cagliari,0,3,0-3,3,CUS Cagliari,CUS Cagliari,Wimore Salsomaggiore Terme,FALSE
Italian Men A3,2023-2024,31/1/2024 ,Gamma Chimica Brugherio,Stadium Mirandola,3,2,3-2,5,Gamma Chimica Brugherio,Stadium Mirandola,Gamma Chimica Brugherio,TRUE
Italian Men A3,2023-2024,6/1/2024 ,Monge Gerbaudo Savigliano,Gabbiano Mantova,3,1,3-1,4,Monge Gerbaudo Savigliano,Gabbiano Mantova,Monge Gerbaudo Savigliano,TRUE
Italian Men A3,2023-2024,14/1/2024 ,Geetit Bologna,Wimore Salsomaggiore Terme,3,2,3-2,5,Geetit Bologna,Wimore Salsomaggiore Terme,Geetit Bologna,TRUE
Italian Men A3,2023-2024,14/1/2024 ,Moyashi Garlasco,Senini Motta di Livenza,1,3,1-3,4,Senini Motta di Livenza,Moyashi Garlasco,Senini Motta di Livenza,TRUE
Italian Men A3,2023-2024,14/1/2024 ,Stadium Mirandola,Belluno Volley,3,0,3-0,3,Stadium Mirandola,Stadium Mirandola,Belluno Volley,FALSE
Italian Men A3,2023-2024,18/1/2024 ,Personal Time San Donà di Piave,Gamma Chimica Brugherio,3,0,3-0,3,Personal Time San Donà di Piave,Personal Time San Donà di Piave,Gamma Chimica Brugherio,FALSE
Italian Men A3,2023-2024,14/1/2024 ,CUS Cagliari,Negrini CTE Acqui Terme,3,0,3-0,3,CUS Cagliari,CUS Cagliari,Negrini CTE Acqui Terme,FALSE
Italian Men A3,2023-2024,13/1/2024 ,Gabbiano Mantova,Sarlux Sarroch,3,1,3-1,4,Gabbiano Mantova,Gabbiano Mantova,Sarlux Sarroch,FALSE
Italian Men A3,2023-2024,21/1/2024 ,Gamma Chimica Brugherio,Monge Gerbaudo Savigliano,3,2,3-2,5,Gamma Chimica Brugherio,Gamma Chimica Brugherio,Monge Gerbaudo Savigliano,FALSE
Italian Men A3,2023-2024,21/1/2024 ,Negrini CTE Acqui Terme,Moyashi Garlasco,2,3,2-3,5,Moyashi Garlasco,Negrini CTE Acqui Terme,Moyashi Garlasco,TRUE
Italian Men A3,2023-2024,20/1/2024 ,Sarlux Sarroch,Geetit Bologna,3,1,3-1,4,Sarlux Sarroch,Sarlux Sarroch,Geetit Bologna,FALSE
Italian Men A3,2023-2024,21/1/2024 ,Belluno Volley,Personal Time San Donà di Piave,3,0,3-0,3,Belluno Volley,Belluno Volley,Personal Time San Donà di Piave,FALSE
Italian Men A3,2023-2024,20/1/2024 ,Senini Motta di Livenza,Stadium Mirandola,3,0,3-0,3,Senini Motta di Livenza,Senini Motta di Livenza,Stadium Mirandola,FALSE
Italian Men A3,2023-2024,21/1/2024 ,Wimore Salsomaggiore Terme,Gabbiano Mantova,1,3,1-3,4,Gabbiano Mantova,Wimore Salsomaggiore Terme,Gabbiano Mantova,TRUE
Italian Men A3,2023-2024,27/1/2024 ,Senini Motta di Livenza,Wimore Salsomaggiore Terme,3,1,3-1,4,Senini Motta di Livenza,Senini Motta di Livenza,Wimore Salsomaggiore Terme,FALSE
Italian Men A3,2023-2024,28/1/2024 ,Geetit Bologna,Personal Time San Donà di Piave,2,3,2-3,5,Personal Time San Donà di Piave,Geetit Bologna,Personal Time San Donà di Piave,TRUE
Italian Men A3,2023-2024,27/1/2024 ,Gabbiano Mantova,Gamma Chimica Brugherio,3,2,3-2,5,Gabbiano Mantova,Gamma Chimica Brugherio,Gabbiano Mantova,TRUE
Italian Men A3,2023-2024,28/1/2024 ,Stadium Mirandola,Negrini CTE Acqui Terme,1,3,1-3,4,Negrini CTE Acqui Terme,Stadium Mirandola,Negrini CTE Acqui Terme,TRUE
Italian Men A3,2023-2024,27/1/2024 ,Monge Gerbaudo Savigliano,Sarlux Sarroch,1,3,1-3,4,Sarlux Sarroch,Monge Gerbaudo Savigliano,Sarlux Sarroch,TRUE
Italian Men A3,2023-2024,28/1/2024 ,Moyashi Garlasco,CUS Cagliari,3,1,3-1,4,Moyashi Garlasco,Moyashi Garlasco,CUS Cagliari,FALSE
Italian Men A3,2023-2024,4/2/2024 ,Personal Time San Donà di Piave,Moyashi Garlasco,2,3,2-3,5,Moyashi Garlasco,Personal Time San Donà di Piave,Moyashi Garlasco,TRUE
Italian Men A3,2023-2024,3/2/2024 ,Sarlux Sarroch,Senini Motta di Livenza,3,1,3-1,4,Sarlux Sarroch,Sarlux Sarroch,Senini Motta di Livenza,FALSE
Italian Men A3,2023-2024,3/2/2024 ,Monge Gerbaudo Savigliano,Geetit Bologna,2,3,2-3,5,Geetit Bologna,Geetit Bologna,Monge Gerbaudo Savigliano,FALSE
Italian Men A3,2023-2024,4/2/2024 ,Wimore Salsomaggiore Terme,Belluno Volley,1,3,1-3,4,Belluno Volley,Belluno Volley,Wimore Salsomaggiore Terme,FALSE
Italian Men A3,2023-2024,4/2/2024 ,Gamma Chimica Brugherio,Negrini CTE Acqui Terme,2,3,2-3,5,Negrini CTE Acqui Terme,Gamma Chimica Brugherio,Negrini CTE Acqui Terme,TRUE
Italian Men A3,2023-2024,3/2/2024 ,Gabbiano Mantova,CUS Cagliari,3,1,3-1,4,Gabbiano Mantova,CUS Cagliari,Gabbiano Mantova,TRUE
Italian Men A3,2023-2024,10/2/2024 ,CUS Cagliari,Monge Gerbaudo Savigliano,3,1,3-1,4,CUS Cagliari,CUS Cagliari,Monge Gerbaudo Savigliano,FALSE
Italian Men A3,2023-2024,11/2/2024 ,Negrini CTE Acqui Terme,Personal Time San Donà di Piave,1,3,1-3,4,Personal Time San Donà di Piave,Personal Time San Donà di Piave,Negrini CTE Acqui Terme,FALSE
Italian Men A3,2023-2024,10/2/2024 ,Senini Motta di Livenza,Gamma Chimica Brugherio,3,0,3-0,3,Senini Motta di Livenza,Senini Motta di Livenza,Gamma Chimica Brugherio,FALSE
Italian Men A3,2023-2024,10/2/2024 ,Belluno Volley,Sarlux Sarroch,3,0,3-0,3,Belluno Volley,Belluno Volley,Sarlux Sarroch,FALSE
Italian Men A3,2023-2024,10/2/2024 ,Geetit Bologna,Stadium Mirandola,3,0,3-0,3,Geetit Bologna,Geetit Bologna,Stadium Mirandola,FALSE
Italian Men A3,2023-2024,11/2/2024 ,Moyashi Garlasco,Gabbiano Mantova,3,2,3-2,5,Moyashi Garlasco,Moyashi Garlasco,Gabbiano Mantova,FALSE
Italian Men A3,2023-2024,18/2/2024 ,Wimore Salsomaggiore Terme,Moyashi Garlasco,2,3,2-3,5,Moyashi Garlasco,Wimore Salsomaggiore Terme,Moyashi Garlasco,TRUE
Italian Men A3,2023-2024,17/2/2024 ,Monge Gerbaudo Savigliano,Senini Motta di Livenza,0,3,0-3,3,Senini Motta di Livenza,Senini Motta di Livenza,Monge Gerbaudo Savigliano,FALSE
Italian Men A3,2023-2024,18/2/2024 ,Gamma Chimica Brugherio,Belluno Volley,2,3,2-3,5,Belluno Volley,Belluno Volley,Gamma Chimica Brugherio,FALSE
Italian Men A3,2023-2024,17/2/2024 ,Sarlux Sarroch,Negrini CTE Acqui Terme,3,1,3-1,4,Sarlux Sarroch,Sarlux Sarroch,Negrini CTE Acqui Terme,FALSE
Italian Men A3,2023-2024,19/2/2024 ,Personal Time San Donà di Piave,CUS Cagliari,3,0,3-0,3,Personal Time San Donà di Piave,Personal Time San Donà di Piave,CUS Cagliari,FALSE
Italian Men A3,2023-2024,17/2/2024 ,Gabbiano Mantova,Stadium Mirandola,3,1,3-1,4,Gabbiano Mantova,Stadium Mirandola,Gabbiano Mantova,TRUE
Italian Men A3,2023-2024,25/2/2024 ,Belluno Volley,Monge Gerbaudo Savigliano,3,1,3-1,4,Belluno Volley,Monge Gerbaudo Savigliano,Belluno Volley,TRUE
Italian Men A3,2023-2024,25/2/2024 ,Gamma Chimica Brugherio,Wimore Salsomaggiore Terme,3,0,3-0,3,Gamma Chimica Brugherio,Gamma Chimica Brugherio,Wimore Salsomaggiore Terme,FALSE
Italian Men A3,2023-2024,25/2/2024 ,CUS Cagliari,Geetit Bologna,1,3,1-3,4,Geetit Bologna,CUS Cagliari,Geetit Bologna,TRUE
Italian Men A3,2023-2024,24/2/2024 ,Senini Motta di Livenza,Personal Time San Donà di Piave,3,1,3-1,4,Senini Motta di Livenza,Senini Motta di Livenza,Personal Time San Donà di Piave,FALSE
Italian Men A3,2023-2024,25/2/2024 ,Stadium Mirandola,Sarlux Sarroch,3,1,3-1,4,Stadium Mirandola,Stadium Mirandola,Sarlux Sarroch,FALSE
Italian Men A3,2023-2024,24/2/2024 ,Negrini CTE Acqui Terme,Gabbiano Mantova,2,3,2-3,5,Gabbiano Mantova,Gabbiano Mantova,Negrini CTE Acqui Terme,FALSE
Italian Men A3,2023-2024,28/2/2024 ,Moyashi Garlasco,Monge Gerbaudo Savigliano,0,3,0-3,3,Monge Gerbaudo Savigliano,Monge Gerbaudo Savigliano,Moyashi Garlasco,FALSE
Italian Men A3,2023-2024,28/2/2024 ,Gabbiano Mantova,Senini Motta di Livenza,0,3,0-3,3,Senini Motta di Livenza,Senini Motta di Livenza,Gabbiano Mantova,FALSE
Italian Men A3,2023-2024,28/2/2024 ,Geetit Bologna,Belluno Volley,2,3,2-3,5,Belluno Volley,Geetit Bologna,Belluno Volley,TRUE
Italian Men A3,2023-2024,28/2/2024 ,CUS Cagliari,Gamma Chimica Brugherio,1,3,1-3,4,Gamma Chimica Brugherio,CUS Cagliari,Gamma Chimica Brugherio,TRUE
Italian Men A3,2023-2024,28/2/2024 ,Wimore Salsomaggiore Terme,Negrini CTE Acqui Terme,3,1,3-1,4,Wimore Salsomaggiore Terme,Wimore Salsomaggiore Terme,Negrini CTE Acqui Terme,FALSE
Italian Men A3,2023-2024,28/2/2024 ,Personal Time San Donà di Piave,Stadium Mirandola,3,0,3-0,3,Personal Time San Donà di Piave,Personal Time San Donà di Piave,Stadium Mirandola,FALSE
Italian Men A3,2023-2024,10/3/2024 ,Stadium Mirandola,Moyashi Garlasco,3,1,3-1,4,Stadium Mirandola,Stadium Mirandola,Moyashi Garlasco,FALSE
Italian Men A3,2023-2024,9/3/2024 ,Sarlux Sarroch,Wimore Salsomaggiore Terme,1,3,1-3,4,Wimore Salsomaggiore Terme,Sarlux Sarroch,Wimore Salsomaggiore Terme,TRUE
Italian Men A3,2023-2024,10/3/2024 ,Negrini CTE Acqui Terme,Geetit Bologna,3,1,3-1,4,Negrini CTE Acqui Terme,Negrini CTE Acqui Terme,Geetit Bologna,FALSE
Italian Men A3,2023-2024,9/3/2024 ,Monge Gerbaudo Savigliano,Personal Time San Donà di Piave,3,0,3-0,3,Monge Gerbaudo Savigliano,Monge Gerbaudo Savigliano,Personal Time San Donà di Piave,FALSE
Italian Men A3,2023-2024,9/3/2024 ,Senini Motta di Livenza,CUS Cagliari,3,0,3-0,3,Senini Motta di Livenza,Senini Motta di Livenza,CUS Cagliari,FALSE
Italian Men A3,2023-2024,10/3/2024 ,Belluno Volley,Gabbiano Mantova,0,3,0-3,3,Gabbiano Mantova,Gabbiano Mantova,Belluno Volley,FALSE
Italian Men A3,2023-2024,16/3/2024 ,Wimore Salsomaggiore Terme,Monge Gerbaudo Savigliano,2,3,2-3,5,Monge Gerbaudo Savigliano,Monge Gerbaudo Savigliano,Wimore Salsomaggiore Terme,FALSE
Italian Men A3,2023-2024,17/3/2024 ,Geetit Bologna,Moyashi Garlasco,3,1,3-1,4,Geetit Bologna,Geetit Bologna,Moyashi Garlasco,FALSE
Italian Men A3,2023-2024,17/3/2024 ,Negrini CTE Acqui Terme,Belluno Volley,0,3,0-3,3,Belluno Volley,Belluno Volley,Negrini CTE Acqui Terme,FALSE
Italian Men A3,2023-2024,17/3/2024 ,Gamma Chimica Brugherio,Sarlux Sarroch,3,0,3-0,3,Gamma Chimica Brugherio,Gamma Chimica Brugherio,Sarlux Sarroch,FALSE
Italian Men A3,2023-2024,17/3/2024 ,CUS Cagliari,Stadium Mirandola,3,0,3-0,3,CUS Cagliari,CUS Cagliari,Stadium Mirandola,FALSE
Italian Men A3,2023-2024,17/3/2024 ,Personal Time San Donà di Piave,Gabbiano Mantova,0,3,0-3,3,Gabbiano Mantova,Gabbiano Mantova,Personal Time San Donà di Piave,FALSE
Italian Men A3,2023-2024,24/3/2024 ,Stadium Mirandola,Wimore Salsomaggiore Terme,3,0,3-0,3,Stadium Mirandola,Stadium Mirandola,Wimore Salsomaggiore Terme,FALSE
Italian Men A3,2023-2024,24/3/2024 ,Belluno Volley,Senini Motta di Livenza,3,0,3-0,3,Belluno Volley,Belluno Volley,Senini Motta di Livenza,FALSE
Italian Men A3,2023-2024,24/3/2024 ,Gabbiano Mantova,Geetit Bologna,3,1,3-1,4,Gabbiano Mantova,Gabbiano Mantova,Geetit Bologna,FALSE
Italian Men A3,2023-2024,24/3/2024 ,Moyashi Garlasco,Gamma Chimica Brugherio,2,3,2-3,5,Gamma Chimica Brugherio,Gamma Chimica Brugherio,Moyashi Garlasco,FALSE
Italian Men A3,2023-2024,24/3/2024 ,Monge Gerbaudo Savigliano,Negrini CTE Acqui Terme,3,0,3-0,3,Monge Gerbaudo Savigliano,Monge Gerbaudo Savigliano,Negrini CTE Acqui Terme,FALSE
Italian Men A3,2023-2024,24/3/2024 ,Sarlux Sarroch,CUS Cagliari,3,1,3-1,4,Sarlux Sarroch,CUS Cagliari,Sarlux Sarroch,TRUE
Italian Men A3,2023-2024,15/10/2023 ,Banca Macerata,Just British Bari,3,1,3-1,4,Banca Macerata,Banca Macerata,Just British Bari,FALSE
Italian Men A3,2023-2024,15/10/2023 ,Aurispa DelCar Lecce,Smartsystem Fano,0,3,0-3,3,Smartsystem Fano,Smartsystem Fano,Aurispa DelCar Lecce,FALSE
Italian Men A3,2023-2024,15/10/2023 ,Erm Group San Giustino,Leo Shoes Casarano,3,0,3-0,3,Erm Group San Giustino,Erm Group San Giustino,Leo Shoes Casarano,FALSE
Italian Men A3,2023-2024,15/10/2023 ,Avimecc Modica,Rinascita Lagonegro,1,3,1-3,4,Rinascita Lagonegro,Rinascita Lagonegro,Avimecc Modica,FALSE
Italian Men A3,2023-2024,15/10/2023 ,QuantWare Napoli,Tim Montaggi Marcianise,3,0,3-0,3,QuantWare Napoli,QuantWare Napoli,Tim Montaggi Marcianise,FALSE
Italian Men A3,2023-2024,15/10/2023 ,Plus Volleyball Sabaudia,Shedirpharma Sorrento,2,3,2-3,5,Shedirpharma Sorrento,Plus Volleyball Sabaudia,Shedirpharma Sorrento,TRUE
Italian Men A3,2023-2024,22/10/2023 ,Smartsystem Fano,QuantWare Napoli,3,2,3-2,5,Smartsystem Fano,Smartsystem Fano,QuantWare Napoli,FALSE
Italian Men A3,2023-2024,21/10/2023 ,OmiFer Palmi,Aurispa DelCar Lecce,1,3,1-3,4,Aurispa DelCar Lecce,Aurispa DelCar Lecce,OmiFer Palmi,FALSE
Italian Men A3,2023-2024,22/10/2023 ,Rinascita Lagonegro,Erm Group San Giustino,3,0,3-0,3,Rinascita Lagonegro,Rinascita Lagonegro,Erm Group San Giustino,FALSE
Italian Men A3,2023-2024,22/10/2023 ,Leo Shoes Casarano,Banca Macerata,0,3,0-3,3,Banca Macerata,Banca Macerata,Leo Shoes Casarano,FALSE
Italian Men A3,2023-2024,21/10/2023 ,Just British Bari,Plus Volleyball Sabaudia,2,3,2-3,5,Plus Volleyball Sabaudia,Plus Volleyball Sabaudia,Just British Bari,FALSE
Italian Men A3,2023-2024,22/10/2023 ,Shedirpharma Sorrento,Avimecc Modica,3,2,3-2,5,Shedirpharma Sorrento,Avimecc Modica,Shedirpharma Sorrento,TRUE
Italian Men A3,2023-2024,29/10/2023 ,Banca Macerata,QuantWare Napoli,3,2,3-2,5,Banca Macerata,QuantWare Napoli,Banca Macerata,TRUE
Italian Men A3,2023-2024,29/10/2023 ,Aurispa DelCar Lecce,Rinascita Lagonegro,3,2,3-2,5,Aurispa DelCar Lecce,Rinascita Lagonegro,Aurispa DelCar Lecce,TRUE
Italian Men A3,2023-2024,28/10/2023 ,Just British Bari,Smartsystem Fano,2,3,2-3,5,Smartsystem Fano,Just British Bari,Smartsystem Fano,TRUE
Italian Men A3,2023-2024,29/10/2023 ,Avimecc Modica,Erm Group San Giustino,3,2,3-2,5,Avimecc Modica,Avimecc Modica,Erm Group San Giustino,FALSE
Italian Men A3,2023-2024,29/10/2023 ,Tim Montaggi Marcianise,Leo Shoes Casarano,3,0,3-0,3,Tim Montaggi Marcianise,Tim Montaggi Marcianise,Leo Shoes Casarano,FALSE
Italian Men A3,2023-2024,29/10/2023 ,Plus Volleyball Sabaudia,OmiFer Palmi,2,3,2-3,5,OmiFer Palmi,Plus Volleyball Sabaudia,OmiFer Palmi,TRUE
Italian Men A3,2023-2024,1/11/2023 ,Smartsystem Fano,Plus Volleyball Sabaudia,3,0,3-0,3,Smartsystem Fano,Smartsystem Fano,Plus Volleyball Sabaudia,FALSE
Italian Men A3,2023-2024,1/11/2023 ,OmiFer Palmi,Tim Montaggi Marcianise,3,2,3-2,5,OmiFer Palmi,OmiFer Palmi,Tim Montaggi Marcianise,FALSE
Italian Men A3,2023-2024,1/11/2023 ,Rinascita Lagonegro,Shedirpharma Sorrento,3,2,3-2,5,Rinascita Lagonegro,Shedirpharma Sorrento,Rinascita Lagonegro,TRUE
Italian Men A3,2023-2024,1/11/2023 ,Leo Shoes Casarano,Just British Bari,3,1,3-1,4,Leo Shoes Casarano,Just British Bari,Leo Shoes Casarano,TRUE
Italian Men A3,2023-2024,1/11/2023 ,Erm Group San Giustino,Banca Macerata,3,2,3-2,5,Erm Group San Giustino,Erm Group San Giustino,Banca Macerata,FALSE
Italian Men A3,2023-2024,1/11/2023 ,QuantWare Napoli,Avimecc Modica,3,0,3-0,3,QuantWare Napoli,QuantWare Napoli,Avimecc Modica,FALSE
Italian Men A3,2023-2024,5/11/2023 ,Banca Macerata,OmiFer Palmi,3,0,3-0,3,Banca Macerata,Banca Macerata,OmiFer Palmi,FALSE
Italian Men A3,2023-2024,5/11/2023 ,Leo Shoes Casarano,QuantWare Napoli,3,0,3-0,3,Leo Shoes Casarano,Leo Shoes Casarano,QuantWare Napoli,FALSE
Italian Men A3,2023-2024,4/11/2023 ,Just British Bari,Erm Group San Giustino,2,3,2-3,5,Erm Group San Giustino,Erm Group San Giustino,Just British Bari,FALSE
Italian Men A3,2023-2024,5/11/2023 ,Avimecc Modica,Aurispa DelCar Lecce,3,1,3-1,4,Avimecc Modica,Avimecc Modica,Aurispa DelCar Lecce,FALSE
Italian Men A3,2023-2024,5/11/2023 ,Shedirpharma Sorrento,Smartsystem Fano,3,1,3-1,4,Shedirpharma Sorrento,Shedirpharma Sorrento,Smartsystem Fano,FALSE
Italian Men A3,2023-2024,5/11/2023 ,Tim Montaggi Marcianise,Rinascita Lagonegro,2,3,2-3,5,Rinascita Lagonegro,Tim Montaggi Marcianise,Rinascita Lagonegro,TRUE
Italian Men A3,2023-2024,12/11/2023 ,Smartsystem Fano,Leo Shoes Casarano,3,0,3-0,3,Smartsystem Fano,Smartsystem Fano,Leo Shoes Casarano,FALSE
Italian Men A3,2023-2024,12/11/2023 ,OmiFer Palmi,Just British Bari,2,3,2-3,5,Just British Bari,OmiFer Palmi,Just British Bari,TRUE
Italian Men A3,2023-2024,12/11/2023 ,Rinascita Lagonegro,Banca Macerata,2,3,2-3,5,Banca Macerata,Banca Macerata,Rinascita Lagonegro,FALSE
Italian Men A3,2023-2024,12/11/2023 ,Aurispa DelCar Lecce,Shedirpharma Sorrento,3,0,3-0,3,Aurispa DelCar Lecce,Aurispa DelCar Lecce,Shedirpharma Sorrento,FALSE
Italian Men A3,2023-2024,11/11/2023 ,Erm Group San Giustino,Tim Montaggi Marcianise,3,0,3-0,3,Erm Group San Giustino,Erm Group San Giustino,Tim Montaggi Marcianise,FALSE
Italian Men A3,2023-2024,11/11/2023 ,Plus Volleyball Sabaudia,Avimecc Modica,0,3,0-3,3,Avimecc Modica,Avimecc Modica,Plus Volleyball Sabaudia,FALSE
Italian Men A3,2023-2024,19/11/2023 ,Smartsystem Fano,Rinascita Lagonegro,3,0,3-0,3,Smartsystem Fano,Smartsystem Fano,Rinascita Lagonegro,FALSE
Italian Men A3,2023-2024,19/11/2023 ,Banca Macerata,Aurispa DelCar Lecce,3,1,3-1,4,Banca Macerata,Banca Macerata,Aurispa DelCar Lecce,FALSE
Italian Men A3,2023-2024,19/11/2023 ,Leo Shoes Casarano,Plus Volleyball Sabaudia,2,3,2-3,5,Plus Volleyball Sabaudia,Plus Volleyball Sabaudia,Leo Shoes Casarano,FALSE
Italian Men A3,2023-2024,19/11/2023 ,Shedirpharma Sorrento,OmiFer Palmi,3,1,3-1,4,Shedirpharma Sorrento,Shedirpharma Sorrento,OmiFer Palmi,FALSE
Italian Men A3,2023-2024,19/11/2023 ,QuantWare Napoli,Erm Group San Giustino,1,3,1-3,4,Erm Group San Giustino,QuantWare Napoli,Erm Group San Giustino,TRUE
Italian Men A3,2023-2024,19/11/2023 ,Tim Montaggi Marcianise,Avimecc Modica,0,3,0-3,3,Avimecc Modica,Avimecc Modica,Tim Montaggi Marcianise,FALSE
Italian Men A3,2023-2024,26/11/2023 ,OmiFer Palmi,Smartsystem Fano,3,0,3-0,3,OmiFer Palmi,OmiFer Palmi,Smartsystem Fano,FALSE
Italian Men A3,2023-2024,26/11/2023 ,Rinascita Lagonegro,QuantWare Napoli,3,0,3-0,3,Rinascita Lagonegro,Rinascita Lagonegro,QuantWare Napoli,FALSE
Italian Men A3,2023-2024,25/11/2023 ,Aurispa DelCar Lecce,Tim Montaggi Marcianise,3,0,3-0,3,Aurispa DelCar Lecce,Aurispa DelCar Lecce,Tim Montaggi Marcianise,FALSE
Italian Men A3,2023-2024,25/11/2023 ,Just British Bari,Shedirpharma Sorrento,3,1,3-1,4,Just British Bari,Shedirpharma Sorrento,Just British Bari,TRUE
Italian Men A3,2023-2024,26/11/2023 ,Avimecc Modica,Leo Shoes Casarano,3,2,3-2,5,Avimecc Modica,Leo Shoes Casarano,Avimecc Modica,TRUE
Italian Men A3,2023-2024,26/11/2023 ,Plus Volleyball Sabaudia,Banca Macerata,0,3,0-3,3,Banca Macerata,Banca Macerata,Plus Volleyball Sabaudia,FALSE
Italian Men A3,2023-2024,3/12/2023 ,Smartsystem Fano,Avimecc Modica,3,1,3-1,4,Smartsystem Fano,Smartsystem Fano,Avimecc Modica,FALSE
Italian Men A3,2023-2024,3/12/2023 ,Leo Shoes Casarano,OmiFer Palmi,2,3,2-3,5,OmiFer Palmi,Leo Shoes Casarano,OmiFer Palmi,TRUE
Italian Men A3,2023-2024,3/12/2023 ,Erm Group San Giustino,Aurispa DelCar Lecce,3,2,3-2,5,Erm Group San Giustino,Aurispa DelCar Lecce,Erm Group San Giustino,TRUE
Italian Men A3,2023-2024,3/12/2023 ,Shedirpharma Sorrento,Banca Macerata,1,3,1-3,4,Banca Macerata,Shedirpharma Sorrento,Banca Macerata,TRUE
Italian Men A3,2023-2024,2/12/2023 ,QuantWare Napoli,Plus Volleyball Sabaudia,3,1,3-1,4,QuantWare Napoli,QuantWare Napoli,Plus Volleyball Sabaudia,FALSE
Italian Men A3,2023-2024,3/12/2023 ,Tim Montaggi Marcianise,Just British Bari,3,2,3-2,5,Tim Montaggi Marcianise,Tim Montaggi Marcianise,Just British Bari,FALSE
Italian Men A3,2023-2024,7/12/2023 ,Banca Macerata,Smartsystem Fano,3,0,3-0,3,Banca Macerata,Banca Macerata,Smartsystem Fano,FALSE
Italian Men A3,2023-2024,6/12/2023 ,OmiFer Palmi,QuantWare Napoli,3,0,3-0,3,OmiFer Palmi,OmiFer Palmi,QuantWare Napoli,FALSE
Italian Men A3,2023-2024,7/12/2023 ,Aurispa DelCar Lecce,Leo Shoes Casarano,1,3,1-3,4,Leo Shoes Casarano,Leo Shoes Casarano,Aurispa DelCar Lecce,FALSE
Italian Men A3,2023-2024,6/12/2023 ,Just British Bari,Rinascita Lagonegro,0,3,0-3,3,Rinascita Lagonegro,Rinascita Lagonegro,Just British Bari,FALSE
Italian Men A3,2023-2024,6/12/2023 ,Shedirpharma Sorrento,Tim Montaggi Marcianise,3,0,3-0,3,Shedirpharma Sorrento,Shedirpharma Sorrento,Tim Montaggi Marcianise,FALSE
Italian Men A3,2023-2024,7/12/2023 ,Plus Volleyball Sabaudia,Erm Group San Giustino,1,3,1-3,4,Erm Group San Giustino,Erm Group San Giustino,Plus Volleyball Sabaudia,FALSE
Italian Men A3,2023-2024,10/12/2023 ,Rinascita Lagonegro,Plus Volleyball Sabaudia,3,0,3-0,3,Rinascita Lagonegro,Rinascita Lagonegro,Plus Volleyball Sabaudia,FALSE
Italian Men A3,2023-2024,10/12/2023 ,Leo Shoes Casarano,Shedirpharma Sorrento,3,1,3-1,4,Leo Shoes Casarano,Leo Shoes Casarano,Shedirpharma Sorrento,FALSE
Italian Men A3,2023-2024,10/12/2023 ,Erm Group San Giustino,OmiFer Palmi,1,3,1-3,4,OmiFer Palmi,Erm Group San Giustino,OmiFer Palmi,TRUE
Italian Men A3,2023-2024,10/12/2023 ,Avimecc Modica,Just British Bari,3,0,3-0,3,Avimecc Modica,Avimecc Modica,Just British Bari,FALSE
Italian Men A3,2023-2024,10/12/2023 ,QuantWare Napoli,Aurispa DelCar Lecce,3,2,3-2,5,QuantWare Napoli,QuantWare Napoli,Aurispa DelCar Lecce,FALSE
Italian Men A3,2023-2024,10/12/2023 ,Tim Montaggi Marcianise,Banca Macerata,2,3,2-3,5,Banca Macerata,Tim Montaggi Marcianise,Banca Macerata,TRUE
Italian Men A3,2023-2024,17/12/2023 ,Smartsystem Fano,Tim Montaggi Marcianise,3,0,3-0,3,Smartsystem Fano,Smartsystem Fano,Tim Montaggi Marcianise,FALSE
Italian Men A3,2023-2024,17/12/2023 ,Banca Macerata,Avimecc Modica,3,0,3-0,3,Banca Macerata,Banca Macerata,Avimecc Modica,FALSE
Italian Men A3,2023-2024,17/12/2023 ,OmiFer Palmi,Rinascita Lagonegro,3,0,3-0,3,OmiFer Palmi,OmiFer Palmi,Rinascita Lagonegro,FALSE
Italian Men A3,2023-2024,16/12/2023 ,Just British Bari,QuantWare Napoli,3,2,3-2,5,Just British Bari,Just British Bari,QuantWare Napoli,FALSE
Italian Men A3,2023-2024,17/12/2023 ,Shedirpharma Sorrento,Erm Group San Giustino,3,2,3-2,5,Shedirpharma Sorrento,Shedirpharma Sorrento,Erm Group San Giustino,FALSE
Italian Men A3,2023-2024,17/12/2023 ,Plus Volleyball Sabaudia,Aurispa DelCar Lecce,2,3,2-3,5,Aurispa DelCar Lecce,Aurispa DelCar Lecce,Plus Volleyball Sabaudia,FALSE
Italian Men A3,2023-2024,26/12/2023 ,Rinascita Lagonegro,Leo Shoes Casarano,2,3,2-3,5,Leo Shoes Casarano,Leo Shoes Casarano,Rinascita Lagonegro,FALSE
Italian Men A3,2023-2024,23/12/2023 ,Aurispa DelCar Lecce,Just British Bari,3,1,3-1,4,Aurispa DelCar Lecce,Aurispa DelCar Lecce,Just British Bari,FALSE
Italian Men A3,2023-2024,26/12/2023 ,Erm Group San Giustino,Smartsystem Fano,3,1,3-1,4,Erm Group San Giustino,Erm Group San Giustino,Smartsystem Fano,FALSE
Italian Men A3,2023-2024,26/12/2023 ,Avimecc Modica,OmiFer Palmi,0,3,0-3,3,OmiFer Palmi,OmiFer Palmi,Avimecc Modica,FALSE
Italian Men A3,2023-2024,26/12/2023 ,QuantWare Napoli,Shedirpharma Sorrento,0,3,0-3,3,Shedirpharma Sorrento,Shedirpharma Sorrento,QuantWare Napoli,FALSE
Italian Men A3,2023-2024,26/12/2023 ,Tim Montaggi Marcianise,Plus Volleyball Sabaudia,3,2,3-2,5,Tim Montaggi Marcianise,Plus Volleyball Sabaudia,Tim Montaggi Marcianise,TRUE
Italian Men A3,2023-2024,30/12/2023 ,Just British Bari,Banca Macerata,2,3,2-3,5,Banca Macerata,Just British Bari,Banca Macerata,TRUE
Italian Men A3,2023-2024,30/12/2023 ,Smartsystem Fano,Aurispa DelCar Lecce,3,1,3-1,4,Smartsystem Fano,Smartsystem Fano,Aurispa DelCar Lecce,FALSE
Italian Men A3,2023-2024,30/12/2023 ,Leo Shoes Casarano,Erm Group San Giustino,3,2,3-2,5,Leo Shoes Casarano,Erm Group San Giustino,Leo Shoes Casarano,TRUE
Italian Men A3,2023-2024,30/12/2023 ,Rinascita Lagonegro,Avimecc Modica,3,0,3-0,3,Rinascita Lagonegro,Rinascita Lagonegro,Avimecc Modica,FALSE
Italian Men A3,2023-2024,29/12/2023 ,Tim Montaggi Marcianise,QuantWare Napoli,2,3,2-3,5,QuantWare Napoli,QuantWare Napoli,Tim Montaggi Marcianise,FALSE
Italian Men A3,2023-2024,30/12/2023 ,Shedirpharma Sorrento,Plus Volleyball Sabaudia,3,2,3-2,5,Shedirpharma Sorrento,Shedirpharma Sorrento,Plus Volleyball Sabaudia,FALSE
Italian Men A3,2023-2024,7/1/2024 ,QuantWare Napoli,Smartsystem Fano,2,3,2-3,5,Smartsystem Fano,QuantWare Napoli,Smartsystem Fano,TRUE
Italian Men A3,2023-2024,7/1/2024 ,Aurispa DelCar Lecce,OmiFer Palmi,1,3,1-3,4,OmiFer Palmi,OmiFer Palmi,Aurispa DelCar Lecce,FALSE
Italian Men A3,2023-2024,7/1/2024 ,Erm Group San Giustino,Rinascita Lagonegro,3,1,3-1,4,Erm Group San Giustino,Erm Group San Giustino,Rinascita Lagonegro,FALSE
Italian Men A3,2023-2024,14/2/2024 ,Banca Macerata,Leo Shoes Casarano,2,3,2-3,5,Leo Shoes Casarano,Banca Macerata,Leo Shoes Casarano,TRUE
Italian Men A3,2023-2024,6/1/2024 ,Plus Volleyball Sabaudia,Just British Bari,3,0,3-0,3,Plus Volleyball Sabaudia,Plus Volleyball Sabaudia,Just British Bari,FALSE
Italian Men A3,2023-2024,7/1/2024 ,Avimecc Modica,Shedirpharma Sorrento,3,0,3-0,3,Avimecc Modica,Avimecc Modica,Shedirpharma Sorrento,FALSE
Italian Men A3,2023-2024,14/1/2024 ,QuantWare Napoli,Banca Macerata,1,3,1-3,4,Banca Macerata,Banca Macerata,QuantWare Napoli,FALSE
Italian Men A3,2023-2024,14/1/2024 ,Rinascita Lagonegro,Aurispa DelCar Lecce,3,1,3-1,4,Rinascita Lagonegro,Rinascita Lagonegro,Aurispa DelCar Lecce,FALSE
Italian Men A3,2023-2024,14/1/2024 ,Smartsystem Fano,Just British Bari,3,2,3-2,5,Smartsystem Fano,Just British Bari,Smartsystem Fano,TRUE
Italian Men A3,2023-2024,14/1/2024 ,Erm Group San Giustino,Avimecc Modica,3,2,3-2,5,Erm Group San Giustino,Avimecc Modica,Erm Group San Giustino,TRUE
Italian Men A3,2023-2024,31/1/2024 ,Leo Shoes Casarano,Tim Montaggi Marcianise,2,3,2-3,5,Tim Montaggi Marcianise,Leo Shoes Casarano,Tim Montaggi Marcianise,TRUE
Italian Men A3,2023-2024,14/1/2024 ,OmiFer Palmi,Plus Volleyball Sabaudia,1,3,1-3,4,Plus Volleyball Sabaudia,Plus Volleyball Sabaudia,OmiFer Palmi,FALSE
Italian Men A3,2023-2024,20/1/2024 ,Plus Volleyball Sabaudia,Smartsystem Fano,3,2,3-2,5,Plus Volleyball Sabaudia,Smartsystem Fano,Plus Volleyball Sabaudia,TRUE
Italian Men A3,2023-2024,21/1/2024 ,Tim Montaggi Marcianise,OmiFer Palmi,3,2,3-2,5,Tim Montaggi Marcianise,Tim Montaggi Marcianise,OmiFer Palmi,FALSE
Italian Men A3,2023-2024,20/1/2024 ,Shedirpharma Sorrento,Rinascita Lagonegro,0,3,0-3,3,Rinascita Lagonegro,Rinascita Lagonegro,Shedirpharma Sorrento,FALSE
Italian Men A3,2023-2024,20/1/2024 ,Just British Bari,Leo Shoes Casarano,3,0,3-0,3,Just British Bari,Just British Bari,Leo Shoes Casarano,FALSE
Italian Men A3,2023-2024,21/1/2024 ,Banca Macerata,Erm Group San Giustino,3,1,3-1,4,Banca Macerata,Erm Group San Giustino,Banca Macerata,TRUE
Italian Men A3,2023-2024,21/1/2024 ,Avimecc Modica,QuantWare Napoli,2,3,2-3,5,QuantWare Napoli,Avimecc Modica,QuantWare Napoli,TRUE
Italian Men A3,2023-2024,28/1/2024 ,OmiFer Palmi,Banca Macerata,3,2,3-2,5,OmiFer Palmi,Banca Macerata,OmiFer Palmi,TRUE
Italian Men A3,2023-2024,27/1/2024 ,QuantWare Napoli,Leo Shoes Casarano,3,1,3-1,4,QuantWare Napoli,QuantWare Napoli,Leo Shoes Casarano,FALSE
Italian Men A3,2023-2024,28/1/2024 ,Erm Group San Giustino,Just British Bari,3,0,3-0,3,Erm Group San Giustino,Erm Group San Giustino,Just British Bari,FALSE
Italian Men A3,2023-2024,28/1/2024 ,Aurispa DelCar Lecce,Avimecc Modica,0,3,0-3,3,Avimecc Modica,Avimecc Modica,Aurispa DelCar Lecce,FALSE
Italian Men A3,2023-2024,27/1/2024 ,Smartsystem Fano,Shedirpharma Sorrento,3,1,3-1,4,Smartsystem Fano,Smartsystem Fano,Shedirpharma Sorrento,FALSE
Italian Men A3,2023-2024,27/1/2024 ,Rinascita Lagonegro,Tim Montaggi Marcianise,3,0,3-0,3,Rinascita Lagonegro,Rinascita Lagonegro,Tim Montaggi Marcianise,FALSE
Italian Men A3,2023-2024,4/2/2024 ,Leo Shoes Casarano,Smartsystem Fano,3,2,3-2,5,Leo Shoes Casarano,Smartsystem Fano,Leo Shoes Casarano,TRUE
Italian Men A3,2023-2024,3/2/2024 ,Just British Bari,OmiFer Palmi,0,3,0-3,3,OmiFer Palmi,OmiFer Palmi,Just British Bari,FALSE
Italian Men A3,2023-2024,3/2/2024 ,Banca Macerata,Rinascita Lagonegro,3,0,3-0,3,Banca Macerata,Banca Macerata,Rinascita Lagonegro,FALSE
Italian Men A3,2023-2024,4/2/2024 ,Shedirpharma Sorrento,Aurispa DelCar Lecce,0,3,0-3,3,Aurispa DelCar Lecce,Aurispa DelCar Lecce,Shedirpharma Sorrento,FALSE
Italian Men A3,2023-2024,4/2/2024 ,Tim Montaggi Marcianise,Erm Group San Giustino,0,3,0-3,3,Erm Group San Giustino,Erm Group San Giustino,Tim Montaggi Marcianise,FALSE
Italian Men A3,2023-2024,4/2/2024 ,Avimecc Modica,Plus Volleyball Sabaudia,1,3,1-3,4,Plus Volleyball Sabaudia,Plus Volleyball Sabaudia,Avimecc Modica,FALSE
Italian Men A3,2023-2024,11/2/2024 ,Rinascita Lagonegro,Smartsystem Fano,3,1,3-1,4,Rinascita Lagonegro,Rinascita Lagonegro,Smartsystem Fano,FALSE
Italian Men A3,2023-2024,11/2/2024 ,Aurispa DelCar Lecce,Banca Macerata,3,1,3-1,4,Aurispa DelCar Lecce,Aurispa DelCar Lecce,Banca Macerata,FALSE
Italian Men A3,2023-2024,11/2/2024 ,Plus Volleyball Sabaudia,Leo Shoes Casarano,3,1,3-1,4,Plus Volleyball Sabaudia,Plus Volleyball Sabaudia,Leo Shoes Casarano,FALSE
Italian Men A3,2023-2024,10/2/2024 ,OmiFer Palmi,Shedirpharma Sorrento,3,1,3-1,4,OmiFer Palmi,OmiFer Palmi,Shedirpharma Sorrento,FALSE
Italian Men A3,2023-2024,11/2/2024 ,Erm Group San Giustino,QuantWare Napoli,3,0,3-0,3,Erm Group San Giustino,Erm Group San Giustino,QuantWare Napoli,FALSE
Italian Men A3,2023-2024,11/2/2024 ,Avimecc Modica,Tim Montaggi Marcianise,3,1,3-1,4,Avimecc Modica,Avimecc Modica,Tim Montaggi Marcianise,FALSE
Italian Men A3,2023-2024,18/2/2024 ,Smartsystem Fano,OmiFer Palmi,3,1,3-1,4,Smartsystem Fano,Smartsystem Fano,OmiFer Palmi,FALSE
Italian Men A3,2023-2024,18/2/2024 ,QuantWare Napoli,Rinascita Lagonegro,1,3,1-3,4,Rinascita Lagonegro,Rinascita Lagonegro,QuantWare Napoli,FALSE
Italian Men A3,2023-2024,17/2/2024 ,Tim Montaggi Marcianise,Aurispa DelCar Lecce,0,3,0-3,3,Aurispa DelCar Lecce,Aurispa DelCar Lecce,Tim Montaggi Marcianise,FALSE
Italian Men A3,2023-2024,18/2/2024 ,Shedirpharma Sorrento,Just British Bari,3,0,3-0,3,Shedirpharma Sorrento,Shedirpharma Sorrento,Just British Bari,FALSE
Italian Men A3,2023-2024,18/2/2024 ,Leo Shoes Casarano,Avimecc Modica,1,3,1-3,4,Avimecc Modica,Avimecc Modica,Leo Shoes Casarano,FALSE
Italian Men A3,2023-2024,18/2/2024 ,Banca Macerata,Plus Volleyball Sabaudia,3,0,3-0,3,Banca Macerata,Banca Macerata,Plus Volleyball Sabaudia,FALSE
Italian Men A3,2023-2024,24/2/2024 ,Avimecc Modica,Smartsystem Fano,1,3,1-3,4,Smartsystem Fano,Smartsystem Fano,Avimecc Modica,FALSE
Italian Men A3,2023-2024,24/2/2024 ,OmiFer Palmi,Leo Shoes Casarano,3,1,3-1,4,OmiFer Palmi,OmiFer Palmi,Leo Shoes Casarano,FALSE
Italian Men A3,2023-2024,25/2/2024 ,Aurispa DelCar Lecce,Erm Group San Giustino,2,3,2-3,5,Erm Group San Giustino,Aurispa DelCar Lecce,Erm Group San Giustino,TRUE
Italian Men A3,2023-2024,25/2/2024 ,Banca Macerata,Shedirpharma Sorrento,3,1,3-1,4,Banca Macerata,Shedirpharma Sorrento,Banca Macerata,TRUE
Italian Men A3,2023-2024,24/2/2024 ,Plus Volleyball Sabaudia,QuantWare Napoli,3,1,3-1,4,Plus Volleyball Sabaudia,Plus Volleyball Sabaudia,QuantWare Napoli,FALSE
Italian Men A3,2023-2024,24/2/2024 ,Just British Bari,Tim Montaggi Marcianise,2,3,2-3,5,Tim Montaggi Marcianise,Just British Bari,Tim Montaggi Marcianise,TRUE
Italian Men A3,2023-2024,28/2/2024 ,Smartsystem Fano,Banca Macerata,3,0,3-0,3,Smartsystem Fano,Smartsystem Fano,Banca Macerata,FALSE
Italian Men A3,2023-2024,28/2/2024 ,QuantWare Napoli,OmiFer Palmi,3,1,3-1,4,QuantWare Napoli,QuantWare Napoli,OmiFer Palmi,FALSE
Italian Men A3,2023-2024,28/2/2024 ,Leo Shoes Casarano,Aurispa DelCar Lecce,3,2,3-2,5,Leo Shoes Casarano,Aurispa DelCar Lecce,Leo Shoes Casarano,TRUE
Italian Men A3,2023-2024,1/3/2024 ,Rinascita Lagonegro,Just British Bari,3,1,3-1,4,Rinascita Lagonegro,Rinascita Lagonegro,Just British Bari,FALSE
Italian Men A3,2023-2024,28/2/2024 ,Tim Montaggi Marcianise,Shedirpharma Sorrento,2,3,2-3,5,Shedirpharma Sorrento,Tim Montaggi Marcianise,Shedirpharma Sorrento,TRUE
Italian Men A3,2023-2024,28/2/2024 ,Erm Group San Giustino,Plus Volleyball Sabaudia,2,3,2-3,5,Plus Volleyball Sabaudia,Plus Volleyball Sabaudia,Erm Group San Giustino,FALSE
Italian Men A3,2023-2024,10/3/2024 ,Plus Volleyball Sabaudia,Rinascita Lagonegro,0,3,0-3,3,Rinascita Lagonegro,Rinascita Lagonegro,Plus Volleyball Sabaudia,FALSE
Italian Men A3,2023-2024,10/3/2024 ,Shedirpharma Sorrento,Leo Shoes Casarano,3,2,3-2,5,Shedirpharma Sorrento,Shedirpharma Sorrento,Leo Shoes Casarano,FALSE
Italian Men A3,2023-2024,10/3/2024 ,OmiFer Palmi,Erm Group San Giustino,3,2,3-2,5,OmiFer Palmi,OmiFer Palmi,Erm Group San Giustino,FALSE
Italian Men A3,2023-2024,9/3/2024 ,Just British Bari,Avimecc Modica,1,3,1-3,4,Avimecc Modica,Avimecc Modica,Just British Bari,FALSE
Italian Men A3,2023-2024,10/3/2024 ,Aurispa DelCar Lecce,QuantWare Napoli,3,0,3-0,3,Aurispa DelCar Lecce,Aurispa DelCar Lecce,QuantWare Napoli,FALSE
Italian Men A3,2023-2024,10/3/2024 ,Banca Macerata,Tim Montaggi Marcianise,3,0,3-0,3,Banca Macerata,Banca Macerata,Tim Montaggi Marcianise,FALSE
Italian Men A3,2023-2024,17/3/2024 ,Tim Montaggi Marcianise,Smartsystem Fano,0,3,0-3,3,Smartsystem Fano,Smartsystem Fano,Tim Montaggi Marcianise,FALSE
Italian Men A3,2023-2024,17/3/2024 ,Avimecc Modica,Banca Macerata,0,3,0-3,3,Banca Macerata,Banca Macerata,Avimecc Modica,FALSE
Italian Men A3,2023-2024,17/3/2024 ,Rinascita Lagonegro,OmiFer Palmi,1,3,1-3,4,OmiFer Palmi,OmiFer Palmi,Rinascita Lagonegro,FALSE
Italian Men A3,2023-2024,16/3/2024 ,QuantWare Napoli,Just British Bari,3,0,3-0,3,QuantWare Napoli,QuantWare Napoli,Just British Bari,FALSE
Italian Men A3,2023-2024,17/3/2024 ,Erm Group San Giustino,Shedirpharma Sorrento,3,1,3-1,4,Erm Group San Giustino,Shedirpharma Sorrento,Erm Group San Giustino,TRUE
Italian Men A3,2023-2024,17/3/2024 ,Aurispa DelCar Lecce,Plus Volleyball Sabaudia,3,1,3-1,4,Aurispa DelCar Lecce,Aurispa DelCar Lecce,Plus Volleyball Sabaudia,FALSE
Italian Men A3,2023-2024,24/3/2024 ,Leo Shoes Casarano,Rinascita Lagonegro,2,3,2-3,5,Rinascita Lagonegro,Rinascita Lagonegro,Leo Shoes Casarano,FALSE
Italian Men A3,2023-2024,24/3/2024 ,Just British Bari,Aurispa DelCar Lecce,3,1,3-1,4,Just British Bari,Just British Bari,Aurispa DelCar Lecce,FALSE
Italian Men A3,2023-2024,24/3/2024 ,Smartsystem Fano,Erm Group San Giustino,3,0,3-0,3,Smartsystem Fano,Smartsystem Fano,Erm Group San Giustino,FALSE
Italian Men A3,2023-2024,24/3/2024 ,OmiFer Palmi,Avimecc Modica,3,1,3-1,4,OmiFer Palmi,OmiFer Palmi,Avimecc Modica,FALSE
Italian Men A3,2023-2024,24/3/2024 ,Shedirpharma Sorrento,QuantWare Napoli,3,1,3-1,4,Shedirpharma Sorrento,Shedirpharma Sorrento,QuantWare Napoli,FALSE
Italian Men A3,2023-2024,24/3/2024 ,Plus Volleyball Sabaudia,Tim Montaggi Marcianise,3,1,3-1,4,Plus Volleyball Sabaudia,Plus Volleyball Sabaudia,Tim Montaggi Marcianise,FALSE
Italian Men A3,2023-2024,1/4/2024 ,Negrini CTE Acqui Terme,Belluno Volley,2,3,2-3,5,Belluno Volley,Negrini CTE Acqui Terme,Belluno Volley,TRUE
Italian Men A3,2023-2024,1/4/2024 ,Senini Motta di Livenza,Monge Gerbaudo Savigliano,3,1,3-1,4,Senini Motta di Livenza,Senini Motta di Livenza,Monge Gerbaudo Savigliano,FALSE
Italian Men A3,2023-2024,3/4/2024 ,CUS Cagliari,Personal Time San Donà di Piave,2,3,2-3,5,Personal Time San Donà di Piave,Personal Time San Donà di Piave,CUS Cagliari,FALSE
Italian Men A3,2023-2024,2/4/2024 ,Avimecc Modica,Smartsystem Fano,1,3,1-3,4,Smartsystem Fano,Smartsystem Fano,Avimecc Modica,FALSE
Italian Men A3,2023-2024,3/4/2024 ,Erm Group San Giustino,OmiFer Palmi,1,3,1-3,4,OmiFer Palmi,OmiFer Palmi,Erm Group San Giustino,FALSE
Italian Men A3,2023-2024,31/3/2024 ,Aurispa DelCar Lecce,Rinascita Lagonegro,0,3,0-3,3,Rinascita Lagonegro,Rinascita Lagonegro,Aurispa DelCar Lecce,FALSE
Italian Men A3,2023-2024,7/4/2024 ,Belluno Volley,Negrini CTE Acqui Terme,3,0,3-0,3,Belluno Volley,Belluno Volley,Negrini CTE Acqui Terme,FALSE
Italian Men A3,2023-2024,6/4/2024 ,Monge Gerbaudo Savigliano,Senini Motta di Livenza,2,3,2-3,5,Senini Motta di Livenza,Monge Gerbaudo Savigliano,Senini Motta di Livenza,TRUE
Italian Men A3,2023-2024,6/4/2024 ,Personal Time San Donà di Piave,CUS Cagliari,3,1,3-1,4,Personal Time San Donà di Piave,Personal Time San Donà di Piave,CUS Cagliari,FALSE
Italian Men A3,2023-2024,7/4/2024 ,Smartsystem Fano,Avimecc Modica,3,1,3-1,4,Smartsystem Fano,Avimecc Modica,Smartsystem Fano,TRUE
Italian Men A3,2023-2024,7/4/2024 ,OmiFer Palmi,Erm Group San Giustino,3,1,3-1,4,OmiFer Palmi,OmiFer Palmi,Erm Group San Giustino,FALSE
Italian Men A3,2023-2024,7/4/2024 ,Rinascita Lagonegro,Aurispa DelCar Lecce,3,2,3-2,5,Rinascita Lagonegro,Rinascita Lagonegro,Aurispa DelCar Lecce,FALSE
Italian Men A3,2023-2024,14/4/2024 ,Belluno Volley,OmiFer Palmi,3,1,3-1,4,Belluno Volley,Belluno Volley,OmiFer Palmi,FALSE
Italian Men A3,2023-2024,14/4/2024 ,Rinascita Lagonegro,Personal Time San Donà di Piave,1,3,1-3,4,Personal Time San Donà di Piave,Rinascita Lagonegro,Personal Time San Donà di Piave,TRUE
Italian Men A3,2023-2024,14/4/2024 ,Smartsystem Fano,Senini Motta di Livenza,3,0,3-0,3,Smartsystem Fano,Smartsystem Fano,Senini Motta di Livenza,FALSE
Italian Men A3,2023-2024,21/4/2024 ,OmiFer Palmi,Belluno Volley,0,3,0-3,3,Belluno Volley,Belluno Volley,OmiFer Palmi,FALSE
Italian Men A3,2023-2024,20/4/2024 ,Personal Time San Donà di Piave,Rinascita Lagonegro,3,1,3-1,4,Personal Time San Donà di Piave,Personal Time San Donà di Piave,Rinascita Lagonegro,FALSE
Italian Men A3,2023-2024,20/4/2024 ,Senini Motta di Livenza,Smartsystem Fano,2,3,2-3,5,Smartsystem Fano,Senini Motta di Livenza,Smartsystem Fano,TRUE
Italian Men A3,2023-2024,28/4/2024 ,Gabbiano Mantova,Personal Time San Donà di Piave,0,3,0-3,3,Personal Time San Donà di Piave,Personal Time San Donà di Piave,Gabbiano Mantova,FALSE
Italian Men A3,2023-2024,28/4/2024 ,Smartsystem Fano,Belluno Volley,3,0,3-0,3,Smartsystem Fano,Smartsystem Fano,Belluno Volley,FALSE
Italian Men A3,2023-2024,1/5/2024 ,Personal Time San Donà di Piave,Gabbiano Mantova,3,1,3-1,4,Personal Time San Donà di Piave,Gabbiano Mantova,Personal Time San Donà di Piave,TRUE
Italian Men A3,2023-2024,1/5/2024 ,Belluno Volley,Smartsystem Fano,3,1,3-1,4,Belluno Volley,Smartsystem Fano,Belluno Volley,TRUE
Italian Men A3,2023-2024,5/5/2024 ,Smartsystem Fano,Belluno Volley,3,1,3-1,4,Smartsystem Fano,Smartsystem Fano,Belluno Volley,FALSE
Italian Men A3,2023-2024,12/5/2024 ,Smartsystem Fano,Personal Time San Donà di Piave,3,1,3-1,4,Smartsystem Fano,Personal Time San Donà di Piave,Smartsystem Fano,TRUE
Italian Men A3,2023-2024,18/5/2024 ,Personal Time San Donà di Piave,Smartsystem Fano,2,3,2-3,5,Smartsystem Fano,Smartsystem Fano,Personal Time San Donà di Piave,FALSE
Italian Men A3,2023-2024,7/4/2024 ,Gabbiano Mantova,Banca Macerata,3,1,3-1,4,Gabbiano Mantova,Gabbiano Mantova,Banca Macerata,FALSE
Italian Men A3,2023-2024,14/4/2024 ,Banca Macerata,Gabbiano Mantova,3,2,3-2,5,Banca Macerata,Gabbiano Mantova,Banca Macerata,TRUE
Italian Men A3,2023-2024,21/4/2024 ,Gabbiano Mantova,Banca Macerata,0,3,0-3,3,Banca Macerata,Banca Macerata,Gabbiano Mantova,FALSE
Italian Men A3,2023-2024,1/4/2024 ,Geetit Bologna,Stadium Mirandola,3,0,3-0,3,Geetit Bologna,Geetit Bologna,Stadium Mirandola,FALSE
Italian Men A3,2023-2024,7/4/2024 ,Stadium Mirandola,Geetit Bologna,0,3,0-3,3,Geetit Bologna,Geetit Bologna,Stadium Mirandola,FALSE
Italian Men A3,2023-2024,14/4/2024 ,Leo Shoes Casarano,QuantWare Napoli,1,3,1-3,4,QuantWare Napoli,Leo Shoes Casarano,QuantWare Napoli,TRUE
Italian Men A3,2023-2024,21/4/2024 ,QuantWare Napoli,Leo Shoes Casarano,3,2,3-2,5,QuantWare Napoli,QuantWare Napoli,Leo Shoes Casarano,FALSE
Italian Men A3,2023-2024,10/1/2024 ,Gabbiano Mantova,CUS Cagliari,3,0,3-0,3,Gabbiano Mantova,Gabbiano Mantova,CUS Cagliari,FALSE
Italian Men A3,2023-2024,10/1/2024 ,Erm Group San Giustino,Smartsystem Fano,0,3,0-3,3,Smartsystem Fano,Smartsystem Fano,Erm Group San Giustino,FALSE
Italian Men A3,2023-2024,9/1/2024 ,Banca Macerata,OmiFer Palmi,2,3,2-3,5,OmiFer Palmi,OmiFer Palmi,Banca Macerata,FALSE
Italian Men A3,2023-2024,10/1/2024 ,Personal Time San Donà di Piave,Monge Gerbaudo Savigliano,2,3,2-3,5,Monge Gerbaudo Savigliano,Personal Time San Donà di Piave,Monge Gerbaudo Savigliano,TRUE
Italian Men A3,2023-2024,2/3/2024 ,Gabbiano Mantova,Smartsystem Fano,1,3,1-3,4,Smartsystem Fano,Smartsystem Fano,Gabbiano Mantova,FALSE
Italian Men A3,2023-2024,2/3/2024 ,Monge Gerbaudo Savigliano,OmiFer Palmi,0,3,0-3,3,OmiFer Palmi,OmiFer Palmi,Monge Gerbaudo Savigliano,FALSE
Italian Men A3,2023-2024,3/3/2024 ,Smartsystem Fano,OmiFer Palmi,1,3,1-3,4,OmiFer Palmi,OmiFer Palmi,Smartsystem Fano,FALSE
Italian Men A3,2023-2024,30/3/2024 ,Gabbiano Mantova,OmiFer Palmi,1,3,1-3,4,OmiFer Palmi,OmiFer Palmi,Gabbiano Mantova,FALSE
